trial_num,param:noise,method,F1,precision,recall,runtime
5,1.0,secret,0.001,0.001,0.001,12.104669066270192
5,1.0,cossu,0.001,0.001,0.001,na
5,1.0,squish,0.001,0.001,0.001,na
5,1.0,sqs,0.001,0.001,0.001,na
5,1.0,poerma,-0.01,-0.01,-0.01,na
5,1.0,tns,0.060197220574222894,0.053042328042328044,0.06958333333333333,na
5,1.0,sqsrules_splitall,0.001,0.001,0.001,na
5,1.0,sqsrules_splitgreedy,0.001,0.001,0.001,na
5,1.0,sqsrules_greedywoalph,0.001,0.001,0.001,na
5,1.0,sqsrules_filter,0.001,0.001,0.001,na
5,1.0,sqsrules_greedyalph,-0.01,-0.01,-0.01,na
19,0.2,secret,0.9404761904761904,0.9404761904761904,0.9404761904761905,33.84240790208181
19,0.2,cossu,-0.01,-0.01,-0.01,na
19,0.2,squish,-0.01,-0.01,-0.01,na
19,0.2,sqs,0.5113636363636364,0.36684782608695654,0.84375,na
19,0.2,poerma,0.14936549223614726,0.08203463203463204,0.8333333333333333,na
19,0.2,tns,0.5704557249347975,0.560997732426304,0.5802380952380952,na
19,0.2,sqsrules_splitall,0.5113636363636364,0.36684782608695654,0.84375,na
19,0.2,sqsrules_splitgreedy,0.7848837209302325,0.7336956521739131,0.84375,na
19,0.2,sqsrules_greedywoalph,0.6560060089497081,0.6848845598845599,0.6294642857142856,na
19,0.2,sqsrules_filter,-0.01,-0.01,-0.01,na
19,0.2,sqsrules_greedyalph,-0.01,-0.01,-0.01,na
7,1.0,secret,0.001,0.001,0.001,12.371798888842266
7,1.0,cossu,0.001,0.001,0.001,na
7,1.0,squish,0.001,0.001,0.001,na
7,1.0,sqs,0.001,0.001,0.001,na
7,1.0,poerma,-0.01,-0.01,-0.01,na
7,1.0,tns,0.09365223715111731,0.08656462585034014,0.10200396825396826,na
7,1.0,sqsrules_splitall,0.001,0.001,0.001,na
7,1.0,sqsrules_splitgreedy,0.001,0.001,0.001,na
7,1.0,sqsrules_greedywoalph,0.001,0.001,0.001,na
7,1.0,sqsrules_filter,0.001,0.001,0.001,na
7,1.0,sqsrules_greedyalph,-0.01,-0.01,-0.01,na
13,0.4,secret,0.9394841269841269,0.9394841269841269,0.9394841269841269,29.0177823583285
13,0.4,cossu,-0.01,-0.01,-0.01,na
13,0.4,squish,0.5921052631578947,0.4560810810810811,0.84375,na
13,0.4,sqs,0.5532786885245901,0.4115853658536585,0.84375,na
13,0.4,poerma,0.10278244833758204,0.05476878612716764,0.8333333333333333,na
13,0.4,tns,0.5624413263806669,0.5531746031746033,0.5720238095238095,na
13,0.4,sqsrules_splitall,0.5532786885245901,0.4115853658536585,0.84375,na
13,0.4,sqsrules_splitgreedy,0.8118386243386243,0.7749368686868686,0.8524305555555556,na
13,0.4,sqsrules_greedywoalph,0.6572033898305084,0.6875,0.6294642857142856,na
13,0.4,sqsrules_filter,-0.01,-0.01,-0.01,na
13,0.4,sqsrules_greedyalph,-0.01,-0.01,-0.01,na
16,0.2,secret,0.9394841269841269,0.9394841269841269,0.9394841269841269,33.0604130824407
16,0.2,cossu,-0.01,-0.01,-0.01,na
16,0.2,squish,-0.01,-0.01,-0.01,na
16,0.2,sqs,0.4963235294117647,0.3515625,0.84375,na
16,0.2,poerma,0.1281531074592548,0.06941391941391943,0.8333333333333333,na
16,0.2,tns,0.556791477314335,0.5368480725623586,0.5782738095238095,na
16,0.2,sqsrules_splitall,0.4963235294117647,0.3515625,0.84375,na
16,0.2,sqsrules_splitgreedy,0.84375,0.84375,0.84375,na
16,0.2,sqsrules_greedywoalph,0.6572033898305084,0.6875,0.6294642857142856,na
16,0.2,sqsrules_filter,-0.01,-0.01,-0.01,na
16,0.2,sqsrules_greedyalph,-0.01,-0.01,-0.01,na
17,0.4,secret,0.9404761904761904,0.9404761904761904,0.9404761904761905,33.00357021093369
17,0.4,cossu,-0.01,-0.01,-0.01,na
17,0.4,squish,0.5745490417136415,0.4355769230769231,0.84375,na
17,0.4,sqs,0.5357142857142857,0.39244186046511625,0.84375,na
17,0.4,poerma,0.11022756658908717,0.05901696088611977,0.8333333333333333,na
17,0.4,tns,0.5915122050555266,0.6035336356764929,0.5799603174603174,na
17,0.4,sqsrules_splitall,0.5357142857142857,0.39244186046511625,0.84375,na
17,0.4,sqsrules_splitgreedy,0.7749368686868686,0.7103587962962963,0.8524305555555556,na
17,0.4,sqsrules_greedywoalph,0.5370498614958449,0.6875,0.44062499999999993,na
17,0.4,sqsrules_filter,-0.01,-0.01,-0.01,na
17,0.4,sqsrules_greedyalph,-0.01,-0.01,-0.01,na
12,0.4,secret,0.9404761904761904,0.9404761904761904,0.9404761904761905,31.83837954203288
12,0.4,cossu,-0.01,-0.01,-0.01,na
12,0.4,squish,0.6026785714285714,0.46875,0.84375,na
12,0.4,sqs,0.5192307692307693,0.375,0.84375,na
12,0.4,poerma,0.11288497051289692,0.06054313099041535,0.8333333333333333,na
12,0.4,tns,0.5756844971414131,0.5712018140589571,0.5802380952380952,na
12,0.4,sqsrules_splitall,0.5192307692307693,0.375,0.84375,na
12,0.4,sqsrules_splitgreedy,0.8231707317073171,0.8035714285714286,0.84375,na
12,0.4,sqsrules_greedywoalph,0.6572033898305084,0.6875,0.6294642857142856,na
12,0.4,sqsrules_filter,-0.01,-0.01,-0.01,na
12,0.4,sqsrules_greedyalph,-0.01,-0.01,-0.01,na
9,1.0,secret,0.001,0.001,0.001,12.018359096844991
9,1.0,cossu,0.001,0.001,0.001,na
9,1.0,squish,0.001,0.001,0.001,na
9,1.0,sqs,0.001,0.001,0.001,na
9,1.0,poerma,-0.01,-0.01,-0.01,na
9,1.0,tns,0.05087946756558191,0.04841269841269841,0.05361111111111111,na
9,1.0,sqsrules_splitall,0.001,0.001,0.001,na
9,1.0,sqsrules_splitgreedy,0.001,0.001,0.001,na
9,1.0,sqsrules_greedywoalph,0.001,0.001,0.001,na
9,1.0,sqsrules_filter,0.001,0.001,0.001,na
9,1.0,sqsrules_greedyalph,-0.01,-0.01,-0.01,na
17,0.6000000000000001,secret,0.9238095238095237,0.9238095238095239,0.9238095238095237,24.75198511282603
17,0.6000000000000001,cossu,0.4339461075305977,0.3265079365079364,0.6467658730158728,na
17,0.6000000000000001,squish,0.6026785714285714,0.46875,0.84375,na
17,0.6000000000000001,sqs,0.5921052631578947,0.4560810810810811,0.84375,na
17,0.6000000000000001,poerma,0.11319126336055235,0.06071937321937323,0.8333333333333333,na
17,0.6000000000000001,tns,0.5591228018879021,0.5992819349962208,0.5240079365079364,na
17,0.6000000000000001,sqsrules_splitall,0.5921052631578947,0.4560810810810811,0.84375,na
17,0.6000000000000001,sqsrules_splitgreedy,0.84375,0.84375,0.84375,na
17,0.6000000000000001,sqsrules_greedywoalph,0.43179287305122493,0.6875,0.31473214285714285,na
17,0.6000000000000001,sqsrules_filter,-0.01,-0.01,-0.01,na
17,0.6000000000000001,sqsrules_greedyalph,-0.01,-0.01,-0.01,na
16,0.4,secret,0.9404761904761904,0.9404761904761904,0.9404761904761905,30.826408410072325
16,0.4,cossu,-0.01,-0.01,-0.01,na
16,0.4,squish,0.5625,0.421875,0.84375,na
16,0.4,sqs,0.5443548387096774,0.4017857142857143,0.84375,na
16,0.4,poerma,0.10714083790354499,0.05725075528700907,0.8333333333333333,na
16,0.4,tns,0.5632162240642785,0.5489229024943312,0.5782738095238095,na
16,0.4,sqsrules_splitall,0.5443548387096774,0.4017857142857143,0.84375,na
16,0.4,sqsrules_splitgreedy,0.7848837209302325,0.7336956521739131,0.84375,na
16,0.4,sqsrules_greedywoalph,0.6572033898305084,0.6875,0.6294642857142856,na
16,0.4,sqsrules_filter,-0.01,-0.01,-0.01,na
16,0.4,sqsrules_greedyalph,-0.01,-0.01,-0.01,na
9,0.2,secret,0.9404761904761904,0.9404761904761904,0.9404761904761905,31.840944004058837
9,0.2,cossu,-0.01,-0.01,-0.01,na
9,0.2,squish,-0.01,-0.01,-0.01,na
9,0.2,sqs,0.5037313432835822,0.35904255319148937,0.84375,na
9,0.2,poerma,0.14285372494636578,0.07816966343937298,0.8280555555555555,na
9,0.2,tns,0.5496235568453072,0.5289115646258506,0.5720238095238095,na
9,0.2,sqsrules_splitall,0.5037313432835822,0.35904255319148937,0.84375,na
9,0.2,sqsrules_splitgreedy,0.8010335917312662,0.748792270531401,0.861111111111111,na
9,0.2,sqsrules_greedywoalph,0.6211730153079387,0.6875,0.5665178571428571,na
9,0.2,sqsrules_filter,-0.01,-0.01,-0.01,na
9,0.2,sqsrules_greedyalph,-0.01,-0.01,-0.01,na
15,0.6000000000000001,secret,0.9071428571428575,0.9071428571428575,0.9071428571428571,27.404996808369955
15,0.6000000000000001,cossu,0.4469646338067389,0.3442835692835692,0.636924603174603,na
15,0.6000000000000001,squish,0.625,0.4963235294117647,0.84375,na
15,0.6000000000000001,sqs,0.5921052631578947,0.4560810810810811,0.84375,na
15,0.6000000000000001,poerma,0.09269830913934649,0.04907887161773172,0.8333333333333333,na
15,0.6000000000000001,tns,0.5053397174347656,0.5486961451247166,0.4683333333333334,na
15,0.6000000000000001,sqsrules_splitall,0.5921052631578947,0.4560810810810811,0.84375,na
15,0.6000000000000001,sqsrules_splitgreedy,0.84375,0.84375,0.84375,na
15,0.6000000000000001,sqsrules_greedywoalph,0.5370498614958449,0.6875,0.44062499999999993,na
15,0.6000000000000001,sqsrules_filter,-0.01,-0.01,-0.01,na
15,0.6000000000000001,sqsrules_greedyalph,-0.01,-0.01,-0.01,na
9,0.6000000000000001,secret,0.9238095238095237,0.9238095238095239,0.9238095238095237,25.848868910471598
9,0.6000000000000001,cossu,0.4310288126721805,0.3266890516890516,0.6332936507936506,na
9,0.6000000000000001,squish,0.5844323394495413,0.44703947368421054,0.84375,na
9,0.6000000000000001,sqs,0.6026785714285714,0.46875,0.84375,na
9,0.6000000000000001,poerma,0.10135225629884033,0.053979624323463864,0.8280555555555555,na
9,0.6000000000000001,tns,0.5632162240642785,0.5489229024943312,0.5782738095238095,na
9,0.6000000000000001,sqsrules_splitall,0.6026785714285714,0.46875,0.84375,na
9,0.6000000000000001,sqsrules_splitgreedy,0.84375,0.84375,0.84375,na
9,0.6000000000000001,sqsrules_greedywoalph,0.6211730153079387,0.6875,0.5665178571428571,na
9,0.6000000000000001,sqsrules_filter,-0.01,-0.01,-0.01,na
9,0.6000000000000001,sqsrules_greedyalph,-0.01,-0.01,-0.01,na
13,0.6000000000000001,secret,0.9238095238095237,0.9238095238095239,0.9238095238095237,26.072998229662577
13,0.6000000000000001,cossu,0.4127769000365712,0.3070847851335655,0.6294047619047618,na
13,0.6000000000000001,squish,0.6276169950738917,0.49963235294117647,0.84375,na
13,0.6000000000000001,sqs,0.5625,0.421875,0.84375,na
13,0.6000000000000001,poerma,0.09650150226613027,0.05121621621621622,0.8333333333333333,na
13,0.6000000000000001,tns,0.5560723471908438,0.5409863945578234,0.5720238095238095,na
13,0.6000000000000001,sqsrules_splitall,0.5625,0.421875,0.84375,na
13,0.6000000000000001,sqsrules_splitgreedy,0.84375,0.84375,0.84375,na
13,0.6000000000000001,sqsrules_greedywoalph,0.6572033898305084,0.6875,0.6294642857142856,na
13,0.6000000000000001,sqsrules_filter,-0.01,-0.01,-0.01,na
13,0.6000000000000001,sqsrules_greedyalph,-0.01,-0.01,-0.01,na
14,0.6000000000000001,secret,0.9238095238095237,0.9238095238095239,0.9238095238095237,24.727850464979806
14,0.6000000000000001,cossu,0.4213525893128218,0.3110166288737717,0.6530158730158729,na
14,0.6000000000000001,squish,0.625,0.4963235294117647,0.84375,na
14,0.6000000000000001,sqs,0.5921052631578947,0.4560810810810811,0.84375,na
14,0.6000000000000001,poerma,0.09797161408952479,0.05204517704517705,0.8333333333333333,na
14,0.6000000000000001,tns,0.5663832398024681,0.5531746031746033,0.5802380952380952,na
14,0.6000000000000001,sqsrules_splitall,0.5921052631578947,0.4560810810810811,0.84375,na
14,0.6000000000000001,sqsrules_splitgreedy,0.84375,0.84375,0.84375,na
14,0.6000000000000001,sqsrules_greedywoalph,0.6572033898305084,0.6875,0.6294642857142856,na
14,0.6000000000000001,sqsrules_filter,-0.01,-0.01,-0.01,na
14,0.6000000000000001,sqsrules_greedyalph,-0.01,-0.01,-0.01,na
0,0.4,secret,0.9464285714285715,0.9464285714285714,0.9464285714285715,30.089061494668325
0,0.4,cossu,-0.01,-0.01,-0.01,na
0,0.4,squish,0.5818965517241379,0.4440789473684211,0.84375,na
0,0.4,sqs,0.52734375,0.3835227272727273,0.84375,na
0,0.4,poerma,0.11387163561076605,0.061111111111111116,0.8333333333333333,na
0,0.4,tns,0.5560723471908438,0.5409863945578234,0.5720238095238095,na
0,0.4,sqsrules_splitall,0.52734375,0.3835227272727273,0.84375,na
0,0.4,sqsrules_splitgreedy,0.8316395663956639,0.8118386243386243,0.8524305555555556,na
0,0.4,sqsrules_greedywoalph,0.6211730153079387,0.6875,0.5665178571428571,na
0,0.4,sqsrules_filter,-0.01,-0.01,-0.01,na
0,0.4,sqsrules_greedyalph,-0.01,-0.01,-0.01,na
0,0.8,secret,0.7738095238095236,0.7738095238095236,0.7738095238095237,20.986623402436575
0,0.8,cossu,0.5092665039698572,0.5732142857142858,0.4581547619047619,na
0,0.8,squish,0.6887755102040816,0.5818965517241379,0.84375,na
0,0.8,sqs,0.675,0.5625,0.84375,na
0,0.8,poerma,0.11397848698996357,0.06120129870129871,0.8280555555555555,na
0,0.8,tns,0.5504047211754066,0.533730158730159,0.5681547619047619,na
0,0.8,sqsrules_splitall,0.675,0.5625,0.84375,na
0,0.8,sqsrules_splitgreedy,0.84375,0.84375,0.84375,na
0,0.8,sqsrules_greedywoalph,0.6572033898305084,0.6875,0.6294642857142856,na
0,0.8,sqsrules_filter,-0.01,-0.01,-0.01,na
0,0.8,sqsrules_greedyalph,-0.01,-0.01,-0.01,na
17,0.2,secret,0.9404761904761904,0.9404761904761904,0.9404761904761905,27.983113976319633
17,0.2,cossu,-0.01,-0.01,-0.01,na
17,0.2,squish,-0.01,-0.01,-0.01,na
17,0.2,sqs,0.4963235294117647,0.3515625,0.84375,na
17,0.2,poerma,0.13077159073477526,0.07095297544735747,0.8333333333333333,na
17,0.2,tns,0.5837869526375217,0.5934807256235829,0.5744047619047619,na
17,0.2,sqsrules_splitall,0.4963235294117647,0.3515625,0.84375,na
17,0.2,sqsrules_splitgreedy,0.8118386243386243,0.7749368686868686,0.8524305555555556,na
17,0.2,sqsrules_greedywoalph,0.581334332833583,0.6875,0.5035714285714284,na
17,0.2,sqsrules_filter,-0.01,-0.01,-0.01,na
17,0.2,sqsrules_greedyalph,-0.01,-0.01,-0.01,na
11,0.8,secret,0.7738095238095236,0.7738095238095236,0.7738095238095237,19.552632053693134
11,0.8,cossu,0.5149677608512934,0.45614344503233384,0.5912103174603174,na
11,0.8,squish,0.703125,0.6026785714285714,0.84375,na
11,0.8,sqs,0.675,0.5625,0.84375,na
11,0.8,poerma,0.10996802805280531,0.05886818495514149,0.8333333333333333,na
11,0.8,tns,0.551794173449878,0.5330498866213155,0.5719047619047619,na
11,0.8,sqsrules_splitall,0.675,0.5625,0.84375,na
11,0.8,sqsrules_splitgreedy,0.84375,0.84375,0.84375,na
11,0.8,sqsrules_greedywoalph,0.6572033898305084,0.6875,0.6294642857142856,na
11,0.8,sqsrules_filter,-0.01,-0.01,-0.01,na
11,0.8,sqsrules_greedyalph,-0.01,-0.01,-0.01,na
2,0.8,secret,0.7738095238095236,0.7738095238095236,0.7738095238095237,20.35083436171214
2,0.8,cossu,0.5003626861494875,0.5650132275132278,0.4489880952380953,na
2,0.8,squish,0.7336956521739131,0.6490384615384616,0.84375,na
2,0.8,sqs,0.703125,0.6026785714285714,0.84375,na
2,0.8,poerma,0.2936242820175338,0.43956582633053215,0.2204365079365079,na
2,0.8,tns,0.5647643418020477,0.5554421768707484,0.5744047619047619,na
2,0.8,sqsrules_splitall,0.703125,0.6026785714285714,0.84375,na
2,0.8,sqsrules_splitgreedy,0.84375,0.84375,0.84375,na
2,0.8,sqsrules_greedywoalph,0.581334332833583,0.6875,0.5035714285714284,na
2,0.8,sqsrules_filter,-0.01,-0.01,-0.01,na
2,0.8,sqsrules_greedyalph,-0.01,-0.01,-0.01,na
18,0.6000000000000001,secret,0.8956916099773241,0.8549783549783548,0.9404761904761905,28.12315250635147
18,0.6000000000000001,cossu,0.4070687571228993,0.3086333720480061,0.5976984126984127,na
18,0.6000000000000001,squish,0.6367924528301887,0.5113636363636364,0.84375,na
18,0.6000000000000001,sqs,0.6136363636363635,0.48214285714285715,0.84375,na
18,0.6000000000000001,poerma,0.09848091029861954,0.05233271945979129,0.8333333333333333,na
18,0.6000000000000001,tns,0.5440903069253766,0.564965986394558,0.524702380952381,na
18,0.6000000000000001,sqsrules_splitall,0.6136363636363635,0.48214285714285715,0.84375,na
18,0.6000000000000001,sqsrules_splitgreedy,0.84375,0.84375,0.84375,na
18,0.6000000000000001,sqsrules_greedywoalph,0.5370498614958449,0.6875,0.44062499999999993,na
18,0.6000000000000001,sqsrules_filter,-0.01,-0.01,-0.01,na
18,0.6000000000000001,sqsrules_greedyalph,-0.01,-0.01,-0.01,na
12,0.6000000000000001,secret,0.9404761904761904,0.9404761904761904,0.9404761904761905,26.08813299735387
12,0.6000000000000001,cossu,0.41597329129844796,0.3091362126245847,0.6356547619047617,na
12,0.6000000000000001,squish,0.6490384615384616,0.52734375,0.84375,na
12,0.6000000000000001,sqs,0.6026785714285714,0.46875,0.84375,na
12,0.6000000000000001,poerma,0.09601256523281149,0.05094086021505377,0.8333333333333333,na
12,0.6000000000000001,tns,0.5561322361951325,0.5410997732426306,0.5720238095238095,na
12,0.6000000000000001,sqsrules_splitall,0.6026785714285714,0.46875,0.84375,na
12,0.6000000000000001,sqsrules_splitgreedy,0.84375,0.84375,0.84375,na
12,0.6000000000000001,sqsrules_greedywoalph,0.6572033898305084,0.6875,0.6294642857142856,na
12,0.6000000000000001,sqsrules_filter,-0.01,-0.01,-0.01,na
12,0.6000000000000001,sqsrules_greedyalph,-0.01,-0.01,-0.01,na
8,0.2,secret,0.9131823461091754,0.8914399092970522,0.9360119047619048,24.002043426036835
8,0.2,cossu,-0.01,-0.01,-0.01,na
8,0.2,squish,-0.01,-0.01,-0.01,na
8,0.2,sqs,0.5113636363636364,0.36684782608695654,0.84375,na
8,0.2,poerma,0.14394524978316162,0.07882380288238029,0.8280555555555555,na
8,0.2,tns,0.5806294122083918,0.574886621315193,0.5864880952380952,na
8,0.2,sqsrules_splitall,0.5113636363636364,0.36684782608695654,0.84375,na
8,0.2,sqsrules_splitgreedy,0.7907196969696969,0.7248263888888888,0.8697916666666666,na
8,0.2,sqsrules_greedywoalph,0.6211730153079387,0.6875,0.5665178571428571,na
8,0.2,sqsrules_filter,-0.01,-0.01,-0.01,na
8,0.2,sqsrules_greedyalph,-0.01,-0.01,-0.01,na
8,1.0,secret,-0.01,-0.01,-0.01,11.584572219848633
8,1.0,cossu,0.001,0.001,0.001,na
8,1.0,squish,0.001,0.001,0.001,na
8,1.0,sqs,0.001,0.001,0.001,na
8,1.0,poerma,-0.01,-0.01,-0.01,na
8,1.0,tns,0.024911535739561216,0.025396825396825397,0.024444444444444442,na
8,1.0,sqsrules_splitall,0.001,0.001,0.001,na
8,1.0,sqsrules_splitgreedy,0.001,0.001,0.001,na
8,1.0,sqsrules_greedywoalph,0.001,0.001,0.001,na
8,1.0,sqsrules_filter,-0.01,-0.01,-0.01,na
8,1.0,sqsrules_greedyalph,-0.01,-0.01,-0.01,na
10,0.2,secret,0.9404761904761904,0.9404761904761904,0.9404761904761905,34.059613013267516
10,0.2,cossu,-0.01,-0.01,-0.01,na
10,0.2,squish,-0.01,-0.01,-0.01,na
10,0.2,sqs,0.5113636363636364,0.36684782608695654,0.84375,na
10,0.2,poerma,0.14991646882968435,0.08236714975845412,0.8333333333333333,na
10,0.2,tns,0.5560723471908438,0.5409863945578234,0.5720238095238095,na
10,0.2,sqsrules_splitall,0.5113636363636364,0.36684782608695654,0.84375,na
10,0.2,sqsrules_splitgreedy,0.8035714285714286,0.7670454545454546,0.84375,na
10,0.2,sqsrules_greedywoalph,0.6572033898305084,0.6875,0.6294642857142856,na
10,0.2,sqsrules_filter,-0.01,-0.01,-0.01,na
10,0.2,sqsrules_greedyalph,-0.01,-0.01,-0.01,na
16,1.0,secret,-0.01,-0.01,-0.01,11.629739824930827
16,1.0,cossu,0.001,0.001,0.001,na
16,1.0,squish,0.001,0.001,0.001,na
16,1.0,sqs,0.001,0.001,0.001,na
16,1.0,poerma,-0.01,-0.01,-0.01,na
16,1.0,tns,0.029282407407407403,0.0365079365079365,0.024444444444444442,na
16,1.0,sqsrules_splitall,0.001,0.001,0.001,na
16,1.0,sqsrules_splitgreedy,0.001,0.001,0.001,na
16,1.0,sqsrules_greedywoalph,0.001,0.001,0.001,na
16,1.0,sqsrules_filter,0.001,0.001,0.001,na
16,1.0,sqsrules_greedyalph,-0.01,-0.01,-0.01,na
4,1.0,secret,-0.01,-0.01,-0.01,12.767975123723348
4,1.0,cossu,0.001,0.001,0.001,na
4,1.0,squish,0.001,0.001,0.001,na
4,1.0,sqs,0.001,0.001,0.001,na
4,1.0,poerma,-0.01,-0.01,-0.01,na
4,1.0,tns,0.08548470209339776,0.08293650793650795,0.08819444444444445,na
4,1.0,sqsrules_splitall,0.001,0.001,0.001,na
4,1.0,sqsrules_splitgreedy,0.001,0.001,0.001,na
4,1.0,sqsrules_greedywoalph,0.001,0.001,0.001,na
4,1.0,sqsrules_filter,-0.01,-0.01,-0.01,na
4,1.0,sqsrules_greedyalph,-0.01,-0.01,-0.01,na
2,0.4,secret,0.9404761904761904,0.9404761904761904,0.9404761904761905,33.564262549082436
2,0.4,cossu,-0.01,-0.01,-0.01,na
2,0.4,squish,0.5720338983050848,0.4326923076923077,0.84375,na
2,0.4,sqs,0.5532786885245901,0.4115853658536585,0.84375,na
2,0.4,poerma,0.0884231040344985,0.04668856048166394,0.8333333333333333,na
2,0.4,tns,0.5589533694353961,0.5409863945578234,0.5781547619047619,na
2,0.4,sqsrules_splitall,0.5532786885245901,0.4115853658536585,0.84375,na
2,0.4,sqsrules_splitgreedy,0.8231707317073171,0.8035714285714286,0.84375,na
2,0.4,sqsrules_greedywoalph,0.6572033898305084,0.6875,0.6294642857142856,na
2,0.4,sqsrules_filter,-0.01,-0.01,-0.01,na
2,0.4,sqsrules_greedyalph,-0.01,-0.01,-0.01,na
16,0.6000000000000001,secret,0.9071428571428575,0.9071428571428575,0.9071428571428571,24.615473461151122
16,0.6000000000000001,cossu,0.43027776476377544,0.3227480158730158,0.6452579365079363,na
16,0.6000000000000001,squish,0.6490384615384616,0.52734375,0.84375,na
16,0.6000000000000001,sqs,0.5921052631578947,0.4560810810810811,0.84375,na
16,0.6000000000000001,poerma,0.10128638993384714,0.05401146131805158,0.8120833333333332,na
16,0.6000000000000001,tns,0.551794173449878,0.5330498866213155,0.5719047619047619,na
16,0.6000000000000001,sqsrules_splitall,0.5921052631578947,0.4560810810810811,0.84375,na
16,0.6000000000000001,sqsrules_splitgreedy,0.84375,0.84375,0.84375,na
16,0.6000000000000001,sqsrules_greedywoalph,0.6211730153079387,0.6875,0.5665178571428571,na
16,0.6000000000000001,sqsrules_filter,-0.01,-0.01,-0.01,na
16,0.6000000000000001,sqsrules_greedyalph,-0.01,-0.01,-0.01,na
10,0.6000000000000001,secret,0.9071428571428575,0.9071428571428575,0.9071428571428571,25.18954171737035
10,0.6000000000000001,cossu,0.4267755134631845,0.3268170426065162,0.6148214285714284,na
10,0.6000000000000001,squish,0.6026785714285714,0.46875,0.84375,na
10,0.6000000000000001,sqs,0.5720338983050848,0.4326923076923077,0.84375,na
10,0.6000000000000001,poerma,0.09185079898350348,0.04860398860398862,0.8333333333333333,na
10,0.6000000000000001,tns,0.556791477314335,0.5368480725623586,0.5782738095238095,na
10,0.6000000000000001,sqsrules_splitall,0.5720338983050848,0.4326923076923077,0.84375,na
10,0.6000000000000001,sqsrules_splitgreedy,0.84375,0.84375,0.84375,na
10,0.6000000000000001,sqsrules_greedywoalph,0.6572033898305084,0.6875,0.6294642857142856,na
10,0.6000000000000001,sqsrules_filter,-0.01,-0.01,-0.01,na
10,0.6000000000000001,sqsrules_greedyalph,-0.01,-0.01,-0.01,na
8,0.4,secret,0.9404761904761904,0.9404761904761904,0.9404761904761905,26.69411220550537
8,0.4,cossu,0.41327415896912895,0.2984920634920635,0.671488095238095,na
8,0.4,squish,0.5921052631578947,0.4560810810810811,0.84375,na
8,0.4,sqs,0.5532786885245901,0.4115853658536585,0.84375,na
8,0.4,poerma,0.11329344637438635,0.06080645161290323,0.8280555555555555,na
8,0.4,tns,0.5674185739057139,0.560997732426304,0.5739880952380952,na
8,0.4,sqsrules_splitall,0.5532786885245901,0.4115853658536585,0.84375,na
8,0.4,sqsrules_splitgreedy,0.8231707317073171,0.8035714285714286,0.84375,na
8,0.4,sqsrules_greedywoalph,0.6211730153079387,0.6875,0.5665178571428571,na
8,0.4,sqsrules_filter,-0.01,-0.01,-0.01,na
8,0.4,sqsrules_greedyalph,-0.01,-0.01,-0.01,na
14,0.8,secret,0.7369614512471655,0.7034632034632033,0.7738095238095237,17.483301119009653
14,0.8,cossu,0.49945554397529907,0.4854920634920634,0.5142460317460317,na
14,0.8,squish,0.75,0.675,0.84375,na
14,0.8,sqs,0.675,0.5625,0.84375,na
14,0.8,poerma,0.10247625916576514,0.05459494076208774,0.8333333333333333,na
14,0.8,tns,0.5622037083031869,0.550510204081633,0.5744047619047619,na
14,0.8,sqsrules_splitall,0.675,0.5625,0.84375,na
14,0.8,sqsrules_splitgreedy,0.84375,0.84375,0.84375,na
14,0.8,sqsrules_greedywoalph,0.581334332833583,0.6875,0.5035714285714284,na
14,0.8,sqsrules_filter,-0.01,-0.01,-0.01,na
14,0.8,sqsrules_greedyalph,-0.01,-0.01,-0.01,na
11,1.0,secret,0.001,0.001,0.001,12.212397078673044
11,1.0,cossu,0.001,0.001,0.001,na
11,1.0,squish,0.001,0.001,0.001,na
11,1.0,sqs,0.001,0.001,0.001,na
11,1.0,poerma,-0.01,-0.01,-0.01,na
11,1.0,tns,0.047711947701661754,0.04325396825396825,0.05319444444444445,na
11,1.0,sqsrules_splitall,0.001,0.001,0.001,na
11,1.0,sqsrules_splitgreedy,0.001,0.001,0.001,na
11,1.0,sqsrules_greedywoalph,0.001,0.001,0.001,na
11,1.0,sqsrules_filter,-0.01,-0.01,-0.01,na
11,1.0,sqsrules_greedyalph,-0.01,-0.01,-0.01,na
12,0.2,secret,0.9404761904761904,0.9404761904761904,0.9404761904761905,34.05286929210027
12,0.2,cossu,-0.01,-0.01,-0.01,na
12,0.2,squish,-0.01,-0.01,-0.01,na
12,0.2,sqs,0.5037313432835822,0.35904255319148937,0.84375,na
12,0.2,poerma,0.14204782137798885,0.07764116575591987,0.8333333333333333,na
12,0.2,tns,0.5633891846446196,0.5531746031746033,0.5739880952380952,na
12,0.2,sqsrules_splitall,0.5037313432835822,0.35904255319148937,0.84375,na
12,0.2,sqsrules_splitgreedy,0.8035714285714286,0.7670454545454546,0.84375,na
12,0.2,sqsrules_greedywoalph,0.6572033898305084,0.6875,0.6294642857142856,na
12,0.2,sqsrules_filter,-0.01,-0.01,-0.01,na
12,0.2,sqsrules_greedyalph,-0.01,-0.01,-0.01,na
4,0.6000000000000001,secret,0.9404761904761904,0.9404761904761904,0.9404761904761905,26.0251185576121
4,0.6000000000000001,cossu,0.41875257095583635,0.31625048393341065,0.6195634920634919,na
4,0.6000000000000001,squish,0.625,0.4963235294117647,0.84375,na
4,0.6000000000000001,sqs,0.6026785714285714,0.46875,0.84375,na
4,0.6000000000000001,poerma,0.09552855774562687,0.05066844919786097,0.8333333333333333,na
4,0.6000000000000001,tns,0.5779843620130931,0.5693310657596373,0.5869047619047618,na
4,0.6000000000000001,sqsrules_splitall,0.6026785714285714,0.46875,0.84375,na
4,0.6000000000000001,sqsrules_splitgreedy,0.84375,0.84375,0.84375,na
4,0.6000000000000001,sqsrules_greedywoalph,0.6211730153079387,0.6875,0.5665178571428571,na
4,0.6000000000000001,sqsrules_filter,-0.01,-0.01,-0.01,na
4,0.6000000000000001,sqsrules_greedyalph,-0.01,-0.01,-0.01,na
19,0.4,secret,0.9175377468060393,0.8956916099773241,0.9404761904761905,27.645068164666494
19,0.4,cossu,0.3974621930470947,0.2870723104056437,0.6457936507936506,na
19,0.4,squish,0.5649944567627494,0.4246875,0.84375,na
19,0.4,sqs,0.5357142857142857,0.39244186046511625,0.84375,na
19,0.4,poerma,0.11641391918902512,0.06257792445911259,0.8333333333333333,na
19,0.4,tns,0.5672733378138056,0.5548752834467123,0.5802380952380952,na
19,0.4,sqsrules_splitall,0.5357142857142857,0.39244186046511625,0.84375,na
19,0.4,sqsrules_splitgreedy,0.8201058201058201,0.7828282828282828,0.861111111111111,na
19,0.4,sqsrules_greedywoalph,0.6572033898305084,0.6875,0.6294642857142856,na
19,0.4,sqsrules_filter,-0.01,-0.01,-0.01,na
19,0.4,sqsrules_greedyalph,-0.01,-0.01,-0.01,na
13,1.0,secret,0.001,0.001,0.001,12.966883365313212
13,1.0,cossu,0.001,0.001,0.001,na
13,1.0,squish,0.001,0.001,0.001,na
13,1.0,sqs,0.001,0.001,0.001,na
13,1.0,poerma,-0.01,-0.01,-0.01,na
13,1.0,tns,0.10186524552721736,0.0884920634920635,0.12,na
13,1.0,sqsrules_splitall,0.001,0.001,0.001,na
13,1.0,sqsrules_splitgreedy,0.001,0.001,0.001,na
13,1.0,sqsrules_greedywoalph,0.001,0.001,0.001,na
13,1.0,sqsrules_filter,0.001,0.001,0.001,na
13,1.0,sqsrules_greedyalph,-0.01,-0.01,-0.01,na
18,0.4,secret,0.9404761904761904,0.9404761904761904,0.9404761904761905,30.318154660860696
18,0.4,cossu,-0.01,-0.01,-0.01,na
18,0.4,squish,0.5921052631578947,0.4560810810810811,0.84375,na
18,0.4,sqs,0.5357142857142857,0.39244186046511625,0.84375,na
18,0.4,poerma,0.10137947437269593,0.05397277619499842,0.8333333333333333,na
18,0.4,tns,0.5704557249347975,0.560997732426304,0.5802380952380952,na
18,0.4,sqsrules_splitall,0.5357142857142857,0.39244186046511625,0.84375,na
18,0.4,sqsrules_splitgreedy,0.8010335917312662,0.748792270531401,0.861111111111111,na
18,0.4,sqsrules_greedywoalph,0.6211730153079387,0.6875,0.5665178571428571,na
18,0.4,sqsrules_filter,-0.01,-0.01,-0.01,na
18,0.4,sqsrules_greedyalph,-0.01,-0.01,-0.01,na
1,0.4,secret,0.9175377468060393,0.8956916099773241,0.9404761904761905,31.401588094234466
1,0.4,cossu,-0.01,-0.01,-0.01,na
1,0.4,squish,0.6136363636363635,0.48214285714285715,0.84375,na
1,0.4,sqs,0.5625,0.421875,0.84375,na
1,0.4,poerma,0.11426138448988192,0.06136445892146218,0.8280555555555555,na
1,0.4,tns,0.570755086620124,0.565249433106576,0.5763690476190476,na
1,0.4,sqsrules_splitall,0.5625,0.421875,0.84375,na
1,0.4,sqsrules_splitgreedy,0.84375,0.84375,0.84375,na
1,0.4,sqsrules_greedywoalph,0.6211730153079387,0.6875,0.5665178571428571,na
1,0.4,sqsrules_filter,-0.01,-0.01,-0.01,na
1,0.4,sqsrules_greedyalph,-0.01,-0.01,-0.01,na
10,0.4,secret,0.9175377468060393,0.8956916099773241,0.9404761904761905,32.93379179239273
10,0.4,cossu,-0.01,-0.01,-0.01,na
10,0.4,squish,0.5818965517241379,0.4440789473684211,0.84375,na
10,0.4,sqs,0.5357142857142857,0.39244186046511625,0.84375,na
10,0.4,poerma,0.0977728872230437,0.0519330289193303,0.8333333333333333,na
10,0.4,tns,0.5560723471908438,0.5409863945578234,0.5720238095238095,na
10,0.4,sqsrules_splitall,0.5357142857142857,0.39244186046511625,0.84375,na
10,0.4,sqsrules_splitgreedy,0.8231707317073171,0.8035714285714286,0.84375,na
10,0.4,sqsrules_greedywoalph,0.6572033898305084,0.6875,0.6294642857142856,na
10,0.4,sqsrules_filter,-0.01,-0.01,-0.01,na
10,0.4,sqsrules_greedyalph,-0.01,-0.01,-0.01,na
18,1.0,secret,0.001,0.001,0.001,12.192869973182678
18,1.0,cossu,0.001,0.001,0.001,na
18,1.0,squish,0.001,0.001,0.001,na
18,1.0,sqs,0.001,0.001,0.001,na
18,1.0,poerma,-0.01,-0.01,-0.01,na
18,1.0,tns,0.0929556022501279,0.09767573696145124,0.08867063492063491,na
18,1.0,sqsrules_splitall,0.001,0.001,0.001,na
18,1.0,sqsrules_splitgreedy,0.001,0.001,0.001,na
18,1.0,sqsrules_greedywoalph,0.001,0.001,0.001,na
18,1.0,sqsrules_filter,0.001,0.001,0.001,na
18,1.0,sqsrules_greedyalph,-0.01,-0.01,-0.01,na
12,0.8,secret,0.7738095238095236,0.7738095238095236,0.7738095238095237,20.867574417591094
12,0.8,cossu,0.5007820893505778,0.42171957671957655,0.616329365079365,na
12,0.8,squish,0.7180851063829787,0.625,0.84375,na
12,0.8,sqs,0.6887755102040816,0.5818965517241379,0.84375,na
12,0.8,poerma,0.08944163874073725,0.0472568578553616,0.8333333333333333,na
12,0.8,tns,0.5568725760546894,0.58630007558579,0.5302579365079365,na
12,0.8,sqsrules_splitall,0.6887755102040816,0.5818965517241379,0.84375,na
12,0.8,sqsrules_splitgreedy,0.84375,0.84375,0.84375,na
12,0.8,sqsrules_greedywoalph,0.6572033898305084,0.6875,0.6294642857142856,na
12,0.8,sqsrules_filter,-0.01,-0.01,-0.01,na
12,0.8,sqsrules_greedyalph,-0.01,-0.01,-0.01,na
13,0.8,secret,0.7904761904761903,0.7904761904761903,0.7904761904761904,20.065416395664215
13,0.8,cossu,0.5442213002041484,0.4756172839506171,0.6359523809523808,na
13,0.8,squish,0.6887755102040816,0.5818965517241379,0.84375,na
13,0.8,sqs,0.6887755102040816,0.5818965517241379,0.84375,na
13,0.8,poerma,0.11670875161667797,0.06274834437086094,0.8333333333333333,na
13,0.8,tns,0.5873176815204076,0.5906651549508694,0.5840079365079365,na
13,0.8,sqsrules_splitall,0.6887755102040816,0.5818965517241379,0.84375,na
13,0.8,sqsrules_splitgreedy,0.84375,0.84375,0.84375,na
13,0.8,sqsrules_greedywoalph,0.581334332833583,0.6875,0.5035714285714284,na
13,0.8,sqsrules_filter,-0.01,-0.01,-0.01,na
13,0.8,sqsrules_greedyalph,-0.01,-0.01,-0.01,na
3,0.2,secret,0.9404761904761904,0.9404761904761904,0.9404761904761905,33.720996987819674
3,0.2,cossu,-0.01,-0.01,-0.01,na
3,0.2,squish,-0.01,-0.01,-0.01,na
3,0.2,sqs,0.5113636363636364,0.36684782608695654,0.84375,na
3,0.2,poerma,0.1374483208819903,0.074901185770751,0.8333333333333333,na
3,0.2,tns,0.5704557249347975,0.560997732426304,0.5802380952380952,na
3,0.2,sqsrules_splitall,0.5113636363636364,0.36684782608695654,0.84375,na
3,0.2,sqsrules_splitgreedy,0.8410762679055361,0.821050642479214,0.8621031746031746,na
3,0.2,sqsrules_greedywoalph,0.6211730153079387,0.6875,0.5665178571428571,na
3,0.2,sqsrules_filter,-0.01,-0.01,-0.01,na
3,0.2,sqsrules_greedyalph,-0.01,-0.01,-0.01,na
15,1.0,secret,0.001,0.001,0.001,12.453745154539744
15,1.0,cossu,0.001,0.001,0.001,na
15,1.0,squish,0.001,0.001,0.001,na
15,1.0,sqs,0.001,0.001,0.001,na
15,1.0,poerma,-0.01,-0.01,-0.01,na
15,1.0,tns,0.04085282533558396,0.0376984126984127,0.044583333333333336,na
15,1.0,sqsrules_splitall,0.001,0.001,0.001,na
15,1.0,sqsrules_splitgreedy,0.001,0.001,0.001,na
15,1.0,sqsrules_greedywoalph,0.001,0.001,0.001,na
15,1.0,sqsrules_filter,-0.01,-0.01,-0.01,na
15,1.0,sqsrules_greedyalph,-0.01,-0.01,-0.01,na
16,0.8,secret,0.7549361207897792,0.7369614512471654,0.7738095238095237,20.48225875298182
16,0.8,cossu,0.5109359313191779,0.47739682539682543,0.5495436507936508,na
16,0.8,squish,0.7336956521739131,0.6490384615384616,0.84375,na
16,0.8,sqs,0.703125,0.6026785714285714,0.84375,na
16,0.8,poerma,0.09729800614633759,0.05166515289131094,0.8333333333333333,na
16,0.8,tns,0.4980163687797118,0.6253401360544218,0.41376984126984134,na
16,0.8,sqsrules_splitall,0.703125,0.6026785714285714,0.84375,na
16,0.8,sqsrules_splitgreedy,0.84375,0.84375,0.84375,na
16,0.8,sqsrules_greedywoalph,0.5370498614958449,0.6875,0.44062499999999993,na
16,0.8,sqsrules_filter,-0.01,-0.01,-0.01,na
16,0.8,sqsrules_greedyalph,-0.01,-0.01,-0.01,na
5,0.4,secret,0.9404761904761904,0.9404761904761904,0.9404761904761905,31.45139463742574
5,0.4,cossu,-0.01,-0.01,-0.01,na
5,0.4,squish,0.6026785714285714,0.46875,0.84375,na
5,0.4,sqs,0.5532786885245901,0.4115853658536585,0.84375,na
5,0.4,poerma,0.10561853434925357,0.05638227513227514,0.8333333333333333,na
5,0.4,tns,0.5560723471908438,0.5409863945578234,0.5720238095238095,na
5,0.4,sqsrules_splitall,0.5532786885245901,0.4115853658536585,0.84375,na
5,0.4,sqsrules_splitgreedy,0.8035714285714286,0.7670454545454546,0.84375,na
5,0.4,sqsrules_greedywoalph,0.6572033898305084,0.6875,0.6294642857142856,na
5,0.4,sqsrules_filter,-0.01,-0.01,-0.01,na
5,0.4,sqsrules_greedyalph,-0.01,-0.01,-0.01,na
4,0.8,secret,0.7738095238095236,0.7738095238095236,0.7738095238095237,20.54174269835154
4,0.8,cossu,0.5141786077868525,0.49867724867724866,0.5306746031746031,na
4,0.8,squish,0.7336956521739131,0.6490384615384616,0.84375,na
4,0.8,sqs,0.6887755102040816,0.5818965517241379,0.84375,na
4,0.8,poerma,0.11528867798260026,0.06192810457516341,0.8333333333333333,na
4,0.8,tns,0.5465494171731311,0.5702947845804991,0.524702380952381,na
4,0.8,sqsrules_splitall,0.6887755102040816,0.5818965517241379,0.84375,na
4,0.8,sqsrules_splitgreedy,0.84375,0.84375,0.84375,na
4,0.8,sqsrules_greedywoalph,0.6572033898305084,0.6875,0.6294642857142856,na
4,0.8,sqsrules_filter,-0.01,-0.01,-0.01,na
4,0.8,sqsrules_greedyalph,-0.01,-0.01,-0.01,na
18,0.8,secret,0.7549361207897792,0.7369614512471654,0.7738095238095237,20.975766177972158
18,0.8,cossu,0.5083675787670618,0.553363567649282,0.47013888888888883,na
18,0.8,squish,0.703125,0.6026785714285714,0.84375,na
18,0.8,sqs,0.6617647058823529,0.5443548387096774,0.84375,na
18,0.8,poerma,0.11087267525035767,0.05938697318007664,0.8333333333333333,na
18,0.8,tns,0.4476459841292129,0.5976946334089193,0.3578174603174603,na
18,0.8,sqsrules_splitall,0.6617647058823529,0.5443548387096774,0.84375,na
18,0.8,sqsrules_splitgreedy,0.84375,0.84375,0.84375,na
18,0.8,sqsrules_greedywoalph,0.4875314333612741,0.6875,0.3776785714285714,na
18,0.8,sqsrules_filter,-0.01,-0.01,-0.01,na
18,0.8,sqsrules_greedyalph,-0.01,-0.01,-0.01,na
1,0.6000000000000001,secret,0.9071428571428574,0.9071428571428575,0.9071428571428573,24.999312392870586
1,0.6000000000000001,cossu,0.44254935225358816,0.3409051909051908,0.6305555555555553,na
1,0.6000000000000001,squish,0.594661610268378,0.4591216216216216,0.84375,na
1,0.6000000000000001,sqs,0.5921052631578947,0.4560810810810811,0.84375,na
1,0.6000000000000001,poerma,0.10992762890319997,0.05887152777777778,0.8280555555555555,na
1,0.6000000000000001,tns,0.5560723471908438,0.5409863945578234,0.5720238095238095,na
1,0.6000000000000001,sqsrules_splitall,0.5921052631578947,0.4560810810810811,0.84375,na
1,0.6000000000000001,sqsrules_splitgreedy,0.84375,0.84375,0.84375,na
1,0.6000000000000001,sqsrules_greedywoalph,0.6211730153079387,0.6875,0.5665178571428571,na
1,0.6000000000000001,sqsrules_filter,-0.01,-0.01,-0.01,na
1,0.6000000000000001,sqsrules_greedyalph,-0.01,-0.01,-0.01,na
7,0.2,secret,0.9275020242296468,0.9404761904761904,0.9148809523809524,33.84876682360967
7,0.2,cossu,-0.01,-0.01,-0.01,na
7,0.2,squish,-0.01,-0.01,-0.01,na
7,0.2,sqs,0.5113636363636364,0.36684782608695654,0.84375,na
7,0.2,poerma,0.13713028845060676,0.07505533421868082,0.7929166666666665,na
7,0.2,tns,0.5356570058891216,0.5209750566893427,0.5511904761904762,na
7,0.2,sqsrules_splitall,0.5208333333333334,0.3736413043478261,0.859375,na
7,0.2,sqsrules_splitgreedy,0.813947020767418,0.8022014361300075,0.8260416666666666,na
7,0.2,sqsrules_greedywoalph,0.6485682401066796,0.6846230158730159,0.6161210317460317,na
7,0.2,sqsrules_filter,-0.01,-0.01,-0.01,na
7,0.2,sqsrules_greedyalph,-0.01,-0.01,-0.01,na
19,0.6000000000000001,secret,0.9175377468060393,0.8956916099773241,0.9404761904761905,26.708643583456674
19,0.6000000000000001,cossu,0.414126984126984,0.310595238095238,0.6211904761904761,na
19,0.6000000000000001,squish,0.6136363636363635,0.48214285714285715,0.84375,na
19,0.6000000000000001,sqs,0.5818965517241379,0.4440789473684211,0.84375,na
19,0.6000000000000001,poerma,0.1109637230231031,0.059439219784047384,0.8333333333333333,na
19,0.6000000000000001,tns,0.5672733378138056,0.5548752834467123,0.5802380952380952,na
19,0.6000000000000001,sqsrules_splitall,0.5818965517241379,0.4440789473684211,0.84375,na
19,0.6000000000000001,sqsrules_splitgreedy,0.84375,0.84375,0.84375,na
19,0.6000000000000001,sqsrules_greedywoalph,0.6572033898305084,0.6875,0.6294642857142856,na
19,0.6000000000000001,sqsrules_filter,-0.01,-0.01,-0.01,na
19,0.6000000000000001,sqsrules_greedyalph,-0.01,-0.01,-0.01,na
4,0.2,secret,0.9404761904761904,0.9404761904761904,0.9404761904761905,28.83669081926346
4,0.2,cossu,-0.01,-0.01,-0.01,na
4,0.2,squish,-0.01,-0.01,-0.01,na
4,0.2,sqs,0.4963235294117647,0.3515625,0.84375,na
4,0.2,poerma,0.15418701392656903,0.08495266567015447,0.8333333333333333,na
4,0.2,tns,0.5800282688209427,0.5798185941043086,0.5802380952380952,na
4,0.2,sqsrules_splitall,0.4963235294117647,0.3515625,0.84375,na
4,0.2,sqsrules_splitgreedy,0.8316395663956639,0.8118386243386243,0.8524305555555556,na
4,0.2,sqsrules_greedywoalph,0.581334332833583,0.6875,0.5035714285714284,na
4,0.2,sqsrules_filter,-0.01,-0.01,-0.01,na
4,0.2,sqsrules_greedyalph,-0.01,-0.01,-0.01,na
14,1.0,secret,0.001,0.001,0.001,12.379987406730653
14,1.0,cossu,0.001,0.001,0.001,na
14,1.0,squish,0.001,0.001,0.001,na
14,1.0,sqs,0.001,0.001,0.001,na
14,1.0,poerma,-0.01,-0.01,-0.01,na
14,1.0,tns,0.04873375541486172,0.042989417989417994,0.05625000000000001,na
14,1.0,sqsrules_splitall,0.001,0.001,0.001,na
14,1.0,sqsrules_splitgreedy,0.001,0.001,0.001,na
14,1.0,sqsrules_greedywoalph,0.001,0.001,0.001,na
14,1.0,sqsrules_filter,0.001,0.001,0.001,na
14,1.0,sqsrules_greedyalph,-0.01,-0.01,-0.01,na
11,0.4,secret,0.9404761904761904,0.9404761904761904,0.9404761904761905,22.96114664077759
11,0.4,cossu,0.40450148809523795,0.29418290043290035,0.6472023809523808,na
11,0.4,squish,0.6136363636363635,0.48214285714285715,0.84375,na
11,0.4,sqs,0.5357142857142857,0.39244186046511625,0.84375,na
11,0.4,poerma,0.12352387162211115,0.0667057902973396,0.8333333333333333,na
11,0.4,tns,0.5581937222626613,0.5451247165532882,0.5719047619047619,na
11,0.4,sqsrules_splitall,0.5357142857142857,0.39244186046511625,0.84375,na
11,0.4,sqsrules_splitgreedy,0.84375,0.84375,0.84375,na
11,0.4,sqsrules_greedywoalph,0.6572033898305084,0.6875,0.6294642857142856,na
11,0.4,sqsrules_filter,-0.01,-0.01,-0.01,na
11,0.4,sqsrules_greedyalph,-0.01,-0.01,-0.01,na
17,0.8,secret,0.7904761904761903,0.7904761904761903,0.7904761904761904,20.68773829539617
17,0.8,cossu,0.5593530192435301,0.5337797619047617,0.5874999999999999,na
17,0.8,squish,0.703125,0.6026785714285714,0.84375,na
17,0.8,sqs,0.6887755102040816,0.5818965517241379,0.84375,na
17,0.8,poerma,0.11456023651145604,0.06150793650793651,0.8333333333333333,na
17,0.8,tns,0.5181585922449349,0.5665532879818596,0.47738095238095235,na
17,0.8,sqsrules_splitall,0.6887755102040816,0.5818965517241379,0.84375,na
17,0.8,sqsrules_splitgreedy,0.84375,0.84375,0.84375,na
17,0.8,sqsrules_greedywoalph,0.5370498614958449,0.6875,0.44062499999999993,na
17,0.8,sqsrules_filter,-0.01,-0.01,-0.01,na
17,0.8,sqsrules_greedyalph,-0.01,-0.01,-0.01,na
7,0.6000000000000001,secret,0.8956577390053786,0.8788737717309147,0.9130952380952382,25.86457875172297
7,0.6000000000000001,cossu,0.4189203844091036,0.3162301587301586,0.6203769841269839,na
7,0.6000000000000001,squish,0.6346170447674703,0.5166790674603174,0.8223214285714284,na
7,0.6000000000000001,sqs,0.5625,0.421875,0.84375,na
7,0.6000000000000001,poerma,0.09921497595682251,0.052918227215980024,0.7929166666666665,na
7,0.6000000000000001,tns,0.5572229721014645,0.5546485260770977,0.5598214285714286,na
7,0.6000000000000001,sqsrules_splitall,0.5625,0.421875,0.84375,na
7,0.6000000000000001,sqsrules_splitgreedy,0.859375,0.859375,0.859375,na
7,0.6000000000000001,sqsrules_greedywoalph,0.6485682401066796,0.6846230158730159,0.6161210317460317,na
7,0.6000000000000001,sqsrules_filter,-0.01,-0.01,-0.01,na
7,0.6000000000000001,sqsrules_greedyalph,-0.01,-0.01,-0.01,na
6,0.8,secret,0.7738095238095236,0.7738095238095236,0.7738095238095237,21.629821316401163
6,0.8,cossu,0.4895568651620812,0.4630476190476191,0.5192857142857142,na
6,0.8,squish,0.7180851063829787,0.625,0.84375,na
6,0.8,sqs,0.675,0.5625,0.84375,na
6,0.8,poerma,0.23202205831284461,0.48206349206349197,0.15277777777777776,na
6,0.8,tns,0.5567051027113739,0.591628873771731,0.5256746031746031,na
6,0.8,sqsrules_splitall,0.675,0.5625,0.84375,na
6,0.8,sqsrules_splitgreedy,0.84375,0.84375,0.84375,na
6,0.8,sqsrules_greedywoalph,0.6211730153079387,0.6875,0.5665178571428571,na
6,0.8,sqsrules_filter,-0.01,-0.01,-0.01,na
6,0.8,sqsrules_greedyalph,-0.01,-0.01,-0.01,na
1,1.0,secret,0.001,0.001,0.001,11.838884087403615
1,1.0,cossu,0.001,0.001,0.001,na
1,1.0,squish,0.001,0.001,0.001,na
1,1.0,sqs,0.001,0.001,0.001,na
1,1.0,poerma,-0.01,-0.01,-0.01,na
1,1.0,tns,0.030864197530864192,0.027777777777777773,0.034722222222222224,na
1,1.0,sqsrules_splitall,0.001,0.001,0.001,na
1,1.0,sqsrules_splitgreedy,0.001,0.001,0.001,na
1,1.0,sqsrules_greedywoalph,0.001,0.001,0.001,na
1,1.0,sqsrules_filter,0.001,0.001,0.001,na
1,1.0,sqsrules_greedyalph,-0.01,-0.01,-0.01,na
0,0.6000000000000001,secret,0.9175377468060393,0.8956916099773241,0.9404761904761905,24.367053496837617
0,0.6000000000000001,cossu,0.4353174571018255,0.3265079365079364,0.6528968253968253,na
0,0.6000000000000001,squish,0.6026785714285714,0.46875,0.84375,na
0,0.6000000000000001,sqs,0.5921052631578947,0.4560810810810811,0.84375,na
0,0.6000000000000001,poerma,0.11743198859763279,0.06316666666666668,0.8333333333333333,na
0,0.6000000000000001,tns,0.5784715684456002,0.5825963718820864,0.5744047619047619,na
0,0.6000000000000001,sqsrules_splitall,0.5921052631578947,0.4560810810810811,0.84375,na
0,0.6000000000000001,sqsrules_splitgreedy,0.8118386243386243,0.7749368686868686,0.8524305555555556,na
0,0.6000000000000001,sqsrules_greedywoalph,0.6211730153079387,0.6875,0.5665178571428571,na
0,0.6000000000000001,sqsrules_filter,-0.01,-0.01,-0.01,na
0,0.6000000000000001,sqsrules_greedyalph,-0.01,-0.01,-0.01,na
11,0.2,secret,0.9404761904761904,0.9404761904761904,0.9404761904761905,33.794401180744174
11,0.2,cossu,-0.01,-0.01,-0.01,na
11,0.2,squish,-0.01,-0.01,-0.01,na
11,0.2,sqs,0.5037313432835822,0.35904255319148937,0.84375,na
11,0.2,poerma,0.09727116189433593,0.051650015137753566,0.8333333333333333,na
11,0.2,tns,0.5703563505465761,0.5568594104308391,0.5845238095238094,na
11,0.2,sqsrules_splitall,0.5037313432835822,0.35904255319148937,0.84375,na
11,0.2,sqsrules_splitgreedy,0.798611111111111,0.7320601851851851,0.8784722222222221,na
11,0.2,sqsrules_greedywoalph,0.6572033898305084,0.6875,0.6294642857142856,na
11,0.2,sqsrules_filter,-0.01,-0.01,-0.01,na
11,0.2,sqsrules_greedyalph,-0.01,-0.01,-0.01,na
2,0.2,secret,0.9404761904761904,0.9404761904761904,0.9404761904761905,34.541225457191466
2,0.2,cossu,-0.01,-0.01,-0.01,na
2,0.2,squish,-0.01,-0.01,-0.01,na
2,0.2,sqs,0.506082423038729,0.361436170212766,0.84375,na
2,0.2,poerma,0.09827981519246945,0.052219161310070414,0.8333333333333333,na
2,0.2,tns,0.5780241019839422,0.5816893424036282,0.5744047619047619,na
2,0.2,sqsrules_splitall,0.506082423038729,0.361436170212766,0.84375,na
2,0.2,sqsrules_splitgreedy,0.7929586563307494,0.741243961352657,0.8524305555555556,na
2,0.2,sqsrules_greedywoalph,0.6560060089497081,0.6848845598845599,0.6294642857142856,na
2,0.2,sqsrules_filter,-0.01,-0.01,-0.01,na
2,0.2,sqsrules_greedyalph,-0.01,-0.01,-0.01,na
0,0.2,secret,0.8965986394557822,0.8558441558441557,0.9414285714285715,33.19209095239639
0,0.2,cossu,-0.01,-0.01,-0.01,na
0,0.2,squish,-0.01,-0.01,-0.01,na
0,0.2,sqs,0.5113636363636364,0.36684782608695654,0.84375,na
0,0.2,poerma,0.13741134751773051,0.07487922705314011,0.8333333333333333,na
0,0.2,tns,0.5560723471908438,0.5409863945578234,0.5720238095238095,na
0,0.2,sqsrules_splitall,0.5113636363636364,0.36684782608695654,0.84375,na
0,0.2,sqsrules_splitgreedy,0.8316395663956639,0.8118386243386243,0.8524305555555556,na
0,0.2,sqsrules_greedywoalph,0.6572033898305084,0.6875,0.6294642857142856,na
0,0.2,sqsrules_filter,-0.01,-0.01,-0.01,na
0,0.2,sqsrules_greedyalph,-0.01,-0.01,-0.01,na
9,0.4,secret,0.9175377468060393,0.8956916099773241,0.9404761904761905,30.38503340482712
9,0.4,cossu,-0.01,-0.01,-0.01,na
9,0.4,squish,0.6026785714285714,0.46875,0.84375,na
9,0.4,sqs,0.5625,0.421875,0.84375,na
9,0.4,poerma,0.11531045369157406,0.06197002923976608,0.8280555555555555,na
9,0.4,tns,0.5661084048563477,0.5489229024943312,0.5844047619047619,na
9,0.4,sqsrules_splitall,0.5625,0.421875,0.84375,na
9,0.4,sqsrules_splitgreedy,0.84375,0.84375,0.84375,na
9,0.4,sqsrules_greedywoalph,0.6211730153079387,0.6875,0.5665178571428571,na
9,0.4,sqsrules_filter,-0.01,-0.01,-0.01,na
9,0.4,sqsrules_greedyalph,-0.01,-0.01,-0.01,na
10,1.0,secret,0.001,0.001,0.001,12.386806778113048
10,1.0,cossu,0.001,0.001,0.001,na
10,1.0,squish,0.001,0.001,0.001,na
10,1.0,sqs,0.001,0.001,0.001,na
10,1.0,poerma,-0.01,-0.01,-0.01,na
10,1.0,tns,0.0662694526063772,0.05277777777777778,0.08902777777777778,na
10,1.0,sqsrules_splitall,0.001,0.001,0.001,na
10,1.0,sqsrules_splitgreedy,0.001,0.001,0.001,na
10,1.0,sqsrules_greedywoalph,0.001,0.001,0.001,na
10,1.0,sqsrules_filter,0.001,0.001,0.001,na
10,1.0,sqsrules_greedyalph,-0.01,-0.01,-0.01,na
11,0.6000000000000001,secret,0.9404761904761904,0.9404761904761904,0.9404761904761905,26.318630317846935
11,0.6000000000000001,cossu,0.42913255453927307,0.33287385129490377,0.6037103174603173,na
11,0.6000000000000001,squish,0.6162333736396615,0.4853571428571429,0.84375,na
11,0.6000000000000001,sqs,0.5818965517241379,0.4440789473684211,0.84375,na
11,0.6000000000000001,poerma,0.09252329352553883,0.04898076370944589,0.8333333333333333,na
11,0.6000000000000001,tns,0.5788991865795832,0.577154195011338,0.5806547619047618,na
11,0.6000000000000001,sqsrules_splitall,0.5818965517241379,0.4440789473684211,0.84375,na
11,0.6000000000000001,sqsrules_splitgreedy,0.84375,0.84375,0.84375,na
11,0.6000000000000001,sqsrules_greedywoalph,0.6211730153079387,0.6875,0.5665178571428571,na
11,0.6000000000000001,sqsrules_filter,-0.01,-0.01,-0.01,na
11,0.6000000000000001,sqsrules_greedyalph,-0.01,-0.01,-0.01,na
3,0.4,secret,0.9404761904761904,0.9404761904761904,0.9404761904761905,31.282134823004405
3,0.4,cossu,-0.01,-0.01,-0.01,na
3,0.4,squish,0.5720338983050848,0.4326923076923077,0.84375,na
3,0.4,sqs,0.5443548387096774,0.4017857142857143,0.84375,na
3,0.4,poerma,0.124777770461579,0.06743772241992883,0.8333333333333333,na
3,0.4,tns,0.5704557249347975,0.560997732426304,0.5802380952380952,na
3,0.4,sqsrules_splitall,0.5443548387096774,0.4017857142857143,0.84375,na
3,0.4,sqsrules_splitgreedy,0.8035714285714286,0.7670454545454546,0.84375,na
3,0.4,sqsrules_greedywoalph,0.5370498614958449,0.6875,0.44062499999999993,na
3,0.4,sqsrules_filter,-0.01,-0.01,-0.01,na
3,0.4,sqsrules_greedyalph,-0.01,-0.01,-0.01,na
2,0.6000000000000001,secret,0.9238095238095237,0.9238095238095239,0.9238095238095237,25.671745212872825
2,0.6000000000000001,cossu,0.43852459016393425,0.3262195121951218,0.6687499999999998,na
2,0.6000000000000001,squish,0.6276169950738917,0.49963235294117647,0.84375,na
2,0.6000000000000001,sqs,0.5818965517241379,0.4440789473684211,0.84375,na
2,0.6000000000000001,poerma,0.09050962411042654,0.04785353535353536,0.8333333333333333,na
2,0.6000000000000001,tns,0.5775499620943372,0.574886621315193,0.5802380952380952,na
2,0.6000000000000001,sqsrules_splitall,0.5818965517241379,0.4440789473684211,0.84375,na
2,0.6000000000000001,sqsrules_splitgreedy,0.84375,0.84375,0.84375,na
2,0.6000000000000001,sqsrules_greedywoalph,0.6572033898305084,0.6875,0.6294642857142856,na
2,0.6000000000000001,sqsrules_filter,-0.01,-0.01,-0.01,na
2,0.6000000000000001,sqsrules_greedyalph,-0.01,-0.01,-0.01,na
6,0.2,secret,0.9404761904761904,0.9404761904761904,0.9404761904761905,31.104606795310975
6,0.2,cossu,-0.01,-0.01,-0.01,na
6,0.2,squish,-0.01,-0.01,-0.01,na
6,0.2,sqs,0.52734375,0.3835227272727273,0.84375,na
6,0.2,poerma,0.10219984415273034,0.05443805874840358,0.8333333333333333,na
6,0.2,tns,0.5581937222626613,0.5451247165532882,0.5719047619047619,na
6,0.2,sqsrules_splitall,0.52734375,0.3835227272727273,0.84375,na
6,0.2,sqsrules_splitgreedy,0.8118386243386243,0.7749368686868686,0.8524305555555556,na
6,0.2,sqsrules_greedywoalph,0.6572033898305084,0.6875,0.6294642857142856,na
6,0.2,sqsrules_filter,-0.01,-0.01,-0.01,na
6,0.2,sqsrules_greedyalph,-0.01,-0.01,-0.01,na
18,0.2,secret,0.9394841269841269,0.9394841269841269,0.9394841269841269,32.6889432032903
18,0.2,cossu,-0.01,-0.01,-0.01,na
18,0.2,squish,-0.01,-0.01,-0.01,na
18,0.2,sqs,0.4963235294117647,0.3515625,0.84375,na
18,0.2,poerma,0.14700810484566307,0.0806146572104019,0.8333333333333333,na
18,0.2,tns,0.5788991865795832,0.577154195011338,0.5806547619047618,na
18,0.2,sqsrules_splitall,0.4963235294117647,0.3515625,0.84375,na
18,0.2,sqsrules_splitgreedy,0.8010335917312662,0.748792270531401,0.861111111111111,na
18,0.2,sqsrules_greedywoalph,0.5370498614958449,0.6875,0.44062499999999993,na
18,0.2,sqsrules_filter,-0.01,-0.01,-0.01,na
18,0.2,sqsrules_greedyalph,-0.01,-0.01,-0.01,na
5,0.2,secret,0.9404761904761904,0.9404761904761904,0.9404761904761905,30.412790588537852
5,0.2,cossu,-0.01,-0.01,-0.01,na
5,0.2,squish,-0.01,-0.01,-0.01,na
5,0.2,sqs,0.4963235294117647,0.3515625,0.84375,na
5,0.2,poerma,0.1663739266198283,0.0924119241192412,0.8333333333333333,na
5,0.2,tns,0.5386753114861536,0.5172902494331068,0.5619047619047619,na
5,0.2,sqsrules_splitall,0.4963235294117647,0.3515625,0.84375,na
5,0.2,sqsrules_splitgreedy,0.8410762679055361,0.821050642479214,0.8621031746031746,na
5,0.2,sqsrules_greedywoalph,0.6572033898305084,0.6875,0.6294642857142856,na
5,0.2,sqsrules_filter,-0.01,-0.01,-0.01,na
5,0.2,sqsrules_greedyalph,-0.01,-0.01,-0.01,na
9,0.8,secret,0.7738095238095236,0.7738095238095236,0.7738095238095237,20.69326207637787
9,0.8,cossu,0.546185233381696,0.521164021164021,0.5737301587301586,na
9,0.8,squish,0.703125,0.6026785714285714,0.84375,na
9,0.8,sqs,0.675,0.5625,0.84375,na
9,0.8,poerma,0.10865954077490901,0.05814471879286694,0.8280555555555555,na
9,0.8,tns,0.5328573644441491,0.5412698412698416,0.524702380952381,na
9,0.8,sqsrules_splitall,0.675,0.5625,0.84375,na
9,0.8,sqsrules_splitgreedy,0.84375,0.84375,0.84375,na
9,0.8,sqsrules_greedywoalph,0.581334332833583,0.6875,0.5035714285714284,na
9,0.8,sqsrules_filter,-0.01,-0.01,-0.01,na
9,0.8,sqsrules_greedyalph,-0.01,-0.01,-0.01,na
1,0.8,secret,0.7738095238095236,0.7738095238095236,0.7738095238095237,20.725467451413472
1,0.8,cossu,0.501579271516964,0.46661904761904766,0.5422023809523809,na
1,0.8,squish,0.7180851063829787,0.625,0.84375,na
1,0.8,sqs,0.675,0.5625,0.84375,na
1,0.8,poerma,0.1201240128459181,0.06475754104620084,0.8283333333333331,na
1,0.8,tns,0.5814737582331889,0.5738662131519275,0.5892857142857142,na
1,0.8,sqsrules_splitall,0.675,0.5625,0.84375,na
1,0.8,sqsrules_splitgreedy,0.84375,0.84375,0.84375,na
1,0.8,sqsrules_greedywoalph,0.581334332833583,0.6875,0.5035714285714284,na
1,0.8,sqsrules_filter,-0.01,-0.01,-0.01,na
1,0.8,sqsrules_greedyalph,-0.01,-0.01,-0.01,na
14,0.4,secret,0.9404761904761904,0.9404761904761904,0.9404761904761905,31.52650667031606
14,0.4,cossu,-0.01,-0.01,-0.01,na
14,0.4,squish,0.5649944567627494,0.4246875,0.84375,na
14,0.4,sqs,0.5216223132036848,0.3775,0.84375,na
14,0.4,poerma,0.1227236737925574,0.06623931623931624,0.8333333333333333,na
14,0.4,tns,0.5740677265603953,0.5680272108843538,0.5802380952380952,na
14,0.4,sqsrules_splitall,0.5216223132036848,0.3775,0.84375,na
14,0.4,sqsrules_splitgreedy,0.8231707317073171,0.8035714285714286,0.84375,na
14,0.4,sqsrules_greedywoalph,0.581334332833583,0.6875,0.5035714285714284,na
14,0.4,sqsrules_filter,-0.01,-0.01,-0.01,na
14,0.4,sqsrules_greedyalph,-0.01,-0.01,-0.01,na
15,0.8,secret,0.7738095238095236,0.7738095238095236,0.7738095238095237,21.528767669200896
15,0.8,cossu,0.504785306191924,0.5499055177626607,0.4665079365079364,na
15,0.8,squish,0.6887755102040816,0.5818965517241379,0.84375,na
15,0.8,sqs,0.6887755102040816,0.5818965517241379,0.84375,na
15,0.8,poerma,0.10990781924837235,0.0588336783988958,0.8333333333333333,na
15,0.8,tns,0.4952751758107224,0.5330498866213154,0.4625,na
15,0.8,sqsrules_splitall,0.6887755102040816,0.5818965517241379,0.84375,na
15,0.8,sqsrules_splitgreedy,0.84375,0.84375,0.84375,na
15,0.8,sqsrules_greedywoalph,0.581334332833583,0.6875,0.5035714285714284,na
15,0.8,sqsrules_filter,-0.01,-0.01,-0.01,na
15,0.8,sqsrules_greedyalph,-0.01,-0.01,-0.01,na
8,0.8,secret,0.7904761904761903,0.7904761904761903,0.7904761904761904,16.275754419962563
8,0.8,cossu,0.5444140004316949,0.5623809523809526,0.5275595238095239,na
8,0.8,squish,0.7180851063829787,0.625,0.84375,na
8,0.8,sqs,0.6887755102040816,0.5818965517241379,0.84375,na
8,0.8,poerma,0.14080390793070544,0.07713763145861913,0.80625,na
8,0.8,tns,0.5739739050616313,0.6139455782312926,0.5388888888888889,na
8,0.8,sqsrules_splitall,0.6887755102040816,0.5818965517241379,0.84375,na
8,0.8,sqsrules_splitgreedy,0.84375,0.84375,0.84375,na
8,0.8,sqsrules_greedywoalph,0.4875314333612741,0.6875,0.3776785714285714,na
8,0.8,sqsrules_filter,-0.01,-0.01,-0.01,na
8,0.8,sqsrules_greedyalph,-0.01,-0.01,-0.01,na
6,1.0,secret,0.001,0.001,0.001,11.935020554065705
6,1.0,cossu,0.001,0.001,0.001,na
6,1.0,squish,0.001,0.001,0.001,na
6,1.0,sqs,0.001,0.001,0.001,na
6,1.0,poerma,-0.01,-0.01,-0.01,na
6,1.0,tns,0.05800143058869958,0.04986772486772487,0.06930555555555555,na
6,1.0,sqsrules_splitall,0.001,0.001,0.001,na
6,1.0,sqsrules_splitgreedy,0.001,0.001,0.001,na
6,1.0,sqsrules_greedywoalph,0.001,0.001,0.001,na
6,1.0,sqsrules_filter,0.001,0.001,0.001,na
6,1.0,sqsrules_greedyalph,-0.01,-0.01,-0.01,na
15,0.2,secret,0.9404761904761904,0.9404761904761904,0.9404761904761905,35.300922481218976
15,0.2,cossu,-0.01,-0.01,-0.01,na
15,0.2,squish,-0.01,-0.01,-0.01,na
15,0.2,sqs,0.5037313432835822,0.35904255319148937,0.84375,na
15,0.2,poerma,0.0962298227790947,0.05106319257262654,0.8333333333333333,na
15,0.2,tns,0.556791477314335,0.5368480725623586,0.5782738095238095,na
15,0.2,sqsrules_splitall,0.5037313432835822,0.35904255319148937,0.84375,na
15,0.2,sqsrules_splitgreedy,0.8316395663956639,0.8118386243386243,0.8524305555555556,na
15,0.2,sqsrules_greedywoalph,0.6560060089497081,0.6848845598845599,0.6294642857142856,na
15,0.2,sqsrules_filter,-0.01,-0.01,-0.01,na
15,0.2,sqsrules_greedyalph,-0.01,-0.01,-0.01,na
4,0.4,secret,0.9404761904761904,0.9404761904761904,0.9404761904761905,25.835651179154713
4,0.4,cossu,0.40818607099468884,0.2968795093795093,0.6530158730158729,na
4,0.4,squish,0.5745490417136415,0.4355769230769231,0.84375,na
4,0.4,sqs,0.5532786885245901,0.4115853658536585,0.84375,na
4,0.4,poerma,0.10683881152393303,0.057078313253012054,0.8333333333333333,na
4,0.4,tns,0.5633303764764974,0.5530612244897961,0.5739880952380952,na
4,0.4,sqsrules_splitall,0.5532786885245901,0.4115853658536585,0.84375,na
4,0.4,sqsrules_splitgreedy,0.7929586563307494,0.741243961352657,0.8524305555555556,na
4,0.4,sqsrules_greedywoalph,0.6560060089497081,0.6848845598845599,0.6294642857142856,na
4,0.4,sqsrules_filter,-0.01,-0.01,-0.01,na
4,0.4,sqsrules_greedyalph,-0.01,-0.01,-0.01,na
5,0.8,secret,0.7549361207897792,0.7369614512471654,0.7738095238095237,20.243180946509042
5,0.8,cossu,0.5992661112507257,0.6050505050505048,0.5935912698412698,na
5,0.8,squish,0.703125,0.6026785714285714,0.84375,na
5,0.8,sqs,0.6887755102040816,0.5818965517241379,0.84375,na
5,0.8,poerma,0.11083298906812801,0.05942867157378198,0.8208333333333332,na
5,0.8,tns,0.559146367798784,0.5893046107331824,0.5319246031746031,na
5,0.8,sqsrules_splitall,0.6887755102040816,0.5818965517241379,0.84375,na
5,0.8,sqsrules_splitgreedy,0.84375,0.84375,0.84375,na
5,0.8,sqsrules_greedywoalph,0.581334332833583,0.6875,0.5035714285714284,na
5,0.8,sqsrules_filter,-0.01,-0.01,-0.01,na
5,0.8,sqsrules_greedyalph,-0.01,-0.01,-0.01,na
7,0.4,secret,0.9013605442176871,0.8603896103896104,0.9464285714285714,33.15931642452876
7,0.4,cossu,-0.01,-0.01,-0.01,na
7,0.4,squish,0.5893730294570824,0.4592702821869488,0.8223214285714284,na
7,0.4,sqs,0.5357142857142857,0.39244186046511625,0.84375,na
7,0.4,poerma,0.1313917986627223,0.07163075623151668,0.7929166666666665,na
7,0.4,tns,0.558072230207545,0.5567460317460319,0.5594047619047618,na
7,0.4,sqsrules_splitall,0.5357142857142857,0.39244186046511625,0.84375,na
7,0.4,sqsrules_splitgreedy,0.8340972552575766,0.8423115079365079,0.8260416666666666,na
7,0.4,sqsrules_greedywoalph,0.6485682401066796,0.6846230158730159,0.6161210317460317,na
7,0.4,sqsrules_filter,-0.01,-0.01,-0.01,na
7,0.4,sqsrules_greedyalph,-0.01,-0.01,-0.01,na
19,0.8,secret,0.7711962833914052,0.7528344671201813,0.7904761904761904,20.63271915515264
19,0.8,cossu,0.5696006548974941,0.5527597402597402,0.5874999999999998,na
19,0.8,squish,0.75,0.675,0.84375,na
19,0.8,sqs,0.675,0.5625,0.84375,na
19,0.8,poerma,0.11158641078973879,0.059796705222572744,0.8333333333333333,na
19,0.8,tns,0.5841509421561729,0.5866969009826154,0.5816269841269841,na
19,0.8,sqsrules_splitall,0.675,0.5625,0.84375,na
19,0.8,sqsrules_splitgreedy,0.84375,0.84375,0.84375,na
19,0.8,sqsrules_greedywoalph,0.43179287305122493,0.6875,0.31473214285714285,na
19,0.8,sqsrules_filter,-0.01,-0.01,-0.01,na
19,0.8,sqsrules_greedyalph,-0.01,-0.01,-0.01,na
5,0.6000000000000001,secret,0.9071428571428575,0.9071428571428575,0.9071428571428571,25.60115377108256
5,0.6000000000000001,cossu,0.40577755022954026,0.30165190107050566,0.6196825396825395,na
5,0.6000000000000001,squish,0.6617647058823529,0.5443548387096774,0.84375,na
5,0.6000000000000001,sqs,0.5818965517241379,0.4440789473684211,0.84375,na
5,0.6000000000000001,poerma,0.09598603839441537,0.05092592592592593,0.8333333333333333,na
5,0.6000000000000001,tns,0.548924574666517,0.5330498866213155,0.5657738095238095,na
5,0.6000000000000001,sqsrules_splitall,0.5818965517241379,0.4440789473684211,0.84375,na
5,0.6000000000000001,sqsrules_splitgreedy,0.84375,0.84375,0.84375,na
5,0.6000000000000001,sqsrules_greedywoalph,0.6572033898305084,0.6875,0.6294642857142856,na
5,0.6000000000000001,sqsrules_filter,-0.01,-0.01,-0.01,na
5,0.6000000000000001,sqsrules_greedyalph,-0.01,-0.01,-0.01,na
3,0.8,secret,0.7549361207897792,0.7369614512471654,0.7738095238095237,20.006029836336772
3,0.8,cossu,0.5364375416797939,0.47250566893424023,0.6203769841269839,na
3,0.8,squish,0.675,0.5625,0.84375,na
3,0.8,sqs,0.6617647058823529,0.5443548387096774,0.84375,na
3,0.8,poerma,0.10999813070859038,0.05888543823326434,0.8333333333333333,na
3,0.8,tns,0.575785312402605,0.5650793650793653,0.5869047619047618,na
3,0.8,sqsrules_splitall,0.6617647058823529,0.5443548387096774,0.84375,na
3,0.8,sqsrules_splitgreedy,0.84375,0.84375,0.84375,na
3,0.8,sqsrules_greedywoalph,0.6572033898305084,0.6875,0.6294642857142856,na
3,0.8,sqsrules_filter,-0.01,-0.01,-0.01,na
3,0.8,sqsrules_greedyalph,-0.01,-0.01,-0.01,na
19,1.0,secret,-0.01,-0.01,-0.01,12.244374982515971
19,1.0,cossu,0.001,0.001,0.001,na
19,1.0,squish,0.001,0.001,0.001,na
19,1.0,sqs,0.001,0.001,0.001,na
19,1.0,poerma,-0.01,-0.01,-0.01,na
19,1.0,tns,0.057782991873640846,0.058068783068783075,0.05750000000000001,na
19,1.0,sqsrules_splitall,0.001,0.001,0.001,na
19,1.0,sqsrules_splitgreedy,0.001,0.001,0.001,na
19,1.0,sqsrules_greedywoalph,0.001,0.001,0.001,na
19,1.0,sqsrules_filter,-0.01,-0.01,-0.01,na
19,1.0,sqsrules_greedyalph,-0.01,-0.01,-0.01,na
14,0.2,secret,0.9082017453253081,0.8918367346938775,0.9251785714285715,32.398518494764964
14,0.2,cossu,-0.01,-0.01,-0.01,na
14,0.2,squish,-0.01,-0.01,-0.01,na
14,0.2,sqs,0.5037313432835822,0.35904255319148937,0.84375,na
14,0.2,poerma,0.1369147996466715,0.07458442694663169,0.8333333333333333,na
14,0.2,tns,0.5712898542563642,0.5568594104308392,0.5864880952380952,na
14,0.2,sqsrules_splitall,0.5037313432835822,0.35904255319148937,0.84375,na
14,0.2,sqsrules_splitgreedy,0.8201058201058201,0.7828282828282828,0.861111111111111,na
14,0.2,sqsrules_greedywoalph,0.6572033898305084,0.6875,0.6294642857142856,na
14,0.2,sqsrules_filter,-0.01,-0.01,-0.01,na
14,0.2,sqsrules_greedyalph,-0.01,-0.01,-0.01,na
6,0.4,secret,0.9404761904761904,0.9404761904761904,0.9404761904761905,32.28083844979604
6,0.4,cossu,-0.01,-0.01,-0.01,na
6,0.4,squish,0.6136363636363635,0.48214285714285715,0.84375,na
6,0.4,sqs,0.52734375,0.3835227272727273,0.84375,na
6,0.4,poerma,0.10445383814249833,0.055718954248366016,0.8333333333333333,na
6,0.4,tns,0.568360999124595,0.5531746031746033,0.5844047619047619,na
6,0.4,sqsrules_splitall,0.52734375,0.3835227272727273,0.84375,na
6,0.4,sqsrules_splitgreedy,0.84375,0.84375,0.84375,na
6,0.4,sqsrules_greedywoalph,0.6572033898305084,0.6875,0.6294642857142856,na
6,0.4,sqsrules_filter,-0.01,-0.01,-0.01,na
6,0.4,sqsrules_greedyalph,-0.01,-0.01,-0.01,na
15,0.4,secret,0.9404761904761904,0.9404761904761904,0.9404761904761905,26.568751645088195
15,0.4,cossu,0.41091909882232447,0.30329743008314425,0.636924603174603,na
15,0.4,squish,0.5720338983050848,0.4326923076923077,0.84375,na
15,0.4,sqs,0.5357142857142857,0.39244186046511625,0.84375,na
15,0.4,poerma,0.11421489817792069,0.06130888169723122,0.8333333333333333,na
15,0.4,tns,0.5560723471908438,0.5409863945578234,0.5720238095238095,na
15,0.4,sqsrules_splitall,0.5357142857142857,0.39244186046511625,0.84375,na
15,0.4,sqsrules_splitgreedy,0.8118386243386243,0.7749368686868686,0.8524305555555556,na
15,0.4,sqsrules_greedywoalph,0.6211730153079387,0.6875,0.5665178571428571,na
15,0.4,sqsrules_filter,-0.01,-0.01,-0.01,na
15,0.4,sqsrules_greedyalph,-0.01,-0.01,-0.01,na
7,0.8,secret,0.7585034013605442,0.7240259740259739,0.7964285714285714,20.233276573816934
7,0.8,cossu,0.556036835086029,0.48849206349206337,0.6452579365079364,na
7,0.8,squish,0.75,0.675,0.84375,na
7,0.8,sqs,0.6887755102040816,0.5818965517241379,0.84375,na
7,0.8,poerma,0.10502253654305134,0.056235489220563845,0.7929166666666665,na
7,0.8,tns,0.5409192002855465,0.5371882086167803,0.544702380952381,na
7,0.8,sqsrules_splitall,0.6887755102040816,0.5818965517241379,0.84375,na
7,0.8,sqsrules_splitgreedy,0.8288712831996371,0.8355263157894737,0.8223214285714284,na
7,0.8,sqsrules_greedywoalph,0.6572033898305084,0.6875,0.6294642857142856,na
7,0.8,sqsrules_filter,-0.01,-0.01,-0.01,na
7,0.8,sqsrules_greedyalph,-0.01,-0.01,-0.01,na
3,0.6000000000000001,secret,0.9228174603174605,0.9228174603174605,0.9228174603174605,24.340215587615965
3,0.6000000000000001,cossu,0.4283376599778324,0.31866047231900885,0.6531349206349204,na
3,0.6000000000000001,squish,0.6136363636363635,0.48214285714285715,0.84375,na
3,0.6000000000000001,sqs,0.5818965517241379,0.4440789473684211,0.84375,na
3,0.6000000000000001,poerma,0.09827981519246945,0.052219161310070414,0.8333333333333333,na
3,0.6000000000000001,tns,0.5717994611034987,0.5692176870748301,0.5744047619047619,na
3,0.6000000000000001,sqsrules_splitall,0.5818965517241379,0.4440789473684211,0.84375,na
3,0.6000000000000001,sqsrules_splitgreedy,0.84375,0.84375,0.84375,na
3,0.6000000000000001,sqsrules_greedywoalph,0.6572033898305084,0.6875,0.6294642857142856,na
3,0.6000000000000001,sqsrules_filter,-0.01,-0.01,-0.01,na
3,0.6000000000000001,sqsrules_greedyalph,-0.01,-0.01,-0.01,na
6,0.6000000000000001,secret,0.9238095238095237,0.9238095238095239,0.9238095238095237,25.229628459612528
6,0.6000000000000001,cossu,0.46318640580484566,0.3639569160997731,0.6368055555555554,na
6,0.6000000000000001,squish,0.6052553444180523,0.47187500000000004,0.84375,na
6,0.6000000000000001,sqs,0.5720338983050848,0.4326923076923077,0.84375,na
6,0.6000000000000001,poerma,0.09502312879674525,0.050384160756501185,0.8333333333333333,na
6,0.6000000000000001,tns,0.5666808286909397,0.5573129251700683,0.5763690476190476,na
6,0.6000000000000001,sqsrules_splitall,0.5720338983050848,0.4326923076923077,0.84375,na
6,0.6000000000000001,sqsrules_splitgreedy,0.8231707317073171,0.8035714285714286,0.84375,na
6,0.6000000000000001,sqsrules_greedywoalph,0.6211730153079387,0.6875,0.5665178571428571,na
6,0.6000000000000001,sqsrules_filter,-0.01,-0.01,-0.01,na
6,0.6000000000000001,sqsrules_greedyalph,-0.01,-0.01,-0.01,na
3,1.0,secret,0.001,0.001,0.001,11.738513052463531
3,1.0,cossu,0.001,0.001,0.001,na
3,1.0,squish,0.001,0.001,0.001,na
3,1.0,sqs,0.001,0.001,0.001,na
3,1.0,poerma,-0.01,-0.01,-0.01,na
3,1.0,tns,0.042154048558784844,0.04907407407407408,0.036944444444444446,na
3,1.0,sqsrules_splitall,0.001,0.001,0.001,na
3,1.0,sqsrules_splitgreedy,0.001,0.001,0.001,na
3,1.0,sqsrules_greedywoalph,0.001,0.001,0.001,na
3,1.0,sqsrules_filter,0.001,0.001,0.001,na
3,1.0,sqsrules_greedyalph,-0.01,-0.01,-0.01,na
17,1.0,secret,0.001,0.001,0.001,12.371065918604533
17,1.0,cossu,0.001,0.001,0.001,na
17,1.0,squish,0.001,0.001,0.001,na
17,1.0,sqs,0.001,0.001,0.001,na
17,1.0,poerma,-0.01,-0.01,-0.01,na
17,1.0,tns,0.08650762725317862,0.0790249433106576,0.09555555555555555,na
17,1.0,sqsrules_splitall,0.001,0.001,0.001,na
17,1.0,sqsrules_splitgreedy,0.001,0.001,0.001,na
17,1.0,sqsrules_greedywoalph,0.001,0.001,0.001,na
17,1.0,sqsrules_filter,0.001,0.001,0.001,na
17,1.0,sqsrules_greedyalph,-0.01,-0.01,-0.01,na
0,1.0,secret,0.001,0.001,0.001,12.59229925473531
0,1.0,cossu,0.001,0.001,0.001,na
0,1.0,squish,0.001,0.001,0.001,na
0,1.0,sqs,0.001,0.001,0.001,na
0,1.0,poerma,-0.01,-0.01,-0.01,na
0,1.0,tns,0.03849359432299852,0.04034391534391535,0.03680555555555556,na
0,1.0,sqsrules_splitall,0.001,0.001,0.001,na
0,1.0,sqsrules_splitgreedy,0.001,0.001,0.001,na
0,1.0,sqsrules_greedywoalph,0.001,0.001,0.001,na
0,1.0,sqsrules_filter,-0.01,-0.01,-0.01,na
0,1.0,sqsrules_greedyalph,-0.01,-0.01,-0.01,na
8,0.6000000000000001,secret,0.9071428571428575,0.9071428571428575,0.9071428571428571,20.38432284593582
8,0.6000000000000001,cossu,0.43952352873124195,0.3328958078958078,0.6466468253968253,na
8,0.6000000000000001,squish,0.594661610268378,0.4591216216216216,0.84375,na
8,0.6000000000000001,sqs,0.5818965517241379,0.4440789473684211,0.84375,na
8,0.6000000000000001,poerma,0.10307187738170466,0.054956268221574345,0.8280555555555555,na
8,0.6000000000000001,tns,0.582952772671957,0.577154195011338,0.5888690476190476,na
8,0.6000000000000001,sqsrules_splitall,0.5818965517241379,0.4440789473684211,0.84375,na
8,0.6000000000000001,sqsrules_splitgreedy,0.8231707317073171,0.8035714285714286,0.84375,na
8,0.6000000000000001,sqsrules_greedywoalph,0.6199959928863112,0.6846230158730159,0.5665178571428571,na
8,0.6000000000000001,sqsrules_filter,-0.01,-0.01,-0.01,na
8,0.6000000000000001,sqsrules_greedyalph,-0.01,-0.01,-0.01,na
1,0.2,secret,0.9404761904761904,0.9404761904761904,0.9404761904761905,32.067647874355316
1,0.2,cossu,-0.01,-0.01,-0.01,na
1,0.2,squish,0.5649944567627494,0.4246875,0.84375,na
1,0.2,sqs,0.5357142857142857,0.39244186046511625,0.84375,na
1,0.2,poerma,0.15914533329680816,0.08803219106957424,0.8280555555555555,na
1,0.2,tns,0.5496235568453072,0.5289115646258506,0.5720238095238095,na
1,0.2,sqsrules_splitall,0.5357142857142857,0.39244186046511625,0.84375,na
1,0.2,sqsrules_splitgreedy,0.8231707317073171,0.8035714285714286,0.84375,na
1,0.2,sqsrules_greedywoalph,0.6211730153079387,0.6875,0.5665178571428571,na
1,0.2,sqsrules_filter,-0.01,-0.01,-0.01,na
1,0.2,sqsrules_greedyalph,-0.01,-0.01,-0.01,na
13,0.2,secret,0.9464285714285714,0.9464285714285714,0.9464285714285714,34.26577985684077
13,0.2,cossu,-0.01,-0.01,-0.01,na
13,0.2,squish,-0.01,-0.01,-0.01,na
13,0.2,sqs,0.4821428571428572,0.3375,0.84375,na
13,0.2,poerma,0.1369147996466715,0.07458442694663169,0.8333333333333333,na
13,0.2,tns,0.5704557249347975,0.560997732426304,0.5802380952380952,na
13,0.2,sqsrules_splitall,0.4821428571428572,0.3375,0.84375,na
13,0.2,sqsrules_splitgreedy,0.7828282828282828,0.7175925925925926,0.861111111111111,na
13,0.2,sqsrules_greedywoalph,0.6550045452908986,0.6827050264550265,0.6294642857142856,na
13,0.2,sqsrules_filter,-0.01,-0.01,-0.01,na
13,0.2,sqsrules_greedyalph,-0.01,-0.01,-0.01,na
10,0.8,secret,0.7738095238095236,0.7738095238095236,0.7738095238095237,19.90952656666438
10,0.8,cossu,0.5208470064382342,0.4961309523809523,0.5481547619047619,na
10,0.8,squish,0.703125,0.6026785714285714,0.84375,na
10,0.8,sqs,0.6887755102040816,0.5818965517241379,0.84375,na
10,0.8,poerma,0.10477138276109915,0.05589970501474927,0.8333333333333333,na
10,0.8,tns,0.5748793457112924,0.56921768707483,0.5806547619047618,na
10,0.8,sqsrules_splitall,0.6887755102040816,0.5818965517241379,0.84375,na
10,0.8,sqsrules_splitgreedy,0.84375,0.84375,0.84375,na
10,0.8,sqsrules_greedywoalph,0.6211730153079387,0.6875,0.5665178571428571,na
10,0.8,sqsrules_filter,-0.01,-0.01,-0.01,na
10,0.8,sqsrules_greedyalph,-0.01,-0.01,-0.01,na
2,1.0,secret,-0.01,-0.01,-0.01,12.553737473487853
2,1.0,cossu,0.001,0.001,0.001,na
2,1.0,squish,0.001,0.001,0.001,na
2,1.0,sqs,0.001,0.001,0.001,na
2,1.0,poerma,-0.01,-0.01,-0.01,na
2,1.0,tns,0.08789219879256696,0.07936507936507936,0.09847222222222222,na
2,1.0,sqsrules_splitall,0.001,0.001,0.001,na
2,1.0,sqsrules_splitgreedy,0.001,0.001,0.001,na
2,1.0,sqsrules_greedywoalph,0.001,0.001,0.001,na
2,1.0,sqsrules_filter,0.001,0.001,0.001,na
2,1.0,sqsrules_greedyalph,-0.01,-0.01,-0.01,na
12,1.0,secret,0.001,0.001,0.001,11.846839253107706
12,1.0,cossu,0.001,0.001,0.001,na
12,1.0,squish,0.001,0.001,0.001,na
12,1.0,sqs,0.001,0.001,0.001,na
12,1.0,poerma,-0.01,-0.01,-0.01,na
12,1.0,tns,0.04953918388377274,0.05806878306878308,0.04319444444444444,na
12,1.0,sqsrules_splitall,0.001,0.001,0.001,na
12,1.0,sqsrules_splitgreedy,0.001,0.001,0.001,na
12,1.0,sqsrules_greedywoalph,0.001,0.001,0.001,na
12,1.0,sqsrules_filter,0.001,0.001,0.001,na
12,1.0,sqsrules_greedyalph,-0.01,-0.01,-0.01,na
