trial_num,param:num_rules,method,F1,precision,recall,runtime
5,50.0,secret,-0.01,-0.01,-0.01,51.71019318501155
5,50.0,cossu,-0.01,-0.01,-0.01,na
5,50.0,squish,-0.01,-0.01,-0.01,na
5,50.0,sqs,-0.01,-0.01,-0.01,na
5,50.0,poerma,0.13230043597993288,0.07199321458863449,0.8150555555555556,na
5,50.0,tns,0.5590444677651208,0.5868892001244941,0.5337222222222224,na
5,50.0,sqsrules_splitall,0.5779109589041096,0.439453125,0.84375,na
5,50.0,sqsrules_splitgreedy,0.8201792533947688,0.7999588200059897,0.8414484126984126,na
5,50.0,sqsrules_greedywoalph,0.5462977457733251,0.6875,0.45321428571428585,na
5,50.0,sqsrules_filter,-0.01,-0.01,-0.01,na
5,50.0,sqsrules_greedyalph,-0.01,-0.01,-0.01,na
19,10.0,secret,-0.01,-0.01,-0.01,33.8384241660436
19,10.0,cossu,-0.01,-0.01,-0.01,na
19,10.0,squish,0.5443548387096774,0.4017857142857143,0.84375,na
19,10.0,sqs,-0.01,-0.01,-0.01,na
19,10.0,poerma,0.11538305552175852,0.061982570806100215,0.8333333333333334,na
19,10.0,tns,0.5490888262620441,0.5279220779220779,0.5720238095238096,na
19,10.0,sqsrules_splitall,0.4821428571428572,0.3375,0.84375,na
19,10.0,sqsrules_splitgreedy,0.7828282828282828,0.7175925925925926,0.861111111111111,na
19,10.0,sqsrules_greedywoalph,0.6572033898305085,0.6875,0.6294642857142857,na
19,10.0,sqsrules_filter,-0.01,-0.01,-0.01,na
19,10.0,sqsrules_greedyalph,-0.01,-0.01,-0.01,na
7,50.0,secret,-0.01,-0.01,-0.01,55.01529115041097
7,50.0,cossu,-0.01,-0.01,-0.01,na
7,50.0,squish,0.5819494995450409,0.444140625,0.84375,na
7,50.0,sqs,-0.01,-0.01,-0.01,na
7,50.0,poerma,0.12523589852915978,0.0678144428503109,0.8171666666666666,na
7,50.0,tns,0.5694033246998602,0.58218954248366,0.5571666666666669,na
7,50.0,sqsrules_splitall,0.5739795918367347,0.43492268041237114,0.84375,na
7,50.0,sqsrules_splitgreedy,0.8117243728927853,0.7895515124288709,0.8351785714285714,na
7,50.0,sqsrules_greedywoalph,0.5462977457733251,0.6875,0.45321428571428585,na
7,50.0,sqsrules_filter,-0.01,-0.01,-0.01,na
7,50.0,sqsrules_greedyalph,-0.01,-0.01,-0.01,na
13,20.0,secret,-0.01,-0.01,-0.01,33.801425556341805
13,20.0,cossu,-0.01,-0.01,-0.01,na
13,20.0,squish,-0.01,-0.01,-0.01,na
13,20.0,sqs,-0.01,-0.01,-0.01,na
13,20.0,poerma,0.12557077625570778,0.06790123456790124,0.8333333333333333,na
13,20.0,tns,0.551794173449878,0.5330498866213155,0.5719047619047619,na
13,20.0,sqsrules_splitall,0.5113636363636364,0.36684782608695654,0.84375,na
13,20.0,sqsrules_splitgreedy,0.8316395663956639,0.8118386243386243,0.8524305555555556,na
13,20.0,sqsrules_greedywoalph,0.6572033898305084,0.6875,0.6294642857142856,na
13,20.0,sqsrules_filter,-0.01,-0.01,-0.01,na
13,20.0,sqsrules_greedyalph,-0.01,-0.01,-0.01,na
16,10.0,secret,-0.01,-0.01,-0.01,34.73349432547887
16,10.0,cossu,-0.01,-0.01,-0.01,na
16,10.0,squish,0.5625,0.421875,0.84375,na
16,10.0,sqs,-0.01,-0.01,-0.01,na
16,10.0,poerma,0.11067024545843544,0.05927083333333333,0.8333333333333334,na
16,10.0,tns,0.5503893601336282,0.5200216450216449,0.5845238095238096,na
16,10.0,sqsrules_splitall,0.4821428571428572,0.3375,0.84375,na
16,10.0,sqsrules_splitgreedy,0.7638888888888888,0.6757478632478632,0.8784722222222221,na
16,10.0,sqsrules_greedywoalph,0.6572033898305085,0.6875,0.6294642857142857,na
16,10.0,sqsrules_filter,-0.01,-0.01,-0.01,na
16,10.0,sqsrules_greedyalph,-0.01,-0.01,-0.01,na
17,20.0,secret,-0.01,-0.01,-0.01,32.687354095776875
17,20.0,cossu,-0.01,-0.01,-0.01,na
17,20.0,squish,0.52734375,0.3835227272727273,0.84375,na
17,20.0,sqs,-0.01,-0.01,-0.01,na
17,20.0,poerma,0.12193377672888508,0.06577932098765432,0.8333333333333333,na
17,20.0,tns,0.5704557249347975,0.560997732426304,0.5802380952380952,na
17,20.0,sqsrules_splitall,0.5192307692307693,0.375,0.84375,na
17,20.0,sqsrules_splitgreedy,0.7907196969696969,0.7248263888888888,0.8697916666666666,na
17,20.0,sqsrules_greedywoalph,0.581334332833583,0.6875,0.5035714285714284,na
17,20.0,sqsrules_filter,-0.01,-0.01,-0.01,na
17,20.0,sqsrules_greedyalph,-0.01,-0.01,-0.01,na
12,20.0,secret,-0.01,-0.01,-0.01,32.41849369208018
12,20.0,cossu,0.42068644740916233,0.30505291005290996,0.6774999999999998,na
12,20.0,squish,0.5720338983050848,0.4326923076923077,0.84375,na
12,20.0,sqs,0.52734375,0.3835227272727273,0.84375,na
12,20.0,poerma,0.14046795188663702,0.07669815564552407,0.8333333333333333,na
12,20.0,tns,0.570755086620124,0.565249433106576,0.5763690476190476,na
12,20.0,sqsrules_splitall,0.52734375,0.3835227272727273,0.84375,na
12,20.0,sqsrules_splitgreedy,0.7749368686868686,0.7103587962962963,0.8524305555555556,na
12,20.0,sqsrules_greedywoalph,0.6572033898305084,0.6875,0.6294642857142856,na
12,20.0,sqsrules_filter,-0.01,-0.01,-0.01,na
12,20.0,sqsrules_greedyalph,-0.01,-0.01,-0.01,na
9,50.0,secret,0.8671428571428564,0.8671428571428561,0.8671428571428568,56.98137542804082
9,50.0,cossu,-0.01,-0.01,-0.01,na
9,50.0,squish,-0.01,-0.01,-0.01,na
9,50.0,sqs,0.590034965034965,0.4536290322580645,0.84375,na
9,50.0,poerma,0.13465985382893064,0.07326442721791564,0.8312222222222221,na
9,50.0,tns,0.5683438896362917,0.5631419234360407,0.5736428571428575,na
9,50.0,sqsrules_splitall,0.590034965034965,0.4536290322580645,0.84375,na
9,50.0,sqsrules_splitgreedy,0.8069407008086252,0.7637117346938774,0.8553571428571428,na
9,50.0,sqsrules_greedywoalph,0.5641943636085159,0.6875,0.4783928571428573,na
9,50.0,sqsrules_filter,-0.01,-0.01,-0.01,na
9,50.0,sqsrules_greedyalph,-0.01,-0.01,-0.01,na
17,30.0,secret,0.929365079365079,0.9293650793650788,0.9293650793650791,43.621706346670784
17,30.0,cossu,-0.01,-0.01,-0.01,na
17,30.0,squish,0.5769667170953101,0.43836206896551727,0.84375,na
17,30.0,sqs,0.5443548387096774,0.4017857142857143,0.84375,na
17,30.0,poerma,0.1297268507951001,0.07033828382838288,0.8333333333333335,na
17,30.0,tns,0.5819640048153062,0.5848694316436249,0.5790873015873016,na
17,30.0,sqsrules_splitall,0.5443548387096774,0.4017857142857143,0.84375,na
17,30.0,sqsrules_splitgreedy,0.8362607338017174,0.8227726574500768,0.8501984126984127,na
17,30.0,sqsrules_greedywoalph,0.411624203821656,0.6875,0.29374999999999996,na
17,30.0,sqsrules_filter,-0.01,-0.01,-0.01,na
17,30.0,sqsrules_greedyalph,-0.01,-0.01,-0.01,na
16,20.0,secret,0.9404761904761904,0.9404761904761904,0.9404761904761905,38.42574339310328
16,20.0,cossu,-0.01,-0.01,-0.01,na
16,20.0,squish,0.6026785714285714,0.46875,0.84375,na
16,20.0,sqs,0.52734375,0.3835227272727273,0.84375,na
16,20.0,poerma,0.14046795188663702,0.07669815564552407,0.8333333333333333,na
16,20.0,tns,0.556791477314335,0.5368480725623586,0.5782738095238095,na
16,20.0,sqsrules_splitall,0.52734375,0.3835227272727273,0.84375,na
16,20.0,sqsrules_splitgreedy,0.84375,0.84375,0.84375,na
16,20.0,sqsrules_greedywoalph,0.6572033898305084,0.6875,0.6294642857142856,na
16,20.0,sqsrules_filter,-0.01,-0.01,-0.01,na
16,20.0,sqsrules_greedyalph,-0.01,-0.01,-0.01,na
9,10.0,secret,0.9051398337112624,0.8639971139971141,0.9503968253968255,26.18538042704264
9,10.0,cossu,-0.01,-0.01,-0.01,na
9,10.0,squish,-0.01,-0.01,-0.01,na
9,10.0,sqs,0.5113636363636364,0.36684782608695654,0.84375,na
9,10.0,poerma,0.016189232421739162,0.00817401482637534,0.8333333333333334,na
9,10.0,tns,0.5363531624397913,0.5048701298701298,0.5720238095238096,na
9,10.0,sqsrules_splitall,0.5113636363636364,0.36684782608695654,0.84375,na
9,10.0,sqsrules_splitgreedy,0.7638888888888888,0.6757478632478632,0.8784722222222221,na
9,10.0,sqsrules_greedywoalph,0.6572033898305085,0.6875,0.6294642857142857,na
9,10.0,sqsrules_filter,-0.01,-0.01,-0.01,na
9,10.0,sqsrules_greedyalph,-0.01,-0.01,-0.01,na
15,30.0,secret,0.9219114003933272,0.9075268817204296,0.9367592592592592,36.14713563919067
15,30.0,cossu,0.42722656936157566,0.3290571975916802,0.6088756613756612,na
15,30.0,squish,0.5955882352941176,0.4602272727272727,0.84375,na
15,30.0,sqs,0.5563186813186812,0.4149590163934426,0.84375,na
15,30.0,poerma,0.12433457303288856,0.06717888100866828,0.8333333333333335,na
15,30.0,tns,0.5737103003054931,0.5738095238095237,0.5736111111111111,na
15,30.0,sqsrules_splitall,0.5563186813186812,0.4149590163934426,0.84375,na
15,30.0,sqsrules_splitgreedy,0.7948717948717948,0.738095238095238,0.861111111111111,na
15,30.0,sqsrules_greedywoalph,0.6335784313725491,0.6875,0.5875,na
15,30.0,sqsrules_filter,-0.01,-0.01,-0.01,na
15,30.0,sqsrules_greedyalph,-0.01,-0.01,-0.01,na
9,30.0,secret,0.9404761904761901,0.9404761904761899,0.9404761904761902,42.735797917842866
9,30.0,cossu,-0.01,-0.01,-0.01,na
9,30.0,squish,-0.01,-0.01,-0.01,na
9,30.0,sqs,0.5502717391304348,0.40826612903225806,0.84375,na
9,30.0,poerma,0.13382154526095769,0.0727792059411597,0.829814814814815,na
9,30.0,tns,0.5648143023818424,0.5538786482334869,0.5761904761904761,na
9,30.0,sqsrules_splitall,0.5502717391304348,0.40826612903225806,0.84375,na
9,30.0,sqsrules_splitgreedy,0.8165322580645161,0.791015625,0.84375,na
9,30.0,sqsrules_greedywoalph,0.6335784313725491,0.6875,0.5875,na
9,30.0,sqsrules_filter,-0.01,-0.01,-0.01,na
9,30.0,sqsrules_greedyalph,-0.01,-0.01,-0.01,na
13,30.0,secret,0.929365079365079,0.9293650793650788,0.9293650793650791,41.062323570251465
13,30.0,cossu,-0.01,-0.01,-0.01,na
13,30.0,squish,-0.01,-0.01,-0.01,na
13,30.0,sqs,0.5502717391304348,0.40826612903225806,0.84375,na
13,30.0,poerma,0.12379292819284114,0.06686274509803926,0.8333333333333335,na
13,30.0,tns,0.5763850101510347,0.5791858678955452,0.5736111111111111,na
13,30.0,sqsrules_splitall,0.5502717391304348,0.40826612903225806,0.84375,na
13,30.0,sqsrules_splitgreedy,0.8165322580645161,0.791015625,0.84375,na
13,30.0,sqsrules_greedywoalph,0.581334332833583,0.6875,0.5035714285714284,na
13,30.0,sqsrules_filter,-0.01,-0.01,-0.01,na
13,30.0,sqsrules_greedyalph,-0.01,-0.01,-0.01,na
14,30.0,secret,0.9071038251366116,0.8924731182795694,0.922222222222222,43.22393748362859
14,30.0,cossu,-0.01,-0.01,-0.01,na
14,30.0,squish,-0.01,-0.01,-0.01,na
14,30.0,sqs,0.5443548387096774,0.4017857142857143,0.84375,na
14,30.0,poerma,0.12943141273817665,0.07016460905349799,0.8333333333333335,na
14,30.0,tns,0.5625534262188482,0.5816820276497694,0.5446428571428571,na
14,30.0,sqsrules_splitall,0.5443548387096774,0.4017857142857143,0.84375,na
14,30.0,sqsrules_splitgreedy,0.8362607338017174,0.8227726574500768,0.8501984126984127,na
14,30.0,sqsrules_greedywoalph,0.4875314333612741,0.6875,0.37767857142857136,na
14,30.0,sqsrules_filter,-0.01,-0.01,-0.01,na
14,30.0,sqsrules_greedyalph,-0.01,-0.01,-0.01,na
0,20.0,secret,0.9404761904761904,0.9404761904761904,0.9404761904761905,38.95746878782908
0,20.0,cossu,-0.01,-0.01,-0.01,na
0,20.0,squish,0.625,0.4963235294117647,0.84375,na
0,20.0,sqs,0.5357142857142857,0.39244186046511625,0.84375,na
0,20.0,poerma,0.10870673395524291,0.05814587593728699,0.8333333333333333,na
0,20.0,tns,0.556791477314335,0.5368480725623586,0.5782738095238095,na
0,20.0,sqsrules_splitall,0.5357142857142857,0.39244186046511625,0.84375,na
0,20.0,sqsrules_splitgreedy,0.8231707317073171,0.8035714285714286,0.84375,na
0,20.0,sqsrules_greedywoalph,0.6572033898305084,0.6875,0.6294642857142856,na
0,20.0,sqsrules_filter,-0.01,-0.01,-0.01,na
0,20.0,sqsrules_greedyalph,-0.01,-0.01,-0.01,na
0,40.0,secret,0.9321428571428566,0.9321428571428564,0.9321428571428567,53.965848632653554
0,40.0,cossu,-0.01,-0.01,-0.01,na
0,40.0,squish,0.5921052631578947,0.4560810810810811,0.84375,na
0,40.0,sqs,0.5818965517241379,0.4440789473684211,0.84375,na
0,40.0,poerma,0.147620160473631,0.08098290598290603,0.8333333333333334,na
0,40.0,tns,0.5674966225417324,0.5641114982578395,0.5709226190476191,na
0,40.0,sqsrules_splitall,0.5818965517241379,0.4440789473684211,0.84375,na
0,40.0,sqsrules_splitgreedy,0.8333333333333331,0.823170731707317,0.84375,na
0,40.0,sqsrules_greedywoalph,0.5597930702598652,0.6875,0.4720982142857143,na
0,40.0,sqsrules_filter,-0.01,-0.01,-0.01,na
0,40.0,sqsrules_greedyalph,-0.01,-0.01,-0.01,na
17,10.0,secret,0.9404761904761906,0.9404761904761907,0.9404761904761905,32.9926464120547
17,10.0,cossu,-0.01,-0.01,-0.01,na
17,10.0,squish,0.52734375,0.3835227272727273,0.84375,na
17,10.0,sqs,0.4560810810810811,0.3125,0.84375,na
17,10.0,poerma,0.10927385759148878,0.0584705075445816,0.8333333333333334,na
17,10.0,tns,0.5503893601336282,0.5200216450216449,0.5845238095238096,na
17,10.0,sqsrules_splitall,0.4560810810810811,0.3125,0.84375,na
17,10.0,sqsrules_splitgreedy,0.7789855072463766,0.689102564102564,0.8958333333333333,na
17,10.0,sqsrules_greedywoalph,0.6572033898305085,0.6875,0.6294642857142857,na
17,10.0,sqsrules_filter,-0.01,-0.01,-0.01,na
17,10.0,sqsrules_greedyalph,-0.01,-0.01,-0.01,na
11,40.0,secret,0.8988095238095233,0.8988095238095231,0.8988095238095235,51.92353687286377
11,40.0,cossu,-0.01,-0.01,-0.01,na
11,40.0,squish,0.594661610268378,0.4591216216216216,0.84375,na
11,40.0,sqs,0.5578512396694214,0.4166666666666667,0.84375,na
11,40.0,poerma,0.13744832088199035,0.07490118577075103,0.8333333333333334,na
11,40.0,tns,0.5805080044692502,0.5807781649245061,0.5802380952380954,na
11,40.0,sqsrules_splitall,0.5578512396694214,0.4166666666666667,0.84375,na
11,40.0,sqsrules_splitgreedy,0.8231707317073171,0.8035714285714286,0.84375,na
11,40.0,sqsrules_greedywoalph,0.5130012212497455,0.6875,0.4091517857142857,na
11,40.0,sqsrules_filter,-0.01,-0.01,-0.01,na
11,40.0,sqsrules_greedyalph,-0.01,-0.01,-0.01,na
2,40.0,secret,0.8988095238095233,0.8988095238095231,0.8988095238095235,44.29680609703064
2,40.0,cossu,0.4517567761910703,0.40856595511767896,0.50515873015873,na
2,40.0,squish,0.5921052631578947,0.4560810810810811,0.84375,na
2,40.0,sqs,0.5625,0.421875,0.84375,na
2,40.0,poerma,0.13238850523847795,0.07190596668775041,0.8333333333333334,na
2,40.0,tns,0.5635249466772045,0.5786101432442893,0.5492063492063494,na
2,40.0,sqsrules_splitall,0.5625,0.421875,0.84375,na
2,40.0,sqsrules_splitgreedy,0.8326074332171892,0.8127834467120181,0.853422619047619,na
2,40.0,sqsrules_greedywoalph,0.4875314333612741,0.6875,0.37767857142857136,na
2,40.0,sqsrules_filter,-0.01,-0.01,-0.01,na
2,40.0,sqsrules_greedyalph,-0.01,-0.01,-0.01,na
18,30.0,secret,0.929365079365079,0.9293650793650788,0.9293650793650791,41.48564511537552
18,30.0,cossu,-0.01,-0.01,-0.01,na
18,30.0,squish,-0.01,-0.01,-0.01,na
18,30.0,sqs,0.538563829787234,0.3955078125,0.84375,na
18,30.0,poerma,0.14240374175227602,0.07785388127853886,0.8333333333333335,na
18,30.0,tns,0.5787038931498919,0.5754992319508446,0.5819444444444444,na
18,30.0,sqsrules_splitall,0.538563829787234,0.3955078125,0.84375,na
18,30.0,sqsrules_splitgreedy,0.8090828924162257,0.7723063973063973,0.849537037037037,na
18,30.0,sqsrules_greedywoalph,0.6327627409216064,0.6855820105820105,0.5875,na
18,30.0,sqsrules_filter,-0.01,-0.01,-0.01,na
18,30.0,sqsrules_greedyalph,-0.01,-0.01,-0.01,na
12,30.0,secret,0.918253968253968,0.9182539682539679,0.918253968253968,40.46286936998367
12,30.0,cossu,-0.01,-0.01,-0.01,na
12,30.0,squish,0.5721620612397312,0.4328389830508475,0.84375,na
12,30.0,sqs,0.5328947368421053,0.3894230769230769,0.84375,na
12,30.0,poerma,0.13630721200206722,0.07422396286626057,0.8333333333333335,na
12,30.0,tns,0.5881798749930746,0.5977598566308241,0.5789021164021163,na
12,30.0,sqsrules_splitall,0.5328947368421053,0.3894230769230769,0.84375,na
12,30.0,sqsrules_splitgreedy,0.8356102003642987,0.8221326164874552,0.849537037037037,na
12,30.0,sqsrules_greedywoalph,0.6335784313725491,0.6875,0.5875,na
12,30.0,sqsrules_filter,-0.01,-0.01,-0.01,na
12,30.0,sqsrules_greedyalph,-0.01,-0.01,-0.01,na
8,10.0,secret,0.9404761904761906,0.9404761904761907,0.9404761904761905,22.137596269448597
8,10.0,cossu,-0.01,-0.01,-0.01,na
8,10.0,squish,0.52734375,0.3835227272727273,0.84375,na
8,10.0,sqs,0.46875,0.3245192307692308,0.84375,na
8,10.0,poerma,0.12598832483558708,0.0681454836131095,0.8333333333333334,na
8,10.0,tns,0.5490888262620441,0.5279220779220779,0.5720238095238096,na
8,10.0,sqsrules_splitall,0.46875,0.3245192307692308,0.84375,na
8,10.0,sqsrules_splitgreedy,0.8201058201058201,0.7828282828282828,0.861111111111111,na
8,10.0,sqsrules_greedywoalph,0.6572033898305085,0.6875,0.6294642857142857,na
8,10.0,sqsrules_filter,-0.01,-0.01,-0.01,na
8,10.0,sqsrules_greedyalph,-0.01,-0.01,-0.01,na
8,50.0,secret,0.8538095238095229,0.8538095238095227,0.8538095238095234,53.68184892336527
8,50.0,cossu,-0.01,-0.01,-0.01,na
8,50.0,squish,0.5721110611510791,0.432780612244898,0.84375,na
8,50.0,sqs,0.5739795918367347,0.43492268041237114,0.84375,na
8,50.0,poerma,0.2165302511881855,0.12566636717580124,0.7818571428571427,na
8,50.0,tns,0.5496067095319893,0.5661531279178335,0.5340000000000003,na
8,50.0,sqsrules_splitall,0.5739795918367347,0.43492268041237114,0.84375,na
8,50.0,sqsrules_splitgreedy,0.818738553113553,0.7884149029982362,0.8514880952380952,na
8,50.0,sqsrules_greedywoalph,0.3948574338085539,0.6875,0.27696428571428566,na
8,50.0,sqsrules_filter,-0.01,-0.01,-0.01,na
8,50.0,sqsrules_greedyalph,-0.01,-0.01,-0.01,na
10,10.0,secret,0.9384920634920637,0.9384920634920636,0.9384920634920636,19.081991891066235
10,10.0,cossu,0.39621848739495813,0.28065476190476196,0.6735714285714287,na
10,10.0,squish,-0.01,-0.01,-0.01,na
10,10.0,sqs,0.4963235294117647,0.3515625,0.84375,na
10,10.0,poerma,0.10561853434925352,0.05638227513227512,0.8333333333333334,na
10,10.0,tns,0.5503893601336282,0.5200216450216449,0.5845238095238096,na
10,10.0,sqsrules_splitall,0.4963235294117647,0.3515625,0.84375,na
10,10.0,sqsrules_splitgreedy,0.798611111111111,0.7320601851851851,0.8784722222222221,na
10,10.0,sqsrules_greedywoalph,0.6550045452908987,0.6827050264550265,0.6294642857142857,na
10,10.0,sqsrules_filter,-0.01,-0.01,-0.01,na
10,10.0,sqsrules_greedyalph,-0.01,-0.01,-0.01,na
16,50.0,secret,0.8486072206660434,0.8322878510378501,0.8655793650793646,47.852694662412006
16,50.0,cossu,0.4529700173481345,0.44848310291858634,0.45754761904761887,na
16,50.0,squish,0.5859375,0.4488031914893617,0.84375,na
16,50.0,sqs,0.5701013513513513,0.430484693877551,0.84375,na
16,50.0,poerma,0.1267333649818684,0.06869347545219642,0.8171666666666666,na
16,50.0,tns,0.5415213888075007,0.5527777777777774,0.5307142857142859,na
16,50.0,sqsrules_splitall,0.5701013513513513,0.430484693877551,0.84375,na
16,50.0,sqsrules_splitgreedy,0.7996355843036909,0.7577770691609977,0.8463888888888889,na
16,50.0,sqsrules_greedywoalph,0.4660456730769231,0.6875,0.3525,na
16,50.0,sqsrules_filter,-0.01,-0.01,-0.01,na
16,50.0,sqsrules_greedyalph,-0.01,-0.01,-0.01,na
4,50.0,secret,0.8427484719680868,0.8278006715506705,0.8582460317460313,56.26844569444656
4,50.0,cossu,-0.01,-0.01,-0.01,na
4,50.0,squish,0.5692771084337349,0.4295454545454546,0.84375,na
4,50.0,sqs,0.5818965517241379,0.4440789473684211,0.84375,na
4,50.0,poerma,0.1341991341991343,0.07297551789077218,0.8333333333333331,na
4,50.0,tns,0.5788166251841308,0.5814425770308121,0.5762142857142859,na
4,50.0,sqsrules_splitall,0.5845648604269293,0.44611528822055135,0.8476190476190476,na
4,50.0,sqsrules_splitgreedy,0.830999066293184,0.815018315018315,0.8476190476190476,na
4,50.0,sqsrules_greedywoalph,0.5080248935473305,0.6875,0.4028571428571429,na
4,50.0,sqsrules_filter,-0.01,-0.01,-0.01,na
4,50.0,sqsrules_greedyalph,-0.01,-0.01,-0.01,na
2,20.0,secret,0.9404761904761904,0.9404761904761904,0.9404761904761905,33.96475671132406
2,20.0,cossu,-0.01,-0.01,-0.01,na
2,20.0,squish,0.5818965517241379,0.4440789473684211,0.84375,na
2,20.0,sqs,0.5037313432835822,0.35904255319148937,0.84375,na
2,20.0,poerma,0.12315591083382077,0.06649122807017545,0.8333333333333333,na
2,20.0,tns,0.5800282688209427,0.5798185941043086,0.5802380952380952,na
2,20.0,sqsrules_splitall,0.5037313432835822,0.35904255319148937,0.84375,na
2,20.0,sqsrules_splitgreedy,0.7907196969696969,0.7248263888888888,0.8697916666666666,na
2,20.0,sqsrules_greedywoalph,0.6560060089497081,0.6848845598845599,0.6294642857142856,na
2,20.0,sqsrules_filter,-0.01,-0.01,-0.01,na
2,20.0,sqsrules_greedyalph,-0.01,-0.01,-0.01,na
16,30.0,secret,0.9404761904761901,0.9404761904761899,0.9404761904761902,45.164464354515076
16,30.0,cossu,-0.01,-0.01,-0.01,na
16,30.0,squish,0.5818965517241379,0.4440789473684211,0.84375,na
16,30.0,sqs,0.5328947368421053,0.3894230769230769,0.84375,na
16,30.0,poerma,0.13185702945391198,0.07159249930030791,0.8333333333333335,na
16,30.0,tns,0.5571628019817249,0.543125960061444,0.5719444444444445,na
16,30.0,sqsrules_splitall,0.5328947368421053,0.3894230769230769,0.84375,na
16,30.0,sqsrules_splitgreedy,0.84375,0.84375,0.84375,na
16,30.0,sqsrules_greedywoalph,0.6572033898305085,0.6875,0.6294642857142858,na
16,30.0,sqsrules_filter,-0.01,-0.01,-0.01,na
16,30.0,sqsrules_greedyalph,-0.01,-0.01,-0.01,na
10,30.0,secret,0.9287037037037034,0.9287037037037033,0.9287037037037035,41.107774285475415
10,30.0,cossu,-0.01,-0.01,-0.01,na
10,30.0,squish,0.5596238130021913,0.41864754098360657,0.84375,na
10,30.0,sqs,0.5625,0.421875,0.84375,na
10,30.0,poerma,0.12797417998949193,0.06930894308943093,0.8333333333333335,na
10,30.0,tns,0.5681914314962279,0.5591781874039938,0.5775,na
10,30.0,sqsrules_splitall,0.5625,0.421875,0.84375,na
10,30.0,sqsrules_splitgreedy,0.8035714285714286,0.7670454545454546,0.84375,na
10,30.0,sqsrules_greedywoalph,0.6335784313725491,0.6875,0.5875,na
10,30.0,sqsrules_filter,-0.01,-0.01,-0.01,na
10,30.0,sqsrules_greedyalph,-0.01,-0.01,-0.01,na
8,20.0,secret,0.9394841269841269,0.9394841269841269,0.9394841269841269,33.52694136301677
8,20.0,cossu,-0.01,-0.01,-0.01,na
8,20.0,squish,0.5818965517241379,0.4440789473684211,0.84375,na
8,20.0,sqs,0.5443548387096774,0.4017857142857143,0.84375,na
8,20.0,poerma,0.12743174216815203,0.06902726902726902,0.8280555555555555,na
8,20.0,tns,0.5481352090991984,0.5294784580498869,0.5681547619047619,na
8,20.0,sqsrules_splitall,0.5443548387096774,0.4017857142857143,0.84375,na
8,20.0,sqsrules_splitgreedy,0.8035714285714286,0.7670454545454546,0.84375,na
8,20.0,sqsrules_greedywoalph,0.6211730153079387,0.6875,0.5665178571428571,na
8,20.0,sqsrules_filter,-0.01,-0.01,-0.01,na
8,20.0,sqsrules_greedyalph,-0.01,-0.01,-0.01,na
14,40.0,secret,0.9154761904761899,0.9154761904761897,0.9154761904761901,54.100272325674695
14,40.0,cossu,-0.01,-0.01,-0.01,na
14,40.0,squish,-0.01,-0.01,-0.01,na
14,40.0,sqs,0.5443548387096774,0.4017857142857143,0.84375,na
14,40.0,poerma,0.14046795188663713,0.07669815564552412,0.8333333333333334,na
14,40.0,tns,0.5582591985542545,0.5685830429732865,0.5483035714285716,na
14,40.0,sqsrules_splitall,0.5443548387096774,0.4017857142857143,0.84375,na
14,40.0,sqsrules_splitgreedy,0.8333333333333331,0.823170731707317,0.84375,na
14,40.0,sqsrules_greedywoalph,0.4875314333612741,0.6875,0.37767857142857136,na
14,40.0,sqsrules_filter,-0.01,-0.01,-0.01,na
14,40.0,sqsrules_greedyalph,-0.01,-0.01,-0.01,na
11,50.0,secret,0.8828571428571421,0.8828571428571418,0.8828571428571425,54.524094291528066
11,50.0,cossu,-0.01,-0.01,-0.01,na
11,50.0,squish,0.5952157598499062,0.45978260869565213,0.84375,na
11,50.0,sqs,0.5779109589041096,0.439453125,0.84375,na
11,50.0,poerma,0.1480452084591683,0.08134442532032898,0.8223809523809522,na
11,50.0,tns,0.5753851127173901,0.5800264550264548,0.5708174603174606,na
11,50.0,sqsrules_splitall,0.5779109589041096,0.439453125,0.84375,na
11,50.0,sqsrules_splitgreedy,0.8430575200377181,0.8347922502334266,0.8514880952380952,na
11,50.0,sqsrules_greedywoalph,0.2477108177172061,0.6875,0.15107142857142855,na
11,50.0,sqsrules_filter,-0.01,-0.01,-0.01,na
11,50.0,sqsrules_greedyalph,-0.01,-0.01,-0.01,na
12,10.0,secret,0.8956916099773244,0.8549783549783552,0.9404761904761905,29.656104803085327
12,10.0,cossu,-0.01,-0.01,-0.01,na
12,10.0,squish,-0.01,-0.01,-0.01,na
12,10.0,sqs,0.46875,0.3245192307692308,0.84375,na
12,10.0,poerma,0.12193377672888506,0.06577932098765431,0.8333333333333334,na
12,10.0,tns,0.5430188759549701,0.512987012987013,0.5767857142857143,na
12,10.0,sqsrules_splitall,0.46875,0.3245192307692308,0.84375,na
12,10.0,sqsrules_splitgreedy,0.798611111111111,0.7320601851851851,0.8784722222222221,na
12,10.0,sqsrules_greedywoalph,0.6572033898305085,0.6875,0.6294642857142857,na
12,10.0,sqsrules_filter,-0.01,-0.01,-0.01,na
12,10.0,sqsrules_greedyalph,-0.01,-0.01,-0.01,na
4,30.0,secret,0.9404761904761901,0.9404761904761899,0.9404761904761902,39.52747184832891
4,30.0,cossu,-0.01,-0.01,-0.01,na
4,30.0,squish,0.5955882352941176,0.4602272727272727,0.84375,na
4,30.0,sqs,0.5752840909090908,0.4364224137931034,0.84375,na
4,30.0,poerma,0.11078484872108037,0.0593365808397124,0.8333333333333335,na
4,30.0,tns,0.5758025701363098,0.5741935483870966,0.5774206349206349,na
4,30.0,sqsrules_splitall,0.5752840909090908,0.4364224137931034,0.84375,na
4,30.0,sqsrules_splitgreedy,0.84375,0.84375,0.84375,na
4,30.0,sqsrules_greedywoalph,0.5211693548387096,0.6875,0.41964285714285704,na
4,30.0,sqsrules_filter,-0.01,-0.01,-0.01,na
4,30.0,sqsrules_greedyalph,-0.01,-0.01,-0.01,na
19,20.0,secret,0.9404761904761904,0.9404761904761904,0.9404761904761905,35.375699253877
19,20.0,cossu,-0.01,-0.01,-0.01,na
19,20.0,squish,0.6026785714285714,0.46875,0.84375,na
19,20.0,sqs,0.5192307692307693,0.375,0.84375,na
19,20.0,poerma,0.1295014270966175,0.07020576131687244,0.8333333333333333,na
19,20.0,tns,0.5744060699009611,0.5628117913832202,0.5864880952380952,na
19,20.0,sqsrules_splitall,0.5192307692307693,0.375,0.84375,na
19,20.0,sqsrules_splitgreedy,0.8316395663956639,0.8118386243386243,0.8524305555555556,na
19,20.0,sqsrules_greedywoalph,0.6572033898305084,0.6875,0.6294642857142856,na
19,20.0,sqsrules_filter,-0.01,-0.01,-0.01,na
19,20.0,sqsrules_greedyalph,-0.01,-0.01,-0.01,na
13,50.0,secret,0.8671428571428564,0.8671428571428561,0.8671428571428568,54.94579067627589
13,50.0,cossu,-0.01,-0.01,-0.01,na
13,50.0,squish,-0.01,-0.01,-0.01,na
13,50.0,sqs,0.5625,0.421875,0.84375,na
13,50.0,poerma,0.13523791659424828,0.07360678435444795,0.8312222222222221,na
13,50.0,tns,0.569343769253082,0.5659197012138185,0.5728095238095241,na
13,50.0,sqsrules_splitall,0.5625,0.421875,0.84375,na
13,50.0,sqsrules_splitgreedy,0.8347922502334266,0.818738553113553,0.8514880952380952,na
13,50.0,sqsrules_greedywoalph,0.5275932447574837,0.6875,0.42803571428571435,na
13,50.0,sqsrules_filter,-0.01,-0.01,-0.01,na
13,50.0,sqsrules_greedyalph,-0.01,-0.01,-0.01,na
18,20.0,secret,0.9111304684475418,0.8894368858654573,0.9339087301587302,30.690252010027567
18,20.0,cossu,-0.01,-0.01,-0.01,na
18,20.0,squish,-0.01,-0.01,-0.01,na
18,20.0,sqs,0.5357142857142857,0.39244186046511625,0.84375,na
18,20.0,poerma,0.12193377672888508,0.06577932098765432,0.8333333333333333,na
18,20.0,tns,0.5704557249347975,0.560997732426304,0.5802380952380952,na
18,20.0,sqsrules_splitall,0.5357142857142857,0.39244186046511625,0.84375,na
18,20.0,sqsrules_splitgreedy,0.7929586563307494,0.741243961352657,0.8524305555555556,na
18,20.0,sqsrules_greedywoalph,0.6572033898305084,0.6875,0.6294642857142856,na
18,20.0,sqsrules_filter,-0.01,-0.01,-0.01,na
18,20.0,sqsrules_greedyalph,-0.01,-0.01,-0.01,na
1,20.0,secret,0.9394841269841269,0.9394841269841269,0.9394841269841269,32.46210114955902
1,20.0,cossu,-0.01,-0.01,-0.01,na
1,20.0,squish,-0.01,-0.01,-0.01,na
1,20.0,sqs,0.5192307692307693,0.375,0.84375,na
1,20.0,poerma,0.1361433605039013,0.07416885389326335,0.8280555555555555,na
1,20.0,tns,0.5704557249347975,0.560997732426304,0.5802380952380952,na
1,20.0,sqsrules_splitall,0.5192307692307693,0.375,0.84375,na
1,20.0,sqsrules_splitgreedy,0.84375,0.84375,0.84375,na
1,20.0,sqsrules_greedywoalph,0.6211730153079387,0.6875,0.5665178571428571,na
1,20.0,sqsrules_filter,-0.01,-0.01,-0.01,na
1,20.0,sqsrules_greedyalph,-0.01,-0.01,-0.01,na
10,20.0,secret,0.9464285714285715,0.9464285714285714,0.9464285714285715,33.642246933778125
10,20.0,cossu,-0.01,-0.01,-0.01,na
10,20.0,squish,-0.01,-0.01,-0.01,na
10,20.0,sqs,0.5113636363636364,0.36684782608695654,0.84375,na
10,20.0,poerma,0.11188522170396176,0.059968354430379754,0.8333333333333333,na
10,20.0,tns,0.5683084203649155,0.5568594104308392,0.5802380952380952,na
10,20.0,sqsrules_splitall,0.5113636363636364,0.36684782608695654,0.84375,na
10,20.0,sqsrules_splitgreedy,0.8010335917312662,0.748792270531401,0.861111111111111,na
10,20.0,sqsrules_greedywoalph,0.6211730153079387,0.6875,0.5665178571428571,na
10,20.0,sqsrules_filter,-0.01,-0.01,-0.01,na
10,20.0,sqsrules_greedyalph,-0.01,-0.01,-0.01,na
18,50.0,secret,0.8367400168036713,0.8285636476812938,0.8450793650793648,54.372023884455366
18,50.0,cossu,-0.01,-0.01,-0.01,na
18,50.0,squish,-0.01,-0.01,-0.01,na
18,50.0,sqs,0.5779109589041096,0.439453125,0.84375,na
18,50.0,poerma,0.13211232127536388,0.07182539682539688,0.8223809523809522,na
18,50.0,tns,0.5472425746663881,0.5647525676937438,0.5307857142857145,na
18,50.0,sqsrules_splitall,0.5779109589041096,0.439453125,0.84375,na
18,50.0,sqsrules_splitgreedy,0.818738553113553,0.7884149029982362,0.8514880952380952,na
18,50.0,sqsrules_greedywoalph,0.5977646454265161,0.6875,0.5287500000000002,na
18,50.0,sqsrules_filter,-0.01,-0.01,-0.01,na
18,50.0,sqsrules_greedyalph,-0.01,-0.01,-0.01,na
12,40.0,secret,0.9238095238095233,0.923809523809523,0.9238095238095235,52.91951361099879
12,40.0,cossu,-0.01,-0.01,-0.01,na
12,40.0,squish,0.6081081081081081,0.4753521126760563,0.84375,na
12,40.0,sqs,0.5625,0.421875,0.84375,na
12,40.0,poerma,0.13596900337231835,0.07402343750000004,0.8333333333333334,na
12,40.0,tns,0.5637171656983961,0.5545296167247383,0.5732142857142859,na
12,40.0,sqsrules_splitall,0.5625,0.421875,0.84375,na
12,40.0,sqsrules_splitgreedy,0.8231707317073171,0.8035714285714286,0.84375,na
12,40.0,sqsrules_greedywoalph,0.6572033898305085,0.6875,0.6294642857142859,na
12,40.0,sqsrules_filter,-0.01,-0.01,-0.01,na
12,40.0,sqsrules_greedyalph,-0.01,-0.01,-0.01,na
13,40.0,secret,0.9154761904761899,0.9154761904761897,0.9154761904761901,47.47956176598867
13,40.0,cossu,-0.01,-0.01,-0.01,na
13,40.0,squish,-0.01,-0.01,-0.01,na
13,40.0,sqs,0.5672268907563025,0.4272151898734177,0.84375,na
13,40.0,poerma,0.12916979890900748,0.07010925582354158,0.8196428571428573,na
13,40.0,tns,0.5742070465089818,0.57520325203252,0.5732142857142859,na
13,40.0,sqsrules_splitall,0.5672268907563025,0.4272151898734177,0.84375,na
13,40.0,sqsrules_splitgreedy,0.8035714285714286,0.7670454545454546,0.84375,na
13,40.0,sqsrules_greedywoalph,0.5130012212497455,0.6875,0.4091517857142857,na
13,40.0,sqsrules_filter,-0.01,-0.01,-0.01,na
13,40.0,sqsrules_greedyalph,-0.01,-0.01,-0.01,na
3,10.0,secret,0.9384920634920636,0.9384920634920636,0.9384920634920635,28.882783794403075
3,10.0,cossu,-0.01,-0.01,-0.01,na
3,10.0,squish,0.5625,0.421875,0.84375,na
3,10.0,sqs,0.46875,0.3245192307692308,0.84375,na
3,10.0,poerma,0.12775581116702608,0.06918085969180858,0.8333333333333334,na
3,10.0,tns,0.5503893601336282,0.5200216450216449,0.5845238095238096,na
3,10.0,sqsrules_splitall,0.4722222222222222,0.3269230769230769,0.85,na
3,10.0,sqsrules_splitgreedy,0.7465277777777777,0.6398809523809523,0.8958333333333333,na
3,10.0,sqsrules_greedywoalph,0.6572033898305085,0.6875,0.6294642857142857,na
3,10.0,sqsrules_filter,-0.01,-0.01,-0.01,na
3,10.0,sqsrules_greedyalph,-0.01,-0.01,-0.01,na
15,50.0,secret,0.8338095238095231,0.8338095238095228,0.8338095238095233,49.29139810005824
15,50.0,cossu,-0.01,-0.01,-0.01,na
15,50.0,squish,0.5920777105630526,0.4560483870967742,0.84375,na
15,50.0,sqs,0.5859375,0.4488031914893617,0.84375,na
15,50.0,poerma,0.13711298753518306,0.07470206799859802,0.8333333333333331,na
15,50.0,tns,0.5876426476445171,0.5936352318705258,0.5817698412698415,na
15,50.0,sqsrules_splitall,0.5859375,0.4488031914893617,0.84375,na
15,50.0,sqsrules_splitgreedy,0.830058560641085,0.8065663372267146,0.8549603174603174,na
15,50.0,sqsrules_greedywoalph,0.4660456730769231,0.6875,0.3525,na
15,50.0,sqsrules_filter,-0.01,-0.01,-0.01,na
15,50.0,sqsrules_greedyalph,-0.01,-0.01,-0.01,na
16,40.0,secret,0.8881654988735339,0.8788424312814549,0.8976884920634918,52.28475099802017
16,40.0,cossu,-0.01,-0.01,-0.01,na
16,40.0,squish,0.5732928893905191,0.43413461538461534,0.84375,na
16,40.0,sqs,0.5720338983050848,0.4326923076923077,0.84375,na
16,40.0,poerma,0.12907079280041775,0.07009894867037729,0.8131250000000001,na
16,40.0,tns,0.5449588462096152,0.5459930313588846,0.5439285714285715,na
16,40.0,sqsrules_splitall,0.5720338983050848,0.4326923076923077,0.84375,na
16,40.0,sqsrules_splitgreedy,0.8304116251660995,0.8344990079365079,0.8263640873015874,na
16,40.0,sqsrules_greedywoalph,0.6211730153079389,0.6875,0.5665178571428573,na
16,40.0,sqsrules_filter,-0.01,-0.01,-0.01,na
16,40.0,sqsrules_greedyalph,-0.01,-0.01,-0.01,na
5,20.0,secret,0.9175377468060393,0.8956916099773241,0.9404761904761905,35.318577349185944
5,20.0,cossu,-0.01,-0.01,-0.01,na
5,20.0,squish,0.6026785714285714,0.46875,0.84375,na
5,20.0,sqs,0.5443548387096774,0.4017857142857143,0.84375,na
5,20.0,poerma,0.11962393881989758,0.0644368858654573,0.8333333333333333,na
5,20.0,tns,0.5639550032150806,0.5447845804988665,0.5845238095238094,na
5,20.0,sqsrules_splitall,0.5443548387096774,0.4017857142857143,0.84375,na
5,20.0,sqsrules_splitgreedy,0.8201058201058201,0.7828282828282828,0.861111111111111,na
5,20.0,sqsrules_greedywoalph,0.6572033898305084,0.6875,0.6294642857142856,na
5,20.0,sqsrules_filter,-0.01,-0.01,-0.01,na
5,20.0,sqsrules_greedyalph,-0.01,-0.01,-0.01,na
4,40.0,secret,0.9154761904761899,0.9154761904761897,0.9154761904761901,50.795124888420105
4,40.0,cossu,-0.01,-0.01,-0.01,na
4,40.0,squish,0.6026785714285714,0.46875,0.84375,na
4,40.0,sqs,0.5818965517241379,0.4440789473684211,0.84375,na
4,40.0,poerma,0.1564356253984855,0.08631991900784616,0.8333333333333334,na
4,40.0,tns,0.5761016602623495,0.5746806039488962,0.577529761904762,na
4,40.0,sqsrules_splitall,0.5818965517241379,0.4440789473684211,0.84375,na
4,40.0,sqsrules_splitgreedy,0.8032212885154062,0.7585978835978835,0.853422619047619,na
4,40.0,sqsrules_greedywoalph,0.6211730153079389,0.6875,0.5665178571428573,na
4,40.0,sqsrules_filter,-0.01,-0.01,-0.01,na
4,40.0,sqsrules_greedyalph,-0.01,-0.01,-0.01,na
18,40.0,secret,0.9149801587301583,0.914980158730158,0.9149801587301585,50.44188069502513
18,40.0,cossu,-0.01,-0.01,-0.01,na
18,40.0,squish,-0.01,-0.01,-0.01,na
18,40.0,sqs,0.5818965517241379,0.4440789473684211,0.84375,na
18,40.0,poerma,0.1340092745421678,0.07286324786324791,0.8333333333333334,na
18,40.0,tns,0.5626156039026328,0.5797909407665501,0.5464285714285715,na
18,40.0,sqsrules_splitall,0.5818965517241379,0.4440789473684211,0.84375,na
18,40.0,sqsrules_splitgreedy,0.8032212885154062,0.7585978835978835,0.853422619047619,na
18,40.0,sqsrules_greedywoalph,0.5597930702598652,0.6875,0.4720982142857143,na
18,40.0,sqsrules_filter,-0.01,-0.01,-0.01,na
18,40.0,sqsrules_greedyalph,-0.01,-0.01,-0.01,na
1,30.0,secret,0.9404761904761901,0.9404761904761899,0.9404761904761902,38.61250918706258
1,30.0,cossu,-0.01,-0.01,-0.01,na
1,30.0,squish,-0.01,-0.01,-0.01,na
1,30.0,sqs,0.538563829787234,0.3955078125,0.84375,na
1,30.0,poerma,0.13013091234145,0.07060127459129957,0.829814814814815,na
1,30.0,tns,0.5753024438992789,0.5729262672811057,0.5776984126984127,na
1,30.0,sqsrules_splitall,0.538563829787234,0.3955078125,0.84375,na
1,30.0,sqsrules_splitgreedy,0.8221326164874552,0.7964409722222222,0.849537037037037,na
1,30.0,sqsrules_greedywoalph,0.6083454018826937,0.6875,0.5455357142857142,na
1,30.0,sqsrules_filter,-0.01,-0.01,-0.01,na
1,30.0,sqsrules_greedyalph,-0.01,-0.01,-0.01,na
7,10.0,secret,0.9141648852123804,0.9404761904761907,0.8892857142857142,26.512508753935496
7,10.0,cossu,-0.01,-0.01,-0.01,na
7,10.0,squish,-0.01,-0.01,-0.01,na
7,10.0,sqs,0.46050269299820473,0.3166666666666667,0.84375,na
7,10.0,poerma,0.12705095948026582,0.06938271604938269,0.7525000000000001,na
7,10.0,tns,0.5250281562617318,0.5198051948051948,0.5303571428571429,na
7,10.0,sqsrules_splitall,0.4773951519815314,0.3282407407407408,0.875,na
7,10.0,sqsrules_splitgreedy,0.7678574404613101,0.7175925925925926,0.8256944444444443,na
7,10.0,sqsrules_greedywoalph,0.6381400766600106,0.6779100529100529,0.6027777777777777,na
7,10.0,sqsrules_filter,-0.01,-0.01,-0.01,na
7,10.0,sqsrules_greedyalph,-0.01,-0.01,-0.01,na
19,30.0,secret,0.9404761904761901,0.9404761904761899,0.9404761904761902,40.02437592347463
19,30.0,cossu,-0.01,-0.01,-0.01,na
19,30.0,squish,0.5886627906976744,0.45200892857142855,0.84375,na
19,30.0,sqs,0.5502717391304348,0.40826612903225806,0.84375,na
19,30.0,poerma,0.14873942248974972,0.08165708812260541,0.8333333333333335,na
19,30.0,tns,0.5604522662381975,0.5456221198156682,0.5761111111111111,na
19,30.0,sqsrules_splitall,0.5502717391304348,0.40826612903225806,0.84375,na
19,30.0,sqsrules_splitgreedy,0.8299180327868854,0.8165322580645161,0.84375,na
19,30.0,sqsrules_greedywoalph,0.6572033898305085,0.6875,0.6294642857142858,na
19,30.0,sqsrules_filter,-0.01,-0.01,-0.01,na
19,30.0,sqsrules_greedyalph,-0.01,-0.01,-0.01,na
4,10.0,secret,0.9404761904761906,0.9404761904761907,0.9404761904761905,32.59408229589462
4,10.0,cossu,-0.01,-0.01,-0.01,na
4,10.0,squish,-0.01,-0.01,-0.01,na
4,10.0,sqs,0.4821428571428572,0.3375,0.84375,na
4,10.0,poerma,0.11258050892197233,0.06036801132342533,0.8333333333333334,na
4,10.0,tns,0.5490888262620441,0.5279220779220779,0.5720238095238096,na
4,10.0,sqsrules_splitall,0.4953617810760668,0.34675324675324676,0.8668831168831168,na
4,10.0,sqsrules_splitgreedy,0.7638888888888888,0.6757478632478632,0.8784722222222221,na
4,10.0,sqsrules_greedywoalph,0.6572033898305085,0.6875,0.6294642857142857,na
4,10.0,sqsrules_filter,-0.01,-0.01,-0.01,na
4,10.0,sqsrules_greedyalph,-0.01,-0.01,-0.01,na
14,50.0,secret,0.8942951438000937,0.8855275443510728,0.9032380952380948,58.62610828081767
14,50.0,cossu,-0.01,-0.01,-0.01,na
14,50.0,squish,-0.01,-0.01,-0.01,na
14,50.0,sqs,0.5818965517241379,0.4440789473684211,0.84375,na
14,50.0,poerma,0.13811259619279068,0.07529588411941358,0.8333333333333331,na
14,50.0,tns,0.5565080186613037,0.5610410830999062,0.5520476190476192,na
14,50.0,sqsrules_splitall,0.5818965517241379,0.4440789473684211,0.84375,na
14,50.0,sqsrules_splitgreedy,0.8035714285714286,0.7670454545454546,0.84375,na
14,50.0,sqsrules_greedywoalph,0.5462977457733251,0.6875,0.45321428571428585,na
14,50.0,sqsrules_filter,-0.01,-0.01,-0.01,na
14,50.0,sqsrules_greedyalph,-0.01,-0.01,-0.01,na
11,20.0,secret,0.9404761904761904,0.9404761904761904,0.9404761904761905,32.71090001265208
11,20.0,cossu,-0.01,-0.01,-0.01,na
11,20.0,squish,0.5625,0.421875,0.84375,na
11,20.0,sqs,0.5443548387096774,0.4017857142857143,0.84375,na
11,20.0,poerma,0.14643992098256464,0.08027306967984935,0.8333333333333333,na
11,20.0,tns,0.5641462643777087,0.5489229024943313,0.5802380952380952,na
11,20.0,sqsrules_splitall,0.5443548387096774,0.4017857142857143,0.84375,na
11,20.0,sqsrules_splitgreedy,0.8316395663956639,0.8118386243386243,0.8524305555555556,na
11,20.0,sqsrules_greedywoalph,0.6572033898305084,0.6875,0.6294642857142856,na
11,20.0,sqsrules_filter,-0.01,-0.01,-0.01,na
11,20.0,sqsrules_greedyalph,-0.01,-0.01,-0.01,na
17,40.0,secret,0.9071428571428566,0.9071428571428563,0.9071428571428569,43.266191856066385
17,40.0,cossu,0.4970424958407863,0.4440759637188206,0.5643551587301586,na
17,40.0,squish,0.576923076923077,0.4383116883116883,0.84375,na
17,40.0,sqs,0.5672268907563025,0.4272151898734177,0.84375,na
17,40.0,poerma,0.12811842500751436,0.06939356939356944,0.8333333333333334,na
17,40.0,tns,0.5571398333174388,0.5662020905923342,0.5483630952380953,na
17,40.0,sqsrules_splitall,0.5672268907563025,0.4272151898734177,0.84375,na
17,40.0,sqsrules_splitgreedy,0.8027544351073763,0.7581569664902998,0.8529265873015873,na
17,40.0,sqsrules_greedywoalph,0.25610964332893,0.6875,0.15736607142857142,na
17,40.0,sqsrules_filter,-0.01,-0.01,-0.01,na
17,40.0,sqsrules_greedyalph,-0.01,-0.01,-0.01,na
7,30.0,secret,0.9206960139409103,0.9307608100711543,0.9108465608465607,46.82458064953486
7,30.0,cossu,-0.01,-0.01,-0.01,na
7,30.0,squish,-0.01,-0.01,-0.01,na
7,30.0,sqs,0.5443548387096774,0.4017857142857143,0.84375,na
7,30.0,poerma,0.1361000665296339,0.07432195975503067,0.806388888888889,na
7,30.0,tns,0.5495244654526494,0.5591781874039938,0.5401984126984126,na
7,30.0,sqsrules_splitall,0.5443548387096774,0.4017857142857143,0.84375,na
7,30.0,sqsrules_splitgreedy,0.8158098004132678,0.7964409722222222,0.8361441798941799,na
7,30.0,sqsrules_greedywoalph,0.5523504273504273,0.6875,0.46160714285714277,na
7,30.0,sqsrules_filter,-0.01,-0.01,-0.01,na
7,30.0,sqsrules_greedyalph,-0.01,-0.01,-0.01,na
6,40.0,secret,0.9149801587301583,0.914980158730158,0.9149801587301585,46.382505929470064
6,40.0,cossu,-0.01,-0.01,-0.01,na
6,40.0,squish,-0.01,-0.01,-0.01,na
6,40.0,sqs,0.5625,0.421875,0.84375,na
6,40.0,poerma,0.14180106688619748,0.07749375142013183,0.8333333333333334,na
6,40.0,tns,0.5706578511854156,0.5623112659698022,0.5792559523809525,na
6,40.0,sqsrules_splitall,0.5625,0.421875,0.84375,na
6,40.0,sqsrules_splitgreedy,0.8179145152036718,0.7893826135105204,0.8485863095238095,na
6,40.0,sqsrules_greedywoalph,0.6017664779989046,0.6875,0.5350446428571429,na
6,40.0,sqsrules_filter,-0.01,-0.01,-0.01,na
6,40.0,sqsrules_greedyalph,-0.01,-0.01,-0.01,na
1,50.0,secret,0.8828571428571421,0.8828571428571418,0.8828571428571425,54.98085596561432
1,50.0,cossu,-0.01,-0.01,-0.01,na
1,50.0,squish,0.5869565217391304,0.44999999999999996,0.84375,na
1,50.0,sqs,0.5818965517241379,0.4440789473684211,0.84375,na
1,50.0,poerma,0.14912222590804985,0.08190833814750631,0.8312222222222221,na
1,50.0,tns,0.5575402130173824,0.5595471521942107,0.5555476190476193,na
1,50.0,sqsrules_splitall,0.5818965517241379,0.4440789473684211,0.84375,na
1,50.0,sqsrules_splitgreedy,0.815018315018315,0.7848324514991182,0.8476190476190476,na
1,50.0,sqsrules_greedywoalph,0.4875314333612741,0.6875,0.3776785714285715,na
1,50.0,sqsrules_filter,-0.01,-0.01,-0.01,na
1,50.0,sqsrules_greedyalph,-0.01,-0.01,-0.01,na
0,30.0,secret,0.9404761904761901,0.9404761904761899,0.9404761904761902,41.47154140869777
0,30.0,cossu,-0.01,-0.01,-0.01,na
0,30.0,squish,0.5818965517241379,0.4440789473684211,0.84375,na
0,30.0,sqs,0.5328947368421053,0.3894230769230769,0.84375,na
0,30.0,poerma,0.10391915548677712,0.055414771496642874,0.8333333333333335,na
0,30.0,tns,0.558511126545899,0.5456221198156682,0.5720238095238095,na
0,30.0,sqsrules_splitall,0.5328947368421053,0.3894230769230769,0.84375,na
0,30.0,sqsrules_splitgreedy,0.8221326164874552,0.7964409722222222,0.849537037037037,na
0,30.0,sqsrules_greedywoalph,0.6083454018826937,0.6875,0.5455357142857142,na
0,30.0,sqsrules_filter,-0.01,-0.01,-0.01,na
0,30.0,sqsrules_greedyalph,-0.01,-0.01,-0.01,na
11,10.0,secret,0.9384920634920637,0.9384920634920636,0.9384920634920636,25.212780209382377
11,10.0,cossu,-0.01,-0.01,-0.01,na
11,10.0,squish,0.5443548387096774,0.4017857142857143,0.84375,na
11,10.0,sqs,0.4963235294117647,0.3515625,0.84375,na
11,10.0,poerma,0.11319126336055231,0.0607193732193732,0.8333333333333334,na
11,10.0,tns,0.5503893601336282,0.5200216450216449,0.5845238095238096,na
11,10.0,sqsrules_splitall,0.4963235294117647,0.3515625,0.84375,na
11,10.0,sqsrules_splitgreedy,0.7789855072463766,0.689102564102564,0.8958333333333333,na
11,10.0,sqsrules_greedywoalph,0.6572033898305085,0.6875,0.6294642857142857,na
11,10.0,sqsrules_filter,-0.01,-0.01,-0.01,na
11,10.0,sqsrules_greedyalph,-0.01,-0.01,-0.01,na
2,10.0,secret,0.8919123204837491,0.8513708513708514,0.9365079365079364,18.308577891190847
2,10.0,cossu,-0.01,-0.01,-0.01,na
2,10.0,squish,0.5625,0.421875,0.84375,na
2,10.0,sqs,0.4963235294117647,0.3515625,0.84375,na
2,10.0,poerma,0.10110893672537505,0.05381944444444443,0.8333333333333334,na
2,10.0,tns,0.5503893601336282,0.5200216450216449,0.5845238095238096,na
2,10.0,sqsrules_splitall,0.4963235294117647,0.3515625,0.84375,na
2,10.0,sqsrules_splitgreedy,0.8201058201058201,0.7828282828282828,0.861111111111111,na
2,10.0,sqsrules_greedywoalph,0.6572033898305085,0.6875,0.6294642857142857,na
2,10.0,sqsrules_filter,-0.01,-0.01,-0.01,na
2,10.0,sqsrules_greedyalph,-0.01,-0.01,-0.01,na
0,10.0,secret,0.9404761904761906,0.9404761904761907,0.9404761904761905,37.107174932956696
0,10.0,cossu,-0.01,-0.01,-0.01,na
0,10.0,squish,0.5113636363636364,0.36684782608695654,0.84375,na
0,10.0,sqs,0.4963235294117647,0.3515625,0.84375,na
0,10.0,poerma,0.022410966175922874,0.01135821219353439,0.8333333333333334,na
0,10.0,tns,0.5503893601336282,0.5200216450216449,0.5845238095238096,na
0,10.0,sqsrules_splitall,0.4963235294117647,0.3515625,0.84375,na
0,10.0,sqsrules_splitgreedy,0.7789855072463766,0.689102564102564,0.8958333333333333,na
0,10.0,sqsrules_greedywoalph,0.6572033898305085,0.6875,0.6294642857142857,na
0,10.0,sqsrules_filter,-0.01,-0.01,-0.01,na
0,10.0,sqsrules_greedyalph,-0.01,-0.01,-0.01,na
9,20.0,secret,0.9404761904761904,0.9404761904761904,0.9404761904761905,35.998420286178586
9,20.0,cossu,-0.01,-0.01,-0.01,na
9,20.0,squish,-0.01,-0.01,-0.01,na
9,20.0,sqs,0.5443548387096774,0.4017857142857143,0.84375,na
9,20.0,poerma,0.1178348360855912,0.06343060231949121,0.8280555555555555,na
9,20.0,tns,0.5496235568453072,0.5289115646258506,0.5720238095238095,na
9,20.0,sqsrules_splitall,0.5443548387096774,0.4017857142857143,0.84375,na
9,20.0,sqsrules_splitgreedy,0.8035714285714286,0.7670454545454546,0.84375,na
9,20.0,sqsrules_greedywoalph,0.6211730153079387,0.6875,0.5665178571428571,na
9,20.0,sqsrules_filter,-0.01,-0.01,-0.01,na
9,20.0,sqsrules_greedyalph,-0.01,-0.01,-0.01,na
10,50.0,secret,0.8871428571428565,0.8871428571428561,0.8871428571428568,56.58952094713847
10,50.0,cossu,-0.01,-0.01,-0.01,na
10,50.0,squish,0.5869565217391304,0.44999999999999996,0.84375,na
10,50.0,sqs,0.598404255319149,0.4635989010989011,0.84375,na
10,50.0,poerma,0.2095410917816438,0.12001133786848081,0.8249999999999998,na
10,50.0,tns,0.5715285851845464,0.5645191409897289,0.578714285714286,na
10,50.0,sqsrules_splitall,0.598404255319149,0.4635989010989011,0.84375,na
10,50.0,sqsrules_splitgreedy,0.814625850340136,0.7775974025974025,0.8553571428571428,na
10,50.0,sqsrules_greedywoalph,0.6135284810126584,0.6875,0.5539285714285717,na
10,50.0,sqsrules_filter,-0.01,-0.01,-0.01,na
10,50.0,sqsrules_greedyalph,-0.01,-0.01,-0.01,na
11,30.0,secret,0.9404761904761901,0.9404761904761899,0.9404761904761902,33.70562268098195
11,30.0,cossu,0.42136449564278156,0.30646945646945634,0.6740740740740739,na
11,30.0,squish,0.5972983555207517,0.4622727272727273,0.84375,na
11,30.0,sqs,0.5219072164948453,0.37779850746268656,0.84375,na
11,30.0,poerma,0.12115398280395089,0.06532567049808433,0.8333333333333335,na
11,30.0,tns,0.5670893825432919,0.5607142857142856,0.5736111111111111,na
11,30.0,sqsrules_splitall,0.5219072164948453,0.37779850746268656,0.84375,na
11,30.0,sqsrules_splitgreedy,0.833973374295955,0.8079117063492064,0.8617724867724867,na
11,30.0,sqsrules_greedywoalph,0.6572033898305085,0.6875,0.6294642857142858,na
11,30.0,sqsrules_filter,-0.01,-0.01,-0.01,na
11,30.0,sqsrules_greedyalph,-0.01,-0.01,-0.01,na
3,20.0,secret,0.9404761904761904,0.9404761904761904,0.9404761904761905,37.364947108427685
3,20.0,cossu,-0.01,-0.01,-0.01,na
3,20.0,squish,0.6136363636363635,0.48214285714285715,0.84375,na
3,20.0,sqs,0.5357142857142857,0.39244186046511625,0.84375,na
3,20.0,poerma,0.11816424518301429,0.06359060402684565,0.8333333333333333,na
3,20.0,tns,0.5704557249347975,0.560997732426304,0.5802380952380952,na
3,20.0,sqsrules_splitall,0.5357142857142857,0.39244186046511625,0.84375,na
3,20.0,sqsrules_splitgreedy,0.84375,0.84375,0.84375,na
3,20.0,sqsrules_greedywoalph,0.6572033898305084,0.6875,0.6294642857142856,na
3,20.0,sqsrules_filter,-0.01,-0.01,-0.01,na
3,20.0,sqsrules_greedyalph,-0.01,-0.01,-0.01,na
2,30.0,secret,0.9404761904761901,0.9404761904761899,0.9404761904761902,39.9699208855629
2,30.0,cossu,-0.01,-0.01,-0.01,na
2,30.0,squish,0.5903637770897833,0.45401785714285714,0.84375,na
2,30.0,sqs,0.5443548387096774,0.4017857142857143,0.84375,na
2,30.0,poerma,0.11189542140642296,0.059974214721050204,0.8333333333333335,na
2,30.0,tns,0.5474767609364989,0.5549539170506913,0.5401984126984126,na
2,30.0,sqsrules_splitall,0.5443548387096774,0.4017857142857143,0.84375,na
2,30.0,sqsrules_splitgreedy,0.8090828924162257,0.7723063973063973,0.849537037037037,na
2,30.0,sqsrules_greedywoalph,0.6327627409216064,0.6855820105820105,0.5875,na
2,30.0,sqsrules_filter,-0.01,-0.01,-0.01,na
2,30.0,sqsrules_greedyalph,-0.01,-0.01,-0.01,na
6,10.0,secret,0.9384920634920637,0.9384920634920636,0.9384920634920636,29.737659506003062
6,10.0,cossu,-0.01,-0.01,-0.01,na
6,10.0,squish,-0.01,-0.01,-0.01,na
6,10.0,sqs,0.4963235294117647,0.3515625,0.84375,na
6,10.0,poerma,0.12272367379255737,0.06623931623931623,0.8333333333333334,na
6,10.0,tns,0.5490888262620441,0.5279220779220779,0.5720238095238096,na
6,10.0,sqsrules_splitall,0.4963235294117647,0.3515625,0.84375,na
6,10.0,sqsrules_splitgreedy,0.7828282828282828,0.7175925925925926,0.861111111111111,na
6,10.0,sqsrules_greedywoalph,0.6572033898305085,0.6875,0.6294642857142857,na
6,10.0,sqsrules_filter,-0.01,-0.01,-0.01,na
6,10.0,sqsrules_greedyalph,-0.01,-0.01,-0.01,na
18,10.0,secret,0.9404761904761906,0.9404761904761907,0.9404761904761905,28.552055863539376
18,10.0,cossu,-0.01,-0.01,-0.01,na
18,10.0,squish,-0.01,-0.01,-0.01,na
18,10.0,sqs,0.4963235294117647,0.3515625,0.84375,na
18,10.0,poerma,0.11667693149934985,0.06272994849153787,0.8333333333333334,na
18,10.0,tns,0.5363531624397913,0.5048701298701298,0.5720238095238096,na
18,10.0,sqsrules_splitall,0.4963235294117647,0.3515625,0.84375,na
18,10.0,sqsrules_splitgreedy,0.8201058201058201,0.7828282828282828,0.861111111111111,na
18,10.0,sqsrules_greedywoalph,0.6572033898305085,0.6875,0.6294642857142857,na
18,10.0,sqsrules_filter,-0.01,-0.01,-0.01,na
18,10.0,sqsrules_greedyalph,-0.01,-0.01,-0.01,na
5,10.0,secret,0.9404761904761906,0.9404761904761907,0.9404761904761905,35.98651039600372
5,10.0,cossu,-0.01,-0.01,-0.01,na
5,10.0,squish,0.5443548387096774,0.4017857142857143,0.84375,na
5,10.0,sqs,0.5113636363636364,0.36684782608695654,0.84375,na
5,10.0,poerma,0.10503295755559659,0.05604865220249834,0.8333333333333334,na
5,10.0,tns,0.5363531624397913,0.5048701298701298,0.5720238095238096,na
5,10.0,sqsrules_splitall,0.5113636363636364,0.36684782608695654,0.84375,na
5,10.0,sqsrules_splitgreedy,0.7828282828282828,0.7175925925925926,0.861111111111111,na
5,10.0,sqsrules_greedywoalph,0.6572033898305085,0.6875,0.6294642857142857,na
5,10.0,sqsrules_filter,-0.01,-0.01,-0.01,na
5,10.0,sqsrules_greedyalph,-0.01,-0.01,-0.01,na
9,40.0,secret,0.9321428571428566,0.9321428571428564,0.9321428571428567,57.13324743906657
9,40.0,cossu,-0.01,-0.01,-0.01,na
9,40.0,squish,-0.01,-0.01,-0.01,na
9,40.0,sqs,0.5578512396694214,0.4166666666666667,0.84375,na
9,40.0,poerma,0.13363183094038533,0.07266025641025646,0.8306944444444445,na
9,40.0,tns,0.574516976934653,0.5727061556329845,0.5763392857142858,na
9,40.0,sqsrules_splitall,0.5578512396694214,0.4166666666666667,0.84375,na
9,40.0,sqsrules_splitgreedy,0.8278890824622533,0.8081774376417233,0.8485863095238095,na
9,40.0,sqsrules_greedywoalph,0.5813343328335834,0.6875,0.5035714285714287,na
9,40.0,sqsrules_filter,-0.01,-0.01,-0.01,na
9,40.0,sqsrules_greedyalph,-0.01,-0.01,-0.01,na
1,40.0,secret,0.9014207329022138,0.8904277971351134,0.9126884920634918,49.01402138868968
1,40.0,cossu,-0.01,-0.01,-0.01,na
1,40.0,squish,0.598629935179729,0.4638698630136986,0.84375,na
1,40.0,sqs,0.5818965517241379,0.4440789473684211,0.84375,na
1,40.0,poerma,0.13855007046229953,0.07557777777777783,0.8306944444444445,na
1,40.0,tns,0.5633687491269862,0.5520615563298485,0.5751488095238096,na
1,40.0,sqsrules_splitall,0.5818965517241379,0.4440789473684211,0.84375,na
1,40.0,sqsrules_splitgreedy,0.8278890824622533,0.8081774376417233,0.8485863095238095,na
1,40.0,sqsrules_greedywoalph,0.6017664779989046,0.6875,0.5350446428571429,na
1,40.0,sqsrules_filter,-0.01,-0.01,-0.01,na
1,40.0,sqsrules_greedyalph,-0.01,-0.01,-0.01,na
14,20.0,secret,0.9404761904761904,0.9404761904761904,0.9404761904761905,32.14732442299525
14,20.0,cossu,-0.01,-0.01,-0.01,na
14,20.0,squish,0.5532786885245901,0.4115853658536585,0.84375,na
14,20.0,sqs,0.52734375,0.3835227272727273,0.84375,na
14,20.0,poerma,0.09899552923416363,0.052623456790123466,0.8333333333333333,na
14,20.0,tns,0.574530572511965,0.5689342403628119,0.5802380952380952,na
14,20.0,sqsrules_splitall,0.52734375,0.3835227272727273,0.84375,na
14,20.0,sqsrules_splitgreedy,0.7731481481481481,0.6958333333333333,0.8697916666666666,na
14,20.0,sqsrules_greedywoalph,0.6572033898305084,0.6875,0.6294642857142856,na
14,20.0,sqsrules_filter,-0.01,-0.01,-0.01,na
14,20.0,sqsrules_greedyalph,-0.01,-0.01,-0.01,na
15,40.0,secret,0.9154761904761899,0.9154761904761897,0.9154761904761901,49.408272004127504
15,40.0,cossu,-0.01,-0.01,-0.01,na
15,40.0,squish,0.5844323394495413,0.44703947368421054,0.84375,na
15,40.0,sqs,0.5672268907563025,0.4272151898734177,0.84375,na
15,40.0,poerma,0.12433457303288856,0.06717888100866828,0.8333333333333334,na
15,40.0,tns,0.5724349568021089,0.5686411149825781,0.576279761904762,na
15,40.0,sqsrules_splitall,0.5672268907563025,0.4272151898734177,0.84375,na
15,40.0,sqsrules_splitgreedy,0.8132530120481927,0.7848837209302325,0.84375,na
15,40.0,sqsrules_greedywoalph,0.4605106888361045,0.6875,0.34620535714285705,na
15,40.0,sqsrules_filter,-0.01,-0.01,-0.01,na
15,40.0,sqsrules_greedyalph,-0.01,-0.01,-0.01,na
8,40.0,secret,0.9154761904761899,0.9154761904761897,0.9154761904761901,51.1797040104866
8,40.0,cossu,-0.01,-0.01,-0.01,na
8,40.0,squish,0.5831659012629161,0.44555921052631575,0.84375,na
8,40.0,sqs,0.5625,0.421875,0.84375,na
8,40.0,poerma,0.14037001423097167,0.07666215911652022,0.8306944444444445,na
8,40.0,tns,0.5625743838837337,0.5695121951219508,0.5558035714285715,na
8,40.0,sqsrules_splitall,0.5625,0.421875,0.84375,na
8,40.0,sqsrules_splitgreedy,0.8231707317073171,0.8035714285714286,0.84375,na
8,40.0,sqsrules_greedywoalph,0.4875314333612741,0.6875,0.37767857142857136,na
8,40.0,sqsrules_filter,-0.01,-0.01,-0.01,na
8,40.0,sqsrules_greedyalph,-0.01,-0.01,-0.01,na
6,50.0,secret,0.8667460317460312,0.8667460317460308,0.8667460317460315,44.47677404880524
6,50.0,cossu,0.46543590849733174,0.45119667658730117,0.4806031746031746,na
6,50.0,squish,-0.01,-0.01,-0.01,na
6,50.0,sqs,0.590034965034965,0.4536290322580645,0.84375,na
6,50.0,poerma,0.1433375367801598,0.07841243561442242,0.8333333333333331,na
6,50.0,tns,0.5602090268289848,0.5626050420168064,0.5578333333333336,na
6,50.0,sqsrules_splitall,0.590034965034965,0.4536290322580645,0.84375,na
6,50.0,sqsrules_splitgreedy,0.8142479213907785,0.7772366522366523,0.8549603174603174,na
6,50.0,sqsrules_greedywoalph,0.5808439959792429,0.686130007558579,0.5035714285714288,na
6,50.0,sqsrules_filter,-0.01,-0.01,-0.01,na
6,50.0,sqsrules_greedyalph,-0.01,-0.01,-0.01,na
15,10.0,secret,0.9404761904761906,0.9404761904761907,0.9404761904761905,36.32246597607931
15,10.0,cossu,-0.01,-0.01,-0.01,na
15,10.0,squish,0.5321576763485477,0.38863636363636367,0.84375,na
15,10.0,sqs,0.4560810810810811,0.3125,0.84375,na
15,10.0,poerma,0.10680949696172397,0.057061579651941086,0.8333333333333334,na
15,10.0,tns,0.5788012811279046,0.5582251082251082,0.600952380952381,na
15,10.0,sqsrules_splitall,0.4594594594594595,0.3148148148148148,0.85,na
15,10.0,sqsrules_splitgreedy,0.7609953703703702,0.6522817460317459,0.9131944444444443,na
15,10.0,sqsrules_greedywoalph,0.6572033898305085,0.6875,0.6294642857142857,na
15,10.0,sqsrules_filter,-0.01,-0.01,-0.01,na
15,10.0,sqsrules_greedyalph,-0.01,-0.01,-0.01,na
4,20.0,secret,0.9404761904761904,0.9404761904761904,0.9404761904761905,32.70426094134648
4,20.0,cossu,-0.01,-0.01,-0.01,na
4,20.0,squish,0.5720338983050848,0.4326923076923077,0.84375,na
4,20.0,sqs,0.5357142857142857,0.39244186046511625,0.84375,na
4,20.0,poerma,0.10334296777008235,0.055087209302325586,0.8333333333333333,na
4,20.0,tns,0.5745322846077675,0.5746598639455784,0.5744047619047619,na
4,20.0,sqsrules_splitall,0.5357142857142857,0.39244186046511625,0.84375,na
4,20.0,sqsrules_splitgreedy,0.8231707317073171,0.8035714285714286,0.84375,na
4,20.0,sqsrules_greedywoalph,0.6211730153079387,0.6875,0.5665178571428571,na
4,20.0,sqsrules_filter,-0.01,-0.01,-0.01,na
4,20.0,sqsrules_greedyalph,-0.01,-0.01,-0.01,na
5,40.0,secret,0.8915320140124346,0.8992673992673985,0.8839285714285712,49.9235346754392
5,40.0,cossu,-0.01,-0.01,-0.01,na
5,40.0,squish,-0.01,-0.01,-0.01,na
5,40.0,sqs,0.5625,0.421875,0.84375,na
5,40.0,poerma,0.12981417645389265,0.07055763628797342,0.8104861111111115,na
5,40.0,tns,0.5445543092286735,0.5439314750290355,0.5451785714285715,na
5,40.0,sqsrules_splitall,0.5625,0.421875,0.84375,na
5,40.0,sqsrules_splitgreedy,0.8183997701209662,0.8002645502645503,0.8373759920634921,na
5,40.0,sqsrules_greedywoalph,0.6017664779989046,0.6875,0.5350446428571429,na
5,40.0,sqsrules_filter,-0.01,-0.01,-0.01,na
5,40.0,sqsrules_greedyalph,-0.01,-0.01,-0.01,na
7,20.0,secret,0.9275020242296468,0.9404761904761904,0.9148809523809524,35.50334443251292
7,20.0,cossu,-0.01,-0.01,-0.01,na
7,20.0,squish,-0.01,-0.01,-0.01,na
7,20.0,sqs,0.5357142857142857,0.39244186046511625,0.84375,na
7,20.0,poerma,0.13048175389110467,0.07109014675052411,0.7929166666666665,na
7,20.0,tns,0.5460407675994722,0.5409863945578233,0.5511904761904762,na
7,20.0,sqsrules_splitall,0.5456349206349207,0.3997093023255814,0.859375,na
7,20.0,sqsrules_splitgreedy,0.8340972552575766,0.8423115079365079,0.8260416666666666,na
7,20.0,sqsrules_greedywoalph,0.6485682401066796,0.6846230158730159,0.6161210317460317,na
7,20.0,sqsrules_filter,-0.01,-0.01,-0.01,na
7,20.0,sqsrules_greedyalph,-0.01,-0.01,-0.01,na
19,40.0,secret,0.9257081654959017,0.9160278745644592,0.9355952380952377,52.75696723063787
19,40.0,cossu,-0.01,-0.01,-0.01,na
19,40.0,squish,0.5973451327433629,0.4623287671232877,0.84375,na
19,40.0,sqs,0.5818965517241379,0.4440789473684211,0.84375,na
19,40.0,poerma,0.14046795188663713,0.07669815564552412,0.8333333333333334,na
19,40.0,tns,0.5689457924628218,0.5636469221835072,0.5743452380952383,na
19,40.0,sqsrules_splitall,0.5818965517241379,0.4440789473684211,0.84375,na
19,40.0,sqsrules_splitgreedy,0.8225760183591507,0.7938815060908083,0.853422619047619,na
19,40.0,sqsrules_greedywoalph,0.5813343328335834,0.6875,0.5035714285714287,na
19,40.0,sqsrules_filter,-0.01,-0.01,-0.01,na
19,40.0,sqsrules_greedyalph,-0.01,-0.01,-0.01,na
5,30.0,secret,0.9404761904761901,0.9404761904761899,0.9404761904761902,40.6599636832873
5,30.0,cossu,-0.01,-0.01,-0.01,na
5,30.0,squish,0.6173780487804877,0.48677884615384615,0.84375,na
5,30.0,sqs,0.5752840909090908,0.4364224137931034,0.84375,na
5,30.0,poerma,0.1359567999659843,0.07401620370370375,0.8333333333333335,na
5,30.0,tns,0.5711050444465362,0.5688940092165897,0.5733333333333334,na
5,30.0,sqsrules_splitall,0.5752840909090908,0.4364224137931034,0.84375,na
5,30.0,sqsrules_splitgreedy,0.7964409722222222,0.7495915032679739,0.849537037037037,na
5,30.0,sqsrules_greedywoalph,0.6083454018826937,0.6875,0.5455357142857142,na
5,30.0,sqsrules_filter,-0.01,-0.01,-0.01,na
5,30.0,sqsrules_greedyalph,-0.01,-0.01,-0.01,na
3,40.0,secret,0.9154761904761899,0.9154761904761897,0.9154761904761901,51.600917975107826
3,40.0,cossu,-0.01,-0.01,-0.01,na
3,40.0,squish,0.5895026026604974,0.453,0.84375,na
3,40.0,sqs,0.5672268907563025,0.4272151898734177,0.84375,na
3,40.0,poerma,0.14446005511554144,0.07921034241788964,0.8196428571428573,na
3,40.0,tns,0.5713300989945309,0.5666085946573748,0.5761309523809526,na
3,40.0,sqsrules_splitall,0.5672268907563025,0.4272151898734177,0.84375,na
3,40.0,sqsrules_splitgreedy,0.8179145152036718,0.7893826135105204,0.8485863095238095,na
3,40.0,sqsrules_greedywoalph,0.5597930702598652,0.6875,0.4720982142857143,na
3,40.0,sqsrules_filter,-0.01,-0.01,-0.01,na
3,40.0,sqsrules_greedyalph,-0.01,-0.01,-0.01,na
19,50.0,secret,0.8804761904761897,0.8804761904761894,0.8804761904761901,56.799160130818684
19,50.0,cossu,-0.01,-0.01,-0.01,na
19,50.0,squish,0.5789233576642335,0.440625,0.84375,na
19,50.0,sqs,0.5818965517241379,0.4440789473684211,0.84375,na
19,50.0,poerma,0.13896765026040145,0.07580444444444448,0.8333333333333331,na
19,50.0,tns,0.5648543120127556,0.5570494864612507,0.5728809523809526,na
19,50.0,sqsrules_splitall,0.5818965517241379,0.4440789473684211,0.84375,na
19,50.0,sqsrules_splitgreedy,0.8035714285714286,0.7670454545454546,0.84375,na
19,50.0,sqsrules_greedywoalph,0.5275932447574837,0.6875,0.42803571428571435,na
19,50.0,sqsrules_filter,-0.01,-0.01,-0.01,na
19,50.0,sqsrules_greedyalph,-0.01,-0.01,-0.01,na
14,10.0,secret,0.9404761904761906,0.9404761904761907,0.9404761904761905,27.98920303185781
14,10.0,cossu,0.41182795698924735,0.303968253968254,0.6383333333333334,na
14,10.0,squish,0.52734375,0.3835227272727273,0.84375,na
14,10.0,sqs,0.4484265734265734,0.3053571428571429,0.84375,na
14,10.0,poerma,0.11739998622874058,0.06314814814814813,0.8333333333333334,na
14,10.0,tns,0.5503893601336282,0.5200216450216449,0.5845238095238096,na
14,10.0,sqsrules_splitall,0.4606023037974829,0.3136189703153989,0.8668831168831168,na
14,10.0,sqsrules_splitgreedy,0.798611111111111,0.7320601851851851,0.8784722222222221,na
14,10.0,sqsrules_greedywoalph,0.6572033898305085,0.6875,0.6294642857142857,na
14,10.0,sqsrules_filter,-0.01,-0.01,-0.01,na
14,10.0,sqsrules_greedyalph,-0.01,-0.01,-0.01,na
6,20.0,secret,0.9175377468060393,0.8956916099773241,0.9404761904761905,30.95151867866516
6,20.0,cossu,-0.01,-0.01,-0.01,na
6,20.0,squish,-0.01,-0.01,-0.01,na
6,20.0,sqs,0.52734375,0.3835227272727273,0.84375,na
6,20.0,poerma,0.13642182749239878,0.07429193899782136,0.8333333333333333,na
6,20.0,tns,0.5788991865795832,0.577154195011338,0.5806547619047618,na
6,20.0,sqsrules_splitall,0.52734375,0.3835227272727273,0.84375,na
6,20.0,sqsrules_splitgreedy,0.8035714285714286,0.7670454545454546,0.84375,na
6,20.0,sqsrules_greedywoalph,0.581334332833583,0.6875,0.5035714285714284,na
6,20.0,sqsrules_filter,-0.01,-0.01,-0.01,na
6,20.0,sqsrules_greedyalph,-0.01,-0.01,-0.01,na
15,20.0,secret,0.9404761904761904,0.9404761904761904,0.9404761904761905,32.94253230889638
15,20.0,cossu,-0.01,-0.01,-0.01,na
15,20.0,squish,0.5532786885245901,0.4115853658536585,0.84375,na
15,20.0,sqs,0.5113636363636364,0.36684782608695654,0.84375,na
15,20.0,poerma,0.12038409941396598,0.06487823439878235,0.8333333333333333,na
15,20.0,tns,0.5632162240642785,0.5489229024943312,0.5782738095238095,na
15,20.0,sqsrules_splitall,0.5113636363636364,0.36684782608695654,0.84375,na
15,20.0,sqsrules_splitgreedy,0.8118386243386243,0.7749368686868686,0.8524305555555556,na
15,20.0,sqsrules_greedywoalph,0.6211730153079387,0.6875,0.5665178571428571,na
15,20.0,sqsrules_filter,-0.01,-0.01,-0.01,na
15,20.0,sqsrules_greedyalph,-0.01,-0.01,-0.01,na
7,40.0,secret,0.9168488748274517,0.9249084249084242,0.9089285714285712,50.19522263209025
7,40.0,cossu,-0.01,-0.01,-0.01,na
7,40.0,squish,0.6030138991899363,0.4725352112676056,0.8330357142857142,na
7,40.0,sqs,0.5625,0.421875,0.84375,na
7,40.0,poerma,0.1303154052432982,0.07088805503439655,0.8060416666666669,na
7,40.0,tns,0.5683140653896261,0.5874370886566006,0.5503968253968254,na
7,40.0,sqsrules_splitall,0.5625,0.421875,0.84375,na
7,40.0,sqsrules_splitgreedy,0.8183997701209662,0.8002645502645503,0.8373759920634921,na
7,40.0,sqsrules_greedywoalph,0.5370498614958449,0.6875,0.440625,na
7,40.0,sqsrules_filter,-0.01,-0.01,-0.01,na
7,40.0,sqsrules_greedyalph,-0.01,-0.01,-0.01,na
3,30.0,secret,0.9404761904761901,0.9404761904761899,0.9404761904761902,41.09762593905131
3,30.0,cossu,-0.01,-0.01,-0.01,na
3,30.0,squish,0.5835883703136956,0.44605263157894737,0.84375,na
3,30.0,sqs,0.5563186813186812,0.4149590163934426,0.84375,na
3,30.0,poerma,0.1453166283133044,0.07959850606909434,0.8333333333333335,na
3,30.0,tns,0.5681914314962279,0.5591781874039938,0.5775,na
3,30.0,sqsrules_splitall,0.5563186813186812,0.4149590163934426,0.84375,na
3,30.0,sqsrules_splitgreedy,0.8165322580645161,0.791015625,0.84375,na
3,30.0,sqsrules_greedywoalph,0.6083454018826937,0.6875,0.5455357142857142,na
3,30.0,sqsrules_filter,-0.01,-0.01,-0.01,na
3,30.0,sqsrules_greedyalph,-0.01,-0.01,-0.01,na
6,30.0,secret,0.9404761904761901,0.9404761904761899,0.9404761904761902,43.1927063981692
6,30.0,cossu,-0.01,-0.01,-0.01,na
6,30.0,squish,0.5972983555207517,0.4622727272727273,0.84375,na
6,30.0,sqs,0.5443548387096774,0.4017857142857143,0.84375,na
6,30.0,poerma,0.14066693062337784,0.07681681681681686,0.8333333333333335,na
6,30.0,tns,0.5717689396694662,0.5619431643625191,0.5819444444444444,na
6,30.0,sqsrules_splitall,0.5443548387096774,0.4017857142857143,0.84375,na
6,30.0,sqsrules_splitgreedy,0.7763266998341625,0.7028903903903904,0.8668981481481481,na
6,30.0,sqsrules_greedywoalph,0.6335784313725491,0.6875,0.5875,na
6,30.0,sqsrules_filter,-0.01,-0.01,-0.01,na
6,30.0,sqsrules_greedyalph,-0.01,-0.01,-0.01,na
3,50.0,secret,0.8655000356927359,0.8570417055711164,0.8741269841269838,58.4206382671992
3,50.0,cossu,-0.01,-0.01,-0.01,na
3,50.0,squish,0.5859375,0.4488031914893617,0.84375,na
3,50.0,sqs,0.5662751677852349,0.42613636363636365,0.84375,na
3,50.0,poerma,0.13270043249395502,0.07215436810856662,0.8248333333333332,na
3,50.0,tns,0.5388688919827497,0.5510504201680667,0.5272142857142859,na
3,50.0,sqsrules_splitall,0.5714685202940235,0.4300444925444925,0.8514880952380952,na
3,50.0,sqsrules_splitgreedy,0.8304438280166434,0.8069407008086252,0.8553571428571428,na
3,50.0,sqsrules_greedywoalph,0.5813343328335834,0.6875,0.5035714285714288,na
3,50.0,sqsrules_filter,-0.01,-0.01,-0.01,na
3,50.0,sqsrules_greedyalph,-0.01,-0.01,-0.01,na
17,50.0,secret,0.8671428571428564,0.8671428571428561,0.8671428571428567,53.640296479066215
17,50.0,cossu,-0.01,-0.01,-0.01,na
17,50.0,squish,0.5879736598890943,0.4511968085106383,0.84375,na
17,50.0,sqs,0.5739795918367347,0.43492268041237114,0.84375,na
17,50.0,poerma,0.14356001672940202,0.0785833333333334,0.829111111111111,na
17,50.0,tns,0.5893530854490392,0.59713663243075,0.5817698412698415,na
17,50.0,sqsrules_splitall,0.5739795918367347,0.43492268041237114,0.84375,na
17,50.0,sqsrules_splitgreedy,0.8105631141345427,0.7737193362193363,0.8510912698412699,na
17,50.0,sqsrules_greedywoalph,0.5808439959792429,0.686130007558579,0.5035714285714288,na
17,50.0,sqsrules_filter,-0.01,-0.01,-0.01,na
17,50.0,sqsrules_greedyalph,-0.01,-0.01,-0.01,na
0,50.0,secret,0.853809523809523,0.8538095238095227,0.8538095238095235,52.51870497862498
0,50.0,cossu,-0.01,-0.01,-0.01,na
0,50.0,squish,0.5799339106654512,0.44179687500000003,0.84375,na
0,50.0,sqs,0.5779109589041096,0.439453125,0.84375,na
0,50.0,poerma,0.1502026967823104,0.08262432012432018,0.8248333333333332,na
0,50.0,tns,0.5828891582679274,0.583613445378151,0.5821666666666669,na
0,50.0,sqsrules_splitall,0.5779109589041096,0.439453125,0.84375,na
0,50.0,sqsrules_splitgreedy,0.818738553113553,0.7884149029982362,0.8514880952380952,na
0,50.0,sqsrules_greedywoalph,0.4660456730769231,0.6875,0.3525,na
0,50.0,sqsrules_filter,-0.01,-0.01,-0.01,na
0,50.0,sqsrules_greedyalph,-0.01,-0.01,-0.01,na
8,30.0,secret,0.9404761904761901,0.9404761904761899,0.9404761904761902,41.00802133878072
8,30.0,cossu,-0.01,-0.01,-0.01,na
8,30.0,squish,0.5886627906976744,0.45200892857142855,0.84375,na
8,30.0,sqs,0.5443548387096774,0.4017857142857143,0.84375,na
8,30.0,poerma,0.14048610891982713,0.07673893405600728,0.829814814814815,na
8,30.0,tns,0.5702657208937486,0.56321044546851,0.5775,na
8,30.0,sqsrules_splitall,0.5443548387096774,0.4017857142857143,0.84375,na
8,30.0,sqsrules_splitgreedy,0.84375,0.84375,0.84375,na
8,30.0,sqsrules_greedywoalph,0.581334332833583,0.6875,0.5035714285714284,na
8,30.0,sqsrules_filter,-0.01,-0.01,-0.01,na
8,30.0,sqsrules_greedyalph,-0.01,-0.01,-0.01,na
1,10.0,secret,0.9384920634920636,0.9384920634920636,0.9384920634920635,33.456395117441815
1,10.0,cossu,-0.01,-0.01,-0.01,na
1,10.0,squish,-0.01,-0.01,-0.01,na
1,10.0,sqs,0.4821428571428572,0.3375,0.84375,na
1,10.0,poerma,0.12885398379421062,0.06990049751243779,0.8227777777777778,na
1,10.0,tns,0.5546757189564289,0.5279220779220779,0.5842857142857143,na
1,10.0,sqsrules_splitall,0.4821428571428572,0.3375,0.84375,na
1,10.0,sqsrules_splitgreedy,0.7828282828282828,0.7175925925925926,0.861111111111111,na
1,10.0,sqsrules_greedywoalph,0.5813343328335833,0.6875,0.5035714285714286,na
1,10.0,sqsrules_filter,-0.01,-0.01,-0.01,na
1,10.0,sqsrules_greedyalph,-0.01,-0.01,-0.01,na
13,10.0,secret,0.9384920634920636,0.9384920634920636,0.9384920634920635,27.24710259437561
13,10.0,cossu,-0.01,-0.01,-0.01,na
13,10.0,squish,-0.01,-0.01,-0.01,na
13,10.0,sqs,0.4560810810810811,0.3125,0.84375,na
13,10.0,poerma,0.11185462179361015,0.05995077355836848,0.8333333333333334,na
13,10.0,tns,0.5490888262620441,0.5279220779220779,0.5720238095238096,na
13,10.0,sqsrules_splitall,0.4626330876330876,0.31698933782267114,0.8558712121212121,na
13,10.0,sqsrules_splitgreedy,0.798611111111111,0.7320601851851851,0.8784722222222221,na
13,10.0,sqsrules_greedywoalph,0.6572033898305085,0.6875,0.6294642857142857,na
13,10.0,sqsrules_filter,-0.01,-0.01,-0.01,na
13,10.0,sqsrules_greedyalph,-0.01,-0.01,-0.01,na
10,40.0,secret,0.8988095238095233,0.8988095238095231,0.8988095238095235,49.4109193166097
10,40.0,cossu,-0.01,-0.01,-0.01,na
10,40.0,squish,0.5882310364794441,0.45149999999999996,0.84375,na
10,40.0,sqs,0.5532786885245901,0.4115853658536585,0.84375,na
10,40.0,poerma,0.12496656443628563,0.06754802931273524,0.8333333333333334,na
10,40.0,tns,0.5745651554395028,0.5718350754936118,0.5773214285714288,na
10,40.0,sqsrules_splitall,0.5532786885245901,0.4115853658536585,0.84375,na
10,40.0,sqsrules_splitgreedy,0.8278890824622533,0.8081774376417233,0.8485863095238095,na
10,40.0,sqsrules_greedywoalph,0.6211730153079389,0.6875,0.5665178571428573,na
10,40.0,sqsrules_filter,-0.01,-0.01,-0.01,na
10,40.0,sqsrules_greedyalph,-0.01,-0.01,-0.01,na
2,50.0,secret,0.8604761904761897,0.8604761904761894,0.8604761904761901,42.50498764514923
2,50.0,cossu,0.44160234075299665,0.39495388245388213,0.5007460317460316,na
2,50.0,squish,0.5920777105630526,0.4560483870967742,0.84375,na
2,50.0,sqs,0.5779109589041096,0.439453125,0.84375,na
2,50.0,poerma,0.12598832483558714,0.06814548361310956,0.8333333333333331,na
2,50.0,tns,0.5607423341987954,0.5545985060690939,0.5670238095238098,na
2,50.0,sqsrules_splitall,0.5779109589041096,0.439453125,0.84375,na
2,50.0,sqsrules_splitgreedy,0.815018315018315,0.7848324514991182,0.8476190476190476,na
2,50.0,sqsrules_greedywoalph,0.5462977457733251,0.6875,0.45321428571428585,na
2,50.0,sqsrules_filter,-0.01,-0.01,-0.01,na
2,50.0,sqsrules_greedyalph,-0.01,-0.01,-0.01,na
12,50.0,secret,0.873809523809523,0.8738095238095228,0.8738095238095234,52.8415416876475
12,50.0,cossu,-0.01,-0.01,-0.01,na
12,50.0,squish,0.6070143884892086,0.47401685393258425,0.84375,na
12,50.0,sqs,0.5859375,0.4488031914893617,0.84375,na
12,50.0,poerma,0.14577947392178595,0.07987633501967402,0.8333333333333331,na
12,50.0,tns,0.5702048294616764,0.5676237161531276,0.5728095238095241,na
12,50.0,sqsrules_splitall,0.5886243386243386,0.45086119554204657,0.8476190476190476,na
12,50.0,sqsrules_splitgreedy,0.8069407008086252,0.7637117346938774,0.8553571428571428,na
12,50.0,sqsrules_greedywoalph,0.5813343328335834,0.6875,0.5035714285714288,na
12,50.0,sqsrules_filter,-0.01,-0.01,-0.01,na
12,50.0,sqsrules_greedyalph,-0.01,-0.01,-0.01,na
