trial_num,param:alph_size,method,F1,precision,recall,runtime
5,900.0,secret,0.9404761904761904,0.9404761904761904,0.9404761904761905,41.897513365745546
5,900.0,cossu,-0.01,-0.01,-0.01,na
5,900.0,squish,-0.01,-0.01,-0.01,na
5,900.0,sqs,0.5113636363636364,0.36684782608695654,0.84375,na
5,900.0,poerma,0.11560889612150801,0.06211293260473589,0.8333333333333333,na
5,900.0,tns,0.5641462643777087,0.5489229024943313,0.5802380952380952,na
5,900.0,sqsrules_splitall,0.5113636363636364,0.36684782608695654,0.84375,na
5,900.0,sqsrules_splitgreedy,0.7929586563307494,0.741243961352657,0.8524305555555556,na
5,900.0,sqsrules_greedywoalph,-0.01,-0.01,-0.01,na
5,900.0,sqsrules_filter,-0.01,-0.01,-0.01,na
5,900.0,sqsrules_greedyalph,-0.01,-0.01,-0.01,na
19,100.0,secret,0.9175377468060393,0.8956916099773241,0.9404761904761905,18.06466992298762
19,100.0,cossu,0.41426424803395995,0.2963947990543734,0.6877777777777776,na
19,100.0,squish,0.5720338983050848,0.4326923076923077,0.84375,na
19,100.0,sqs,0.5720338983050848,0.4326923076923077,0.84375,na
19,100.0,poerma,0.16284265704219303,0.09023809523809526,0.8333333333333333,na
19,100.0,tns,0.5878981878259074,0.6020408163265307,0.574404761904762,na
19,100.0,sqsrules_splitall,0.5720338983050848,0.4326923076923077,0.84375,na
19,100.0,sqsrules_splitgreedy,0.8231707317073171,0.8035714285714286,0.84375,na
19,100.0,sqsrules_greedywoalph,0.6572033898305084,0.6875,0.6294642857142856,na
19,100.0,sqsrules_filter,0.004062581326394485,0.0020354670980568786,0.9899891774891774,na
19,100.0,sqsrules_greedyalph,0.11533313503866748,0.6875,0.06294642857142857,na
7,900.0,secret,0.8877080913666281,0.8665721844293275,0.9099007936507937,39.39518463611603
7,900.0,cossu,-0.01,-0.01,-0.01,na
7,900.0,squish,-0.01,-0.01,-0.01,na
7,900.0,sqs,0.5113636363636364,0.36684782608695654,0.84375,na
7,900.0,poerma,0.1396720071720429,0.07658084914182475,0.7929166666666665,na
7,900.0,tns,0.5490901969458192,0.5409863945578233,0.5574404761904762,na
7,900.0,sqsrules_splitall,0.5113636363636364,0.36684782608695654,0.84375,na
7,900.0,sqsrules_splitgreedy,0.8231214072764925,0.8118386243386243,0.8347222222222221,na
7,900.0,sqsrules_greedywoalph,-0.01,-0.01,-0.01,na
7,900.0,sqsrules_filter,-0.01,-0.01,-0.01,na
7,900.0,sqsrules_greedyalph,-0.01,-0.01,-0.01,na
13,300.0,secret,0.9394841269841269,0.9394841269841269,0.9394841269841269,23.449420169989267
13,300.0,cossu,0.4134188034188033,0.29858024691358015,0.6718055555555554,na
13,300.0,squish,0.5921052631578947,0.4560810810810811,0.84375,na
13,300.0,sqs,0.52734375,0.3835227272727273,0.84375,na
13,300.0,poerma,0.13217548999093257,0.07178030303030304,0.8333333333333333,na
13,300.0,tns,0.556791477314335,0.5368480725623586,0.5782738095238095,na
13,300.0,sqsrules_splitall,0.52734375,0.3835227272727273,0.84375,na
13,300.0,sqsrules_splitgreedy,0.8118386243386243,0.7749368686868686,0.8524305555555556,na
13,300.0,sqsrules_greedywoalph,-0.01,-0.01,-0.01,na
13,300.0,sqsrules_filter,-0.01,-0.01,-0.01,na
13,300.0,sqsrules_greedyalph,-0.01,-0.01,-0.01,na
16,100.0,secret,0.9404761904761904,0.9404761904761904,0.9404761904761905,15.534852917989095
16,100.0,cossu,0.41640211640211633,0.3050387596899224,0.6558333333333332,na
16,100.0,squish,0.5745490417136415,0.4355769230769231,0.84375,na
16,100.0,sqs,0.5532786885245901,0.4115853658536585,0.84375,na
16,100.0,poerma,0.17165005537098563,0.09567901234567902,0.8333333333333333,na
16,100.0,tns,0.544746817551146,0.5252267573696148,0.5657738095238095,na
16,100.0,sqsrules_splitall,0.5532786885245901,0.4115853658536585,0.84375,na
16,100.0,sqsrules_splitgreedy,0.8316395663956639,0.8118386243386243,0.8524305555555556,na
16,100.0,sqsrules_greedywoalph,-0.01,-0.01,-0.01,na
16,100.0,sqsrules_filter,0.003966709383417538,0.0019873122985963453,0.9959415584415584,na
16,100.0,sqsrules_greedyalph,-0.01,-0.01,-0.01,na
17,300.0,secret,0.9404761904761904,0.9404761904761904,0.9404761904761905,22.692966075738273
17,300.0,cossu,0.4205158634306177,0.30403726708074524,0.6816666666666665,na
17,300.0,squish,0.5720338983050848,0.4326923076923077,0.84375,na
17,300.0,sqs,0.5192307692307693,0.375,0.84375,na
17,300.0,poerma,0.12076781413797989,0.0651011836578847,0.8333333333333333,na
17,300.0,tns,0.5725782242235308,0.5611111111111112,0.5845238095238094,na
17,300.0,sqsrules_splitall,0.5192307692307693,0.375,0.84375,na
17,300.0,sqsrules_splitgreedy,0.8201058201058201,0.7828282828282828,0.861111111111111,na
17,300.0,sqsrules_greedywoalph,-0.01,-0.01,-0.01,na
17,300.0,sqsrules_filter,-0.01,-0.01,-0.01,na
17,300.0,sqsrules_greedyalph,-0.01,-0.01,-0.01,na
12,300.0,secret,0.9404761904761904,0.9404761904761904,0.9404761904761905,21.859619903564454
12,300.0,cossu,0.41075004756921313,0.288547619047619,0.7124999999999998,na
12,300.0,squish,0.5844323394495413,0.44703947368421054,0.84375,na
12,300.0,sqs,0.5357142857142857,0.39244186046511625,0.84375,na
12,300.0,poerma,0.12352387162211115,0.0667057902973396,0.8333333333333333,na
12,300.0,tns,0.5560723471908438,0.5409863945578234,0.5720238095238095,na
12,300.0,sqsrules_splitall,0.5357142857142857,0.39244186046511625,0.84375,na
12,300.0,sqsrules_splitgreedy,0.84375,0.84375,0.84375,na
12,300.0,sqsrules_greedywoalph,-0.01,-0.01,-0.01,na
12,300.0,sqsrules_filter,-0.01,-0.01,-0.01,na
12,300.0,sqsrules_greedyalph,-0.01,-0.01,-0.01,na
9,900.0,secret,0.9404761904761904,0.9404761904761904,0.9404761904761905,46.60613263845444
9,900.0,cossu,-0.01,-0.01,-0.01,na
9,900.0,squish,-0.01,-0.01,-0.01,na
9,900.0,sqs,0.5113636363636364,0.36684782608695654,0.84375,na
9,900.0,poerma,0.12433457303288853,0.06717888100866826,0.8333333333333333,na
9,900.0,tns,0.5704557249347975,0.560997732426304,0.5802380952380952,na
9,900.0,sqsrules_splitall,0.5113636363636364,0.36684782608695654,0.84375,na
9,900.0,sqsrules_splitgreedy,0.8201058201058201,0.7828282828282828,0.861111111111111,na
9,900.0,sqsrules_greedywoalph,-0.01,-0.01,-0.01,na
9,900.0,sqsrules_filter,-0.01,-0.01,-0.01,na
9,900.0,sqsrules_greedyalph,-0.01,-0.01,-0.01,na
17,500.0,secret,0.9404761904761904,0.9404761904761904,0.9404761904761905,30.674930882453918
17,500.0,cossu,-0.01,-0.01,-0.01,na
17,500.0,squish,0.52734375,0.3835227272727273,0.84375,na
17,500.0,sqs,0.5192307692307693,0.375,0.84375,na
17,500.0,poerma,0.12193377672888508,0.06577932098765432,0.8333333333333333,na
17,500.0,tns,0.5704557249347975,0.560997732426304,0.5802380952380952,na
17,500.0,sqsrules_splitall,0.5192307692307693,0.375,0.84375,na
17,500.0,sqsrules_splitgreedy,0.7907196969696969,0.7248263888888888,0.8697916666666666,na
17,500.0,sqsrules_greedywoalph,-0.01,-0.01,-0.01,na
17,500.0,sqsrules_filter,-0.01,-0.01,-0.01,na
17,500.0,sqsrules_greedyalph,-0.01,-0.01,-0.01,na
16,300.0,secret,0.9394841269841269,0.9394841269841269,0.9394841269841269,20.75569338798523
16,300.0,cossu,0.40897435897435885,0.2953703703703703,0.6645833333333331,na
16,300.0,squish,0.5625,0.421875,0.84375,na
16,300.0,sqs,0.52734375,0.3835227272727273,0.84375,na
16,300.0,poerma,0.14531662831330436,0.07959850606909431,0.8333333333333333,na
16,300.0,tns,0.5632162240642785,0.5489229024943312,0.5782738095238095,na
16,300.0,sqsrules_splitall,0.52734375,0.3835227272727273,0.84375,na
16,300.0,sqsrules_splitgreedy,0.798611111111111,0.7320601851851851,0.8784722222222221,na
16,300.0,sqsrules_greedywoalph,-0.01,-0.01,-0.01,na
16,300.0,sqsrules_filter,-0.01,-0.01,-0.01,na
16,300.0,sqsrules_greedyalph,-0.01,-0.01,-0.01,na
9,100.0,secret,0.9404761904761904,0.9404761904761904,0.9404761904761905,16.908759287993114
9,100.0,cossu,0.4322075646637439,0.3245734126984126,0.6466468253968253,na
9,100.0,squish,0.5720338983050848,0.4326923076923077,0.84375,na
9,100.0,sqs,0.5443548387096774,0.4017857142857143,0.84375,na
9,100.0,poerma,0.1539434589756546,0.08485985985985986,0.8280555555555555,na
9,100.0,tns,0.574530572511965,0.5689342403628119,0.5802380952380952,na
9,100.0,sqsrules_splitall,0.5443548387096774,0.4017857142857143,0.84375,na
9,100.0,sqsrules_splitgreedy,0.8118386243386243,0.7749368686868686,0.8524305555555556,na
9,100.0,sqsrules_greedywoalph,0.5370498614958449,0.6875,0.44062499999999993,na
9,100.0,sqsrules_filter,0.003925802335852389,0.001966761726816796,1.0,na
9,100.0,sqsrules_greedyalph,0.11533313503866748,0.6875,0.06294642857142857,na
15,500.0,secret,0.9404761904761904,0.9404761904761904,0.9404761904761905,32.666733805338545
15,500.0,cossu,-0.01,-0.01,-0.01,na
15,500.0,squish,0.5532786885245901,0.4115853658536585,0.84375,na
15,500.0,sqs,0.5113636363636364,0.36684782608695654,0.84375,na
15,500.0,poerma,0.12038409941396598,0.06487823439878235,0.8333333333333333,na
15,500.0,tns,0.5632162240642785,0.5489229024943312,0.5782738095238095,na
15,500.0,sqsrules_splitall,0.5113636363636364,0.36684782608695654,0.84375,na
15,500.0,sqsrules_splitgreedy,0.8118386243386243,0.7749368686868686,0.8524305555555556,na
15,500.0,sqsrules_greedywoalph,-0.01,-0.01,-0.01,na
15,500.0,sqsrules_filter,-0.01,-0.01,-0.01,na
15,500.0,sqsrules_greedyalph,-0.01,-0.01,-0.01,na
9,500.0,secret,0.9404761904761904,0.9404761904761904,0.9404761904761905,35.2759620030721
9,500.0,cossu,-0.01,-0.01,-0.01,na
9,500.0,squish,-0.01,-0.01,-0.01,na
9,500.0,sqs,0.5443548387096774,0.4017857142857143,0.84375,na
9,500.0,poerma,0.1178348360855912,0.06343060231949121,0.8280555555555555,na
9,500.0,tns,0.5496235568453072,0.5289115646258506,0.5720238095238095,na
9,500.0,sqsrules_splitall,0.5443548387096774,0.4017857142857143,0.84375,na
9,500.0,sqsrules_splitgreedy,0.8035714285714286,0.7670454545454546,0.84375,na
9,500.0,sqsrules_greedywoalph,-0.01,-0.01,-0.01,na
9,500.0,sqsrules_filter,-0.01,-0.01,-0.01,na
9,500.0,sqsrules_greedyalph,-0.01,-0.01,-0.01,na
13,500.0,secret,0.9404761904761904,0.9404761904761904,0.9404761904761905,33.35343445539475
13,500.0,cossu,-0.01,-0.01,-0.01,na
13,500.0,squish,-0.01,-0.01,-0.01,na
13,500.0,sqs,0.5113636363636364,0.36684782608695654,0.84375,na
13,500.0,poerma,0.12557077625570778,0.06790123456790124,0.8333333333333333,na
13,500.0,tns,0.551794173449878,0.5330498866213155,0.5719047619047619,na
13,500.0,sqsrules_splitall,0.5113636363636364,0.36684782608695654,0.84375,na
13,500.0,sqsrules_splitgreedy,0.8316395663956639,0.8118386243386243,0.8524305555555556,na
13,500.0,sqsrules_greedywoalph,-0.01,-0.01,-0.01,na
13,500.0,sqsrules_filter,-0.01,-0.01,-0.01,na
13,500.0,sqsrules_greedyalph,-0.01,-0.01,-0.01,na
14,500.0,secret,0.9404761904761904,0.9404761904761904,0.9404761904761905,31.603366708755495
14,500.0,cossu,-0.01,-0.01,-0.01,na
14,500.0,squish,0.5532786885245901,0.4115853658536585,0.84375,na
14,500.0,sqs,0.52734375,0.3835227272727273,0.84375,na
14,500.0,poerma,0.12768666217329439,0.06914030819140309,0.8333333333333333,na
14,500.0,tns,0.574530572511965,0.5689342403628119,0.5802380952380952,na
14,500.0,sqsrules_splitall,0.52734375,0.3835227272727273,0.84375,na
14,500.0,sqsrules_splitgreedy,0.7731481481481481,0.6958333333333333,0.8697916666666666,na
14,500.0,sqsrules_greedywoalph,-0.01,-0.01,-0.01,na
14,500.0,sqsrules_filter,-0.01,-0.01,-0.01,na
14,500.0,sqsrules_greedyalph,-0.01,-0.01,-0.01,na
0,300.0,secret,0.9404761904761904,0.9404761904761904,0.9404761904761905,21.432752597332
0,300.0,cossu,0.4211119772119251,0.313558201058201,0.640972222222222,na
0,300.0,squish,0.5297557172557172,0.3860795454545455,0.84375,na
0,300.0,sqs,0.52734375,0.3835227272727273,0.84375,na
0,300.0,poerma,0.12899077016190044,0.06990569905699058,0.8333333333333333,na
0,300.0,tns,0.5745322846077675,0.5746598639455784,0.5744047619047619,na
0,300.0,sqsrules_splitall,0.52734375,0.3835227272727273,0.84375,na
0,300.0,sqsrules_splitgreedy,0.8118386243386243,0.7749368686868686,0.8524305555555556,na
0,300.0,sqsrules_greedywoalph,-0.01,-0.01,-0.01,na
0,300.0,sqsrules_filter,-0.01,-0.01,-0.01,na
0,300.0,sqsrules_greedyalph,-0.01,-0.01,-0.01,na
0,700.0,secret,0.9404761904761904,0.9404761904761904,0.9404761904761905,39.02698512077332
0,700.0,cossu,-0.01,-0.01,-0.01,na
0,700.0,squish,-0.01,-0.01,-0.01,na
0,700.0,sqs,0.5113636363636364,0.36684782608695654,0.84375,na
0,700.0,poerma,0.12598832483558708,0.06814548361310951,0.8333333333333333,na
0,700.0,tns,0.5776990328065433,0.5747732426303858,0.5806547619047618,na
0,700.0,sqsrules_splitall,0.5113636363636364,0.36684782608695654,0.84375,na
0,700.0,sqsrules_splitgreedy,0.8316395663956639,0.8118386243386243,0.8524305555555556,na
0,700.0,sqsrules_greedywoalph,-0.01,-0.01,-0.01,na
0,700.0,sqsrules_filter,-0.01,-0.01,-0.01,na
0,700.0,sqsrules_greedyalph,-0.01,-0.01,-0.01,na
17,100.0,secret,0.9404761904761904,0.9404761904761904,0.9404761904761905,17.252167073885598
17,100.0,cossu,0.41388888888888875,0.31041666666666656,0.6208333333333331,na
17,100.0,squish,0.5468079399141631,0.4044642857142857,0.84375,na
17,100.0,sqs,0.5532786885245901,0.4115853658536585,0.84375,na
17,100.0,poerma,0.16279957987205196,0.09021164021164021,0.8333333333333333,na
17,100.0,tns,0.5624413263806669,0.5531746031746033,0.5720238095238095,na
17,100.0,sqsrules_splitall,0.5532786885245901,0.4115853658536585,0.84375,na
17,100.0,sqsrules_splitgreedy,0.8231707317073171,0.8035714285714286,0.84375,na
17,100.0,sqsrules_greedywoalph,-0.01,-0.01,-0.01,na
17,100.0,sqsrules_filter,0.003950136751881983,0.001979016593940776,0.9899891774891774,na
17,100.0,sqsrules_greedyalph,-0.01,-0.01,-0.01,na
11,700.0,secret,0.9404761904761904,0.9404761904761904,0.9404761904761905,37.56841900348663
11,700.0,cossu,-0.01,-0.01,-0.01,na
11,700.0,squish,-0.01,-0.01,-0.01,na
11,700.0,sqs,0.5113636363636364,0.36684782608695654,0.84375,na
11,700.0,poerma,0.11456023651145604,0.06150793650793651,0.8333333333333333,na
11,700.0,tns,0.551794173449878,0.5330498866213155,0.5719047619047619,na
11,700.0,sqsrules_splitall,0.5113636363636364,0.36684782608695654,0.84375,na
11,700.0,sqsrules_splitgreedy,0.8316395663956639,0.8118386243386243,0.8524305555555556,na
11,700.0,sqsrules_greedywoalph,-0.01,-0.01,-0.01,na
11,700.0,sqsrules_filter,-0.01,-0.01,-0.01,na
11,700.0,sqsrules_greedyalph,-0.01,-0.01,-0.01,na
2,700.0,secret,0.9404761904761904,0.9404761904761904,0.9404761904761905,37.17441211938858
2,700.0,cossu,-0.01,-0.01,-0.01,na
2,700.0,squish,-0.01,-0.01,-0.01,na
2,700.0,sqs,0.5113636363636364,0.36684782608695654,0.84375,na
2,700.0,poerma,0.1160260072363231,0.062353801169590654,0.8333333333333333,na
2,700.0,tns,0.5745322846077675,0.5746598639455784,0.5744047619047619,na
2,700.0,sqsrules_splitall,0.5113636363636364,0.36684782608695654,0.84375,na
2,700.0,sqsrules_splitgreedy,0.8316395663956639,0.8118386243386243,0.8524305555555556,na
2,700.0,sqsrules_greedywoalph,-0.01,-0.01,-0.01,na
2,700.0,sqsrules_filter,-0.01,-0.01,-0.01,na
2,700.0,sqsrules_greedyalph,-0.01,-0.01,-0.01,na
18,500.0,secret,0.8901984493234257,0.8503968253968254,0.9339087301587302,31.50441794792811
18,500.0,cossu,-0.01,-0.01,-0.01,na
18,500.0,squish,-0.01,-0.01,-0.01,na
18,500.0,sqs,0.5357142857142857,0.39244186046511625,0.84375,na
18,500.0,poerma,0.12193377672888508,0.06577932098765432,0.8333333333333333,na
18,500.0,tns,0.5704557249347975,0.560997732426304,0.5802380952380952,na
18,500.0,sqsrules_splitall,0.5357142857142857,0.39244186046511625,0.84375,na
18,500.0,sqsrules_splitgreedy,0.7929586563307494,0.741243961352657,0.8524305555555556,na
18,500.0,sqsrules_greedywoalph,-0.01,-0.01,-0.01,na
18,500.0,sqsrules_filter,-0.01,-0.01,-0.01,na
18,500.0,sqsrules_greedyalph,-0.01,-0.01,-0.01,na
12,500.0,secret,0.9175377468060393,0.8956916099773241,0.9404761904761905,33.27624092102051
12,500.0,cossu,-0.01,-0.01,-0.01,na
12,500.0,squish,0.5720338983050848,0.4326923076923077,0.84375,na
12,500.0,sqs,0.52734375,0.3835227272727273,0.84375,na
12,500.0,poerma,0.14046795188663702,0.07669815564552407,0.8333333333333333,na
12,500.0,tns,0.570755086620124,0.565249433106576,0.5763690476190476,na
12,500.0,sqsrules_splitall,0.52734375,0.3835227272727273,0.84375,na
12,500.0,sqsrules_splitgreedy,0.7749368686868686,0.7103587962962963,0.8524305555555556,na
12,500.0,sqsrules_greedywoalph,-0.01,-0.01,-0.01,na
12,500.0,sqsrules_filter,-0.01,-0.01,-0.01,na
12,500.0,sqsrules_greedyalph,-0.01,-0.01,-0.01,na
8,100.0,secret,0.9404761904761904,0.9404761904761904,0.9404761904761905,15.642313512166341
8,100.0,cossu,0.4324337390513024,0.31647727272727266,0.6824999999999999,na
8,100.0,squish,0.5844323394495413,0.44703947368421054,0.84375,na
8,100.0,sqs,0.5532786885245901,0.4115853658536585,0.84375,na
8,100.0,poerma,0.15899815988420285,0.0880020865936359,0.8227777777777776,na
8,100.0,tns,0.5639550032150806,0.5447845804988665,0.5845238095238094,na
8,100.0,sqsrules_splitall,0.5532786885245901,0.4115853658536585,0.84375,na
8,100.0,sqsrules_splitgreedy,0.8118386243386243,0.7749368686868686,0.8524305555555556,na
8,100.0,sqsrules_greedywoalph,-0.01,-0.01,-0.01,na
8,100.0,sqsrules_filter,0.003966709383417538,0.0019873122985963453,0.9959415584415584,na
8,100.0,sqsrules_greedyalph,-0.01,-0.01,-0.01,na
8,900.0,secret,0.9404761904761904,0.9404761904761904,0.9404761904761905,43.938013990720115
8,900.0,cossu,-0.01,-0.01,-0.01,na
8,900.0,squish,-0.01,-0.01,-0.01,na
8,900.0,sqs,0.5192307692307693,0.375,0.84375,na
8,900.0,poerma,0.1309744962757011,0.07111111111111111,0.8280555555555555,na
8,900.0,tns,0.5590695224951965,0.5410997732426306,0.5782738095238095,na
8,900.0,sqsrules_splitall,0.5192307692307693,0.375,0.84375,na
8,900.0,sqsrules_splitgreedy,0.8231707317073171,0.8035714285714286,0.84375,na
8,900.0,sqsrules_greedywoalph,-0.01,-0.01,-0.01,na
8,900.0,sqsrules_filter,-0.01,-0.01,-0.01,na
8,900.0,sqsrules_greedyalph,-0.01,-0.01,-0.01,na
10,100.0,secret,0.9404761904761904,0.9404761904761904,0.9404761904761905,20.931180425484975
10,100.0,cossu,0.4126627915470417,0.2963947990543734,0.6790277777777776,na
10,100.0,squish,0.6136363636363635,0.48214285714285715,0.84375,na
10,100.0,sqs,0.5625,0.421875,0.84375,na
10,100.0,poerma,0.15485821688322307,0.08536036036036038,0.8333333333333333,na
10,100.0,tns,0.5602353197581661,0.5489229024943312,0.5720238095238095,na
10,100.0,sqsrules_splitall,0.5625,0.421875,0.84375,na
10,100.0,sqsrules_splitgreedy,0.8118386243386243,0.7749368686868686,0.8524305555555556,na
10,100.0,sqsrules_greedywoalph,-0.01,-0.01,-0.01,na
10,100.0,sqsrules_filter,0.004024819391560147,0.0020164842244210536,0.9959415584415584,na
10,100.0,sqsrules_greedyalph,-0.01,-0.01,-0.01,na
16,900.0,secret,0.9404761904761904,0.9404761904761904,0.9404761904761905,40.554840358098346
16,900.0,cossu,-0.01,-0.01,-0.01,na
16,900.0,squish,-0.01,-0.01,-0.01,na
16,900.0,sqs,0.5192307692307693,0.375,0.84375,na
16,900.0,poerma,0.11599436861112812,0.06233552631578948,0.8333333333333333,na
16,900.0,tns,0.5735171463774379,0.5669501133786851,0.5802380952380952,na
16,900.0,sqsrules_splitall,0.5192307692307693,0.375,0.84375,na
16,900.0,sqsrules_splitgreedy,0.8118386243386243,0.7749368686868686,0.8524305555555556,na
16,900.0,sqsrules_greedywoalph,-0.01,-0.01,-0.01,na
16,900.0,sqsrules_filter,-0.01,-0.01,-0.01,na
16,900.0,sqsrules_greedyalph,-0.01,-0.01,-0.01,na
4,900.0,secret,0.9404761904761904,0.9404761904761904,0.9404761904761905,40.10552221139272
4,900.0,cossu,-0.01,-0.01,-0.01,na
4,900.0,squish,-0.01,-0.01,-0.01,na
4,900.0,sqs,0.5113636363636364,0.36684782608695654,0.84375,na
4,900.0,poerma,0.12115398280395086,0.0653256704980843,0.8333333333333333,na
4,900.0,tns,0.5780087688174472,0.5820861678004536,0.5739880952380952,na
4,900.0,sqsrules_splitall,0.5113636363636364,0.36684782608695654,0.84375,na
4,900.0,sqsrules_splitgreedy,0.8118386243386243,0.7749368686868686,0.8524305555555556,na
4,900.0,sqsrules_greedywoalph,-0.01,-0.01,-0.01,na
4,900.0,sqsrules_filter,-0.01,-0.01,-0.01,na
4,900.0,sqsrules_greedyalph,-0.01,-0.01,-0.01,na
18,1100.0,secret,0.9404761904761904,0.9404761904761904,0.9404761904761905,45.09784160852432
18,1100.0,cossu,-0.01,-0.01,-0.01,na
18,1100.0,squish,-0.01,-0.01,-0.01,na
18,1100.0,sqs,0.5113636363636364,0.36684782608695654,0.84375,na
18,1100.0,poerma,0.1188733179948407,0.06400150150150151,0.8333333333333333,na
18,1100.0,tns,0.5602353197581661,0.5489229024943312,0.5720238095238095,na
18,1100.0,sqsrules_splitall,0.5113636363636364,0.36684782608695654,0.84375,na
18,1100.0,sqsrules_splitgreedy,0.8231707317073171,0.8035714285714286,0.84375,na
18,1100.0,sqsrules_greedywoalph,-0.01,-0.01,-0.01,na
18,1100.0,sqsrules_filter,-0.01,-0.01,-0.01,na
18,1100.0,sqsrules_greedyalph,-0.01,-0.01,-0.01,na
2,300.0,secret,0.9404761904761904,0.9404761904761904,0.9404761904761905,26.72758084932963
2,300.0,cossu,0.41085702308584465,0.2979541446208112,0.6615277777777775,na
2,300.0,squish,0.5625,0.421875,0.84375,na
2,300.0,sqs,0.52734375,0.3835227272727273,0.84375,na
2,300.0,poerma,0.1211869284389589,0.06534482758620691,0.8333333333333333,na
2,300.0,tns,0.5735171463774379,0.5669501133786851,0.5802380952380952,na
2,300.0,sqsrules_splitall,0.52734375,0.3835227272727273,0.84375,na
2,300.0,sqsrules_splitgreedy,0.8316395663956639,0.8118386243386243,0.8524305555555556,na
2,300.0,sqsrules_greedywoalph,-0.01,-0.01,-0.01,na
2,300.0,sqsrules_filter,-0.01,-0.01,-0.01,na
2,300.0,sqsrules_greedyalph,-0.01,-0.01,-0.01,na
16,500.0,secret,0.9404761904761904,0.9404761904761904,0.9404761904761905,36.78171348174413
16,500.0,cossu,-0.01,-0.01,-0.01,na
16,500.0,squish,0.6026785714285714,0.46875,0.84375,na
16,500.0,sqs,0.52734375,0.3835227272727273,0.84375,na
16,500.0,poerma,0.14046795188663702,0.07669815564552407,0.8333333333333333,na
16,500.0,tns,0.556791477314335,0.5368480725623586,0.5782738095238095,na
16,500.0,sqsrules_splitall,0.52734375,0.3835227272727273,0.84375,na
16,500.0,sqsrules_splitgreedy,0.84375,0.84375,0.84375,na
16,500.0,sqsrules_greedywoalph,-0.01,-0.01,-0.01,na
16,500.0,sqsrules_filter,-0.01,-0.01,-0.01,na
16,500.0,sqsrules_greedyalph,-0.01,-0.01,-0.01,na
1,1100.0,secret,0.9404761904761904,0.9404761904761904,0.9404761904761905,37.85872171719869
1,1100.0,cossu,-0.01,-0.01,-0.01,na
1,1100.0,squish,-0.01,-0.01,-0.01,na
1,1100.0,sqs,0.5357142857142857,0.39244186046511625,0.84375,na
1,1100.0,poerma,0.1285531176958456,0.06964869281045752,0.8333333333333333,na
1,1100.0,tns,0.5725295422515542,0.5651360544217688,0.5801190476190475,na
1,1100.0,sqsrules_splitall,0.5357142857142857,0.39244186046511625,0.84375,na
1,1100.0,sqsrules_splitgreedy,0.8231707317073171,0.8035714285714286,0.84375,na
1,1100.0,sqsrules_greedywoalph,-0.01,-0.01,-0.01,na
1,1100.0,sqsrules_filter,-0.01,-0.01,-0.01,na
1,1100.0,sqsrules_greedyalph,-0.01,-0.01,-0.01,na
10,500.0,secret,0.9464285714285715,0.9464285714285714,0.9464285714285715,31.92422201236089
10,500.0,cossu,-0.01,-0.01,-0.01,na
10,500.0,squish,-0.01,-0.01,-0.01,na
10,500.0,sqs,0.5113636363636364,0.36684782608695654,0.84375,na
10,500.0,poerma,0.11188522170396176,0.059968354430379754,0.8333333333333333,na
10,500.0,tns,0.5683084203649155,0.5568594104308392,0.5802380952380952,na
10,500.0,sqsrules_splitall,0.5113636363636364,0.36684782608695654,0.84375,na
10,500.0,sqsrules_splitgreedy,0.8010335917312662,0.748792270531401,0.861111111111111,na
10,500.0,sqsrules_greedywoalph,-0.01,-0.01,-0.01,na
10,500.0,sqsrules_filter,-0.01,-0.01,-0.01,na
10,500.0,sqsrules_greedyalph,-0.01,-0.01,-0.01,na
12,1100.0,secret,0.9404761904761904,0.9404761904761904,0.9404761904761905,44.50589941740036
12,1100.0,cossu,-0.01,-0.01,-0.01,na
12,1100.0,squish,-0.01,-0.01,-0.01,na
12,1100.0,sqs,0.5192307692307693,0.375,0.84375,na
12,1100.0,poerma,0.12557077625570778,0.06790123456790124,0.8333333333333333,na
12,1100.0,tns,0.5641462643777087,0.5489229024943313,0.5802380952380952,na
12,1100.0,sqsrules_splitall,0.5192307692307693,0.375,0.84375,na
12,1100.0,sqsrules_splitgreedy,0.8201058201058201,0.7828282828282828,0.861111111111111,na
12,1100.0,sqsrules_greedywoalph,-0.01,-0.01,-0.01,na
12,1100.0,sqsrules_filter,-0.01,-0.01,-0.01,na
12,1100.0,sqsrules_greedyalph,-0.01,-0.01,-0.01,na
8,300.0,secret,0.9184668989547038,0.8965986394557822,0.9414285714285715,25.04755312204361
8,300.0,cossu,0.427378351974799,0.3140035273368606,0.6688888888888888,na
8,300.0,squish,0.6136363636363635,0.48214285714285715,0.84375,na
8,300.0,sqs,0.5443548387096774,0.4017857142857143,0.84375,na
8,300.0,poerma,0.11853380871958469,0.06380471380471381,0.8333333333333333,na
8,300.0,tns,0.5654458153274462,0.5531746031746033,0.5782738095238095,na
8,300.0,sqsrules_splitall,0.5443548387096774,0.4017857142857143,0.84375,na
8,300.0,sqsrules_splitgreedy,0.8118386243386243,0.7749368686868686,0.8524305555555556,na
8,300.0,sqsrules_greedywoalph,-0.01,-0.01,-0.01,na
8,300.0,sqsrules_filter,-0.01,-0.01,-0.01,na
8,300.0,sqsrules_greedyalph,-0.01,-0.01,-0.01,na
14,700.0,secret,0.9404761904761904,0.9404761904761904,0.9404761904761905,23.4640336116155
14,700.0,cossu,-0.01,-0.01,-0.01,na
14,700.0,squish,-0.01,-0.01,-0.01,na
14,700.0,sqs,0.5357142857142857,0.39244186046511625,0.84375,na
14,700.0,poerma,0.12193377672888508,0.06577932098765432,0.8333333333333333,na
14,700.0,tns,0.558309866301342,0.5452380952380954,0.5720238095238095,na
14,700.0,sqsrules_splitall,0.5357142857142857,0.39244186046511625,0.84375,na
14,700.0,sqsrules_splitgreedy,0.8316395663956639,0.8118386243386243,0.8524305555555556,na
14,700.0,sqsrules_greedywoalph,-0.01,-0.01,-0.01,na
14,700.0,sqsrules_filter,-0.01,-0.01,-0.01,na
14,700.0,sqsrules_greedyalph,-0.01,-0.01,-0.01,na
13,1100.0,secret,0.9404761904761904,0.9404761904761904,0.9404761904761905,40.38187378644943
13,1100.0,cossu,-0.01,-0.01,-0.01,na
13,1100.0,squish,-0.01,-0.01,-0.01,na
13,1100.0,sqs,0.52734375,0.3835227272727273,0.84375,na
13,1100.0,poerma,0.11528867798260026,0.06192810457516341,0.8333333333333333,na
13,1100.0,tns,0.5633303764764974,0.5530612244897961,0.5739880952380952,na
13,1100.0,sqsrules_splitall,0.52734375,0.3835227272727273,0.84375,na
13,1100.0,sqsrules_splitgreedy,0.8231707317073171,0.8035714285714286,0.84375,na
13,1100.0,sqsrules_greedywoalph,-0.01,-0.01,-0.01,na
13,1100.0,sqsrules_filter,-0.01,-0.01,-0.01,na
13,1100.0,sqsrules_greedyalph,-0.01,-0.01,-0.01,na
11,900.0,secret,0.9404761904761904,0.9404761904761904,0.9404761904761905,34.184855699539185
11,900.0,cossu,-0.01,-0.01,-0.01,na
11,900.0,squish,-0.01,-0.01,-0.01,na
11,900.0,sqs,0.5037313432835822,0.35904255319148937,0.84375,na
11,900.0,poerma,0.13642182749239878,0.07429193899782136,0.8333333333333333,na
11,900.0,tns,0.558309866301342,0.5452380952380954,0.5720238095238095,na
11,900.0,sqsrules_splitall,0.5037313432835822,0.35904255319148937,0.84375,na
11,900.0,sqsrules_splitgreedy,0.7929586563307494,0.741243961352657,0.8524305555555556,na
11,900.0,sqsrules_greedywoalph,-0.01,-0.01,-0.01,na
11,900.0,sqsrules_filter,-0.01,-0.01,-0.01,na
11,900.0,sqsrules_greedyalph,-0.01,-0.01,-0.01,na
12,100.0,secret,0.9275020242296469,0.9404761904761904,0.9148809523809526,15.518204506238302
12,100.0,cossu,0.4196767527918135,0.31693766937669365,0.620972222222222,na
12,100.0,squish,0.5790523743832373,0.44685757185757186,0.8223214285714284,na
12,100.0,sqs,0.5625,0.421875,0.84375,na
12,100.0,poerma,0.1722794754464137,0.09663817663817664,0.7929166666666665,na
12,100.0,tns,0.5419684249314074,0.5330498866213154,0.5511904761904762,na
12,100.0,sqsrules_splitall,0.5729166666666666,0.4296875,0.859375,na
12,100.0,sqsrules_splitgreedy,0.785210765405608,0.741243961352657,0.8347222222222221,na
12,100.0,sqsrules_greedywoalph,-0.01,-0.01,-0.01,na
12,100.0,sqsrules_filter,0.004010007805412625,0.002009080649955675,0.9880952380952381,na
12,100.0,sqsrules_greedyalph,-0.01,-0.01,-0.01,na
14,1100.0,secret,0.9404761904761904,0.9404761904761904,0.9404761904761905,42.29435937404632
14,1100.0,cossu,-0.01,-0.01,-0.01,na
14,1100.0,squish,-0.01,-0.01,-0.01,na
14,1100.0,sqs,0.5113636363636364,0.36684782608695654,0.84375,na
14,1100.0,poerma,0.12640865954922895,0.06839149618933013,0.8333333333333333,na
14,1100.0,tns,0.5683084203649155,0.5568594104308392,0.5802380952380952,na
14,1100.0,sqsrules_splitall,0.5113636363636364,0.36684782608695654,0.84375,na
14,1100.0,sqsrules_splitgreedy,0.8201058201058201,0.7828282828282828,0.861111111111111,na
14,1100.0,sqsrules_greedywoalph,-0.01,-0.01,-0.01,na
14,1100.0,sqsrules_filter,-0.01,-0.01,-0.01,na
14,1100.0,sqsrules_greedyalph,-0.01,-0.01,-0.01,na
4,500.0,secret,0.9404761904761904,0.9404761904761904,0.9404761904761905,32.746461208661394
4,500.0,cossu,-0.01,-0.01,-0.01,na
4,500.0,squish,0.5720338983050848,0.4326923076923077,0.84375,na
4,500.0,sqs,0.5357142857142857,0.39244186046511625,0.84375,na
4,500.0,poerma,0.13544645694312044,0.0737137916126243,0.8333333333333333,na
4,500.0,tns,0.5745322846077675,0.5746598639455784,0.5744047619047619,na
4,500.0,sqsrules_splitall,0.5357142857142857,0.39244186046511625,0.84375,na
4,500.0,sqsrules_splitgreedy,0.8231707317073171,0.8035714285714286,0.84375,na
4,500.0,sqsrules_greedywoalph,-0.01,-0.01,-0.01,na
4,500.0,sqsrules_filter,-0.01,-0.01,-0.01,na
4,500.0,sqsrules_greedyalph,-0.01,-0.01,-0.01,na
19,300.0,secret,0.9404761904761904,0.9404761904761904,0.9404761904761905,26.828185939788817
19,300.0,cossu,0.4209876543209875,0.3083979328165374,0.6630555555555554,na
19,300.0,squish,0.6136363636363635,0.48214285714285715,0.84375,na
19,300.0,sqs,0.5357142857142857,0.39244186046511625,0.84375,na
19,300.0,poerma,0.13455744325083213,0.0731874731874732,0.8333333333333333,na
19,300.0,tns,0.5632162240642785,0.5489229024943312,0.5782738095238095,na
19,300.0,sqsrules_splitall,0.5357142857142857,0.39244186046511625,0.84375,na
19,300.0,sqsrules_splitgreedy,0.8231707317073171,0.8035714285714286,0.84375,na
19,300.0,sqsrules_greedywoalph,-0.01,-0.01,-0.01,na
19,300.0,sqsrules_filter,-0.01,-0.01,-0.01,na
19,300.0,sqsrules_greedyalph,-0.01,-0.01,-0.01,na
13,900.0,secret,0.9404761904761904,0.9404761904761904,0.9404761904761905,40.28554264307022
13,900.0,cossu,-0.01,-0.01,-0.01,na
13,900.0,squish,-0.01,-0.01,-0.01,na
13,900.0,sqs,0.5113636363636364,0.36684782608695654,0.84375,na
13,900.0,poerma,0.11962393881989758,0.0644368858654573,0.8333333333333333,na
13,900.0,tns,0.5712898542563642,0.5568594104308392,0.5864880952380952,na
13,900.0,sqsrules_splitall,0.5113636363636364,0.36684782608695654,0.84375,na
13,900.0,sqsrules_splitgreedy,0.8118386243386243,0.7749368686868686,0.8524305555555556,na
13,900.0,sqsrules_greedywoalph,-0.01,-0.01,-0.01,na
13,900.0,sqsrules_filter,-0.01,-0.01,-0.01,na
13,900.0,sqsrules_greedyalph,-0.01,-0.01,-0.01,na
7,1100.0,secret,0.9233449477351915,0.901360544217687,0.9464285714285714,40.2150549809138
7,1100.0,cossu,-0.01,-0.01,-0.01,na
7,1100.0,squish,-0.01,-0.01,-0.01,na
7,1100.0,sqs,0.5113636363636364,0.36684782608695654,0.84375,na
7,1100.0,poerma,0.12569357604599324,0.06825684380032206,0.7929166666666665,na
7,1100.0,tns,0.549997423211709,0.5488095238095239,0.5511904761904762,na
7,1100.0,sqsrules_splitall,0.5208333333333334,0.3736413043478261,0.859375,na
7,1100.0,sqsrules_splitgreedy,0.813947020767418,0.8022014361300075,0.8260416666666666,na
7,1100.0,sqsrules_greedywoalph,-0.01,-0.01,-0.01,na
7,1100.0,sqsrules_filter,-0.01,-0.01,-0.01,na
7,1100.0,sqsrules_greedyalph,-0.01,-0.01,-0.01,na
18,300.0,secret,0.9404761904761904,0.9404761904761904,0.9404761904761905,26.36645427544912
18,300.0,cossu,0.4135804162707946,0.3008026695526695,0.6616468253968253,na
18,300.0,squish,0.6026785714285714,0.46875,0.84375,na
18,300.0,sqs,0.5443548387096774,0.4017857142857143,0.84375,na
18,300.0,poerma,0.13544645694312044,0.0737137916126243,0.8333333333333333,na
18,300.0,tns,0.5641462643777087,0.5489229024943313,0.5802380952380952,na
18,300.0,sqsrules_splitall,0.5443548387096774,0.4017857142857143,0.84375,na
18,300.0,sqsrules_splitgreedy,0.8118386243386243,0.7749368686868686,0.8524305555555556,na
18,300.0,sqsrules_greedywoalph,-0.01,-0.01,-0.01,na
18,300.0,sqsrules_filter,-0.01,-0.01,-0.01,na
18,300.0,sqsrules_greedyalph,-0.01,-0.01,-0.01,na
1,300.0,secret,0.9404761904761904,0.9404761904761904,0.9404761904761905,23.667692116896312
1,300.0,cossu,0.4176051147390948,0.31349206349206343,0.6252579365079364,na
1,300.0,squish,0.555752453653217,0.41432926829268296,0.84375,na
1,300.0,sqs,0.5443548387096774,0.4017857142857143,0.84375,na
1,300.0,poerma,0.13713439225275148,0.07475749559082892,0.8280555555555555,na
1,300.0,tns,0.5560723471908438,0.5409863945578234,0.5720238095238095,na
1,300.0,sqsrules_splitall,0.5443548387096774,0.4017857142857143,0.84375,na
1,300.0,sqsrules_splitgreedy,0.8231707317073171,0.8035714285714286,0.84375,na
1,300.0,sqsrules_greedywoalph,-0.01,-0.01,-0.01,na
1,300.0,sqsrules_filter,-0.01,-0.01,-0.01,na
1,300.0,sqsrules_greedyalph,-0.01,-0.01,-0.01,na
10,300.0,secret,0.9404761904761904,0.9404761904761904,0.9404761904761905,25.40834445953369
10,300.0,cossu,0.40554546342048137,0.2941181657848324,0.6528968253968251,na
10,300.0,squish,0.5720338983050848,0.4326923076923077,0.84375,na
10,300.0,sqs,0.5357142857142857,0.39244186046511625,0.84375,na
10,300.0,poerma,0.11670875161667797,0.06274834437086094,0.8333333333333333,na
10,300.0,tns,0.5632162240642785,0.5489229024943312,0.5782738095238095,na
10,300.0,sqsrules_splitall,0.5357142857142857,0.39244186046511625,0.84375,na
10,300.0,sqsrules_splitgreedy,0.8118386243386243,0.7749368686868686,0.8524305555555556,na
10,300.0,sqsrules_greedywoalph,-0.01,-0.01,-0.01,na
10,300.0,sqsrules_filter,-0.01,-0.01,-0.01,na
10,300.0,sqsrules_greedyalph,-0.01,-0.01,-0.01,na
4,1100.0,secret,0.9404761904761904,0.9404761904761904,0.9404761904761905,41.01067301829656
4,1100.0,cossu,-0.01,-0.01,-0.01,na
4,1100.0,squish,-0.01,-0.01,-0.01,na
4,1100.0,sqs,0.5113636363636364,0.36684782608695654,0.84375,na
4,1100.0,poerma,0.13032179163800353,0.07068822553897182,0.8333333333333333,na
4,1100.0,tns,0.5874410081722743,0.5943877551020409,0.5806547619047618,na
4,1100.0,sqsrules_splitall,0.5113636363636364,0.36684782608695654,0.84375,na
4,1100.0,sqsrules_splitgreedy,0.8231707317073171,0.8035714285714286,0.84375,na
4,1100.0,sqsrules_greedywoalph,-0.01,-0.01,-0.01,na
4,1100.0,sqsrules_filter,-0.01,-0.01,-0.01,na
4,1100.0,sqsrules_greedyalph,-0.01,-0.01,-0.01,na
18,900.0,secret,0.9404761904761904,0.9404761904761904,0.9404761904761905,39.53506641387939
18,900.0,cossu,-0.01,-0.01,-0.01,na
18,900.0,squish,-0.01,-0.01,-0.01,na
18,900.0,sqs,0.5113636363636364,0.36684782608695654,0.84375,na
18,900.0,poerma,0.12312247255921432,0.06647173489278753,0.8333333333333333,na
18,900.0,tns,0.558309866301342,0.5452380952380954,0.5720238095238095,na
18,900.0,sqsrules_splitall,0.5113636363636364,0.36684782608695654,0.84375,na
18,900.0,sqsrules_splitgreedy,0.7828282828282828,0.7175925925925926,0.861111111111111,na
18,900.0,sqsrules_greedywoalph,-0.01,-0.01,-0.01,na
18,900.0,sqsrules_filter,-0.01,-0.01,-0.01,na
18,900.0,sqsrules_greedyalph,-0.01,-0.01,-0.01,na
12,700.0,secret,0.9404761904761904,0.9404761904761904,0.9404761904761905,38.66819778283437
12,700.0,cossu,-0.01,-0.01,-0.01,na
12,700.0,squish,-0.01,-0.01,-0.01,na
12,700.0,sqs,0.5192307692307693,0.375,0.84375,na
12,700.0,poerma,0.12768666217329439,0.06914030819140309,0.8333333333333333,na
12,700.0,tns,0.5683084203649155,0.5568594104308392,0.5802380952380952,na
12,700.0,sqsrules_splitall,0.5192307692307693,0.375,0.84375,na
12,700.0,sqsrules_splitgreedy,0.8010335917312662,0.748792270531401,0.861111111111111,na
12,700.0,sqsrules_greedywoalph,-0.01,-0.01,-0.01,na
12,700.0,sqsrules_filter,-0.01,-0.01,-0.01,na
12,700.0,sqsrules_greedyalph,-0.01,-0.01,-0.01,na
17,1100.0,secret,0.9404761904761904,0.9404761904761904,0.9404761904761905,42.13918621142705
17,1100.0,cossu,-0.01,-0.01,-0.01,na
17,1100.0,squish,-0.01,-0.01,-0.01,na
17,1100.0,sqs,0.5037313432835822,0.35904255319148937,0.84375,na
17,1100.0,poerma,0.1166769314993499,0.0627299484915379,0.8333333333333333,na
17,1100.0,tns,0.548924574666517,0.5330498866213155,0.5657738095238095,na
17,1100.0,sqsrules_splitall,0.5037313432835822,0.35904255319148937,0.84375,na
17,1100.0,sqsrules_splitgreedy,0.7749368686868686,0.7103587962962963,0.8524305555555556,na
17,1100.0,sqsrules_greedywoalph,-0.01,-0.01,-0.01,na
17,1100.0,sqsrules_filter,-0.01,-0.01,-0.01,na
17,1100.0,sqsrules_greedyalph,-0.01,-0.01,-0.01,na
13,700.0,secret,0.9404761904761904,0.9404761904761904,0.9404761904761905,36.83438856204351
13,700.0,cossu,-0.01,-0.01,-0.01,na
13,700.0,squish,-0.01,-0.01,-0.01,na
13,700.0,sqs,0.5113636363636364,0.36684782608695654,0.84375,na
13,700.0,poerma,0.12076781413797989,0.0651011836578847,0.8333333333333333,na
13,700.0,tns,0.5589533694353961,0.5409863945578234,0.5781547619047618,na
13,700.0,sqsrules_splitall,0.5113636363636364,0.36684782608695654,0.84375,na
13,700.0,sqsrules_splitgreedy,0.8010335917312662,0.748792270531401,0.861111111111111,na
13,700.0,sqsrules_greedywoalph,-0.01,-0.01,-0.01,na
13,700.0,sqsrules_filter,-0.01,-0.01,-0.01,na
13,700.0,sqsrules_greedyalph,-0.01,-0.01,-0.01,na
3,100.0,secret,0.9013605442176871,0.8603896103896104,0.9464285714285714,17.930207498868306
3,100.0,cossu,0.43620370370370365,0.3271527777777777,0.6543055555555555,na
3,100.0,squish,0.5625,0.421875,0.84375,na
3,100.0,sqs,0.5443548387096774,0.4017857142857143,0.84375,na
3,100.0,poerma,0.1693930454992402,0.09427860696517415,0.8333333333333333,na
3,100.0,tns,0.5705143360452449,0.5611111111111112,0.5802380952380952,na
3,100.0,sqsrules_splitall,0.5443548387096774,0.4017857142857143,0.84375,na
3,100.0,sqsrules_splitgreedy,0.8231707317073171,0.8035714285714286,0.84375,na
3,100.0,sqsrules_greedywoalph,-0.01,-0.01,-0.01,na
3,100.0,sqsrules_filter,0.003912158819844441,0.0019599361575156123,0.994047619047619,na
3,100.0,sqsrules_greedyalph,-0.01,-0.01,-0.01,na
15,900.0,secret,0.9404761904761904,0.9404761904761904,0.9404761904761905,32.91268518765767
15,900.0,cossu,-0.01,-0.01,-0.01,na
15,900.0,squish,-0.01,-0.01,-0.01,na
15,900.0,sqs,0.5192307692307693,0.375,0.84375,na
15,900.0,poerma,0.10864716752692284,0.05811179277436947,0.8333333333333333,na
15,900.0,tns,0.5632162240642785,0.5489229024943312,0.5782738095238095,na
15,900.0,sqsrules_splitall,0.5192307692307693,0.375,0.84375,na
15,900.0,sqsrules_splitgreedy,0.8118386243386243,0.7749368686868686,0.8524305555555556,na
15,900.0,sqsrules_greedywoalph,-0.01,-0.01,-0.01,na
15,900.0,sqsrules_filter,-0.01,-0.01,-0.01,na
15,900.0,sqsrules_greedyalph,-0.01,-0.01,-0.01,na
16,700.0,secret,0.9404761904761904,0.9404761904761904,0.9404761904761905,36.96802109877269
16,700.0,cossu,-0.01,-0.01,-0.01,na
16,700.0,squish,-0.01,-0.01,-0.01,na
16,700.0,sqs,0.5192307692307693,0.375,0.84375,na
16,700.0,poerma,0.11390274688946327,0.06112903225806453,0.8333333333333333,na
16,700.0,tns,0.548924574666517,0.5330498866213155,0.5657738095238095,na
16,700.0,sqsrules_splitall,0.5192307692307693,0.375,0.84375,na
16,700.0,sqsrules_splitgreedy,0.8316395663956639,0.8118386243386243,0.8524305555555556,na
16,700.0,sqsrules_greedywoalph,-0.01,-0.01,-0.01,na
16,700.0,sqsrules_filter,-0.01,-0.01,-0.01,na
16,700.0,sqsrules_greedyalph,-0.01,-0.01,-0.01,na
5,300.0,secret,0.9233449477351915,0.901360544217687,0.9464285714285714,22.51675145228704
5,300.0,cossu,0.40722703222703205,0.29214113181504475,0.671924603174603,na
5,300.0,squish,0.5921052631578947,0.4560810810810811,0.84375,na
5,300.0,sqs,0.5357142857142857,0.39244186046511625,0.84375,na
5,300.0,poerma,0.12115398280395086,0.0653256704980843,0.8333333333333333,na
5,300.0,tns,0.556791477314335,0.5368480725623586,0.5782738095238095,na
5,300.0,sqsrules_splitall,0.5357142857142857,0.39244186046511625,0.84375,na
5,300.0,sqsrules_splitgreedy,0.8118386243386243,0.7749368686868686,0.8524305555555556,na
5,300.0,sqsrules_greedywoalph,-0.01,-0.01,-0.01,na
5,300.0,sqsrules_filter,-0.01,-0.01,-0.01,na
5,300.0,sqsrules_greedyalph,-0.01,-0.01,-0.01,na
2,1100.0,secret,0.9404761904761904,0.9404761904761904,0.9404761904761905,43.647008164723715
2,1100.0,cossu,-0.01,-0.01,-0.01,na
2,1100.0,squish,0.5649944567627494,0.4246875,0.84375,na
2,1100.0,sqs,0.52734375,0.3835227272727273,0.84375,na
2,1100.0,poerma,0.10775004264513563,0.057598784194528886,0.8333333333333333,na
2,1100.0,tns,0.5674185739057139,0.560997732426304,0.5739880952380952,na
2,1100.0,sqsrules_splitall,0.52734375,0.3835227272727273,0.84375,na
2,1100.0,sqsrules_splitgreedy,0.8118386243386243,0.7749368686868686,0.8524305555555556,na
2,1100.0,sqsrules_greedywoalph,-0.01,-0.01,-0.01,na
2,1100.0,sqsrules_filter,-0.01,-0.01,-0.01,na
2,1100.0,sqsrules_greedyalph,-0.01,-0.01,-0.01,na
4,700.0,secret,0.9404761904761904,0.9404761904761904,0.9404761904761905,37.91390438079834
4,700.0,cossu,-0.01,-0.01,-0.01,na
4,700.0,squish,-0.01,-0.01,-0.01,na
4,700.0,sqs,0.5357142857142857,0.39244186046511625,0.84375,na
4,700.0,poerma,0.12076781413797989,0.0651011836578847,0.8333333333333333,na
4,700.0,tns,0.5853186609267935,0.5966553287981861,0.5744047619047619,na
4,700.0,sqsrules_splitall,0.5357142857142857,0.39244186046511625,0.84375,na
4,700.0,sqsrules_splitgreedy,0.8231707317073171,0.8035714285714286,0.84375,na
4,700.0,sqsrules_greedywoalph,-0.01,-0.01,-0.01,na
4,700.0,sqsrules_filter,-0.01,-0.01,-0.01,na
4,700.0,sqsrules_greedyalph,-0.01,-0.01,-0.01,na
18,700.0,secret,0.9404761904761904,0.9404761904761904,0.9404761904761905,37.989437814553575
18,700.0,cossu,-0.01,-0.01,-0.01,na
18,700.0,squish,-0.01,-0.01,-0.01,na
18,700.0,sqs,0.5192307692307693,0.375,0.84375,na
18,700.0,poerma,0.11703734211971446,0.06293835363602807,0.8333333333333333,na
18,700.0,tns,0.5704557249347975,0.560997732426304,0.5802380952380952,na
18,700.0,sqsrules_splitall,0.5192307692307693,0.375,0.84375,na
18,700.0,sqsrules_splitgreedy,0.8035714285714286,0.7670454545454546,0.84375,na
18,700.0,sqsrules_greedywoalph,-0.01,-0.01,-0.01,na
18,700.0,sqsrules_filter,-0.01,-0.01,-0.01,na
18,700.0,sqsrules_greedyalph,-0.01,-0.01,-0.01,na
1,500.0,secret,0.9394841269841269,0.9394841269841269,0.9394841269841269,30.82989507118861
1,500.0,cossu,-0.01,-0.01,-0.01,na
1,500.0,squish,-0.01,-0.01,-0.01,na
1,500.0,sqs,0.5192307692307693,0.375,0.84375,na
1,500.0,poerma,0.1361433605039013,0.07416885389326335,0.8280555555555555,na
1,500.0,tns,0.5704557249347975,0.560997732426304,0.5802380952380952,na
1,500.0,sqsrules_splitall,0.5192307692307693,0.375,0.84375,na
1,500.0,sqsrules_splitgreedy,0.84375,0.84375,0.84375,na
1,500.0,sqsrules_greedywoalph,-0.01,-0.01,-0.01,na
1,500.0,sqsrules_filter,-0.01,-0.01,-0.01,na
1,500.0,sqsrules_greedyalph,-0.01,-0.01,-0.01,na
7,100.0,secret,0.9275020242296468,0.9404761904761904,0.9148809523809524,15.828974362214407
7,100.0,cossu,0.4410038583903065,0.338157894736842,0.6337499999999998,na
7,100.0,squish,0.5790523743832373,0.44685757185757186,0.8223214285714284,na
7,100.0,sqs,0.5443548387096774,0.4017857142857143,0.84375,na
7,100.0,poerma,0.17462901563714378,0.09811921296296296,0.7929166666666665,na
7,100.0,tns,0.5378387946543789,0.5252267573696148,0.5510714285714285,na
7,100.0,sqsrules_splitall,0.5443548387096774,0.4017857142857143,0.84375,na
7,100.0,sqsrules_splitgreedy,0.8220927924598866,0.8052248677248677,0.8396825396825396,na
7,100.0,sqsrules_greedywoalph,-0.01,-0.01,-0.01,na
7,100.0,sqsrules_filter,0.003913311711055435,0.0019605148788219653,0.994047619047619,na
7,100.0,sqsrules_greedyalph,-0.01,-0.01,-0.01,na
0,1100.0,secret,0.9404761904761904,0.9404761904761904,0.9404761904761905,47.685606467723844
0,1100.0,cossu,-0.01,-0.01,-0.01,na
0,1100.0,squish,-0.01,-0.01,-0.01,na
0,1100.0,sqs,0.5113636363636364,0.36684782608695654,0.84375,na
0,1100.0,poerma,0.13642182749239878,0.07429193899782136,0.8333333333333333,na
0,1100.0,tns,0.5590695224951965,0.5410997732426306,0.5782738095238095,na
0,1100.0,sqsrules_splitall,0.5113636363636364,0.36684782608695654,0.84375,na
0,1100.0,sqsrules_splitgreedy,0.8010335917312662,0.748792270531401,0.861111111111111,na
0,1100.0,sqsrules_greedywoalph,-0.01,-0.01,-0.01,na
0,1100.0,sqsrules_filter,-0.01,-0.01,-0.01,na
0,1100.0,sqsrules_greedyalph,-0.01,-0.01,-0.01,na
19,500.0,secret,0.9404761904761904,0.9404761904761904,0.9404761904761905,34.97142504056295
19,500.0,cossu,-0.01,-0.01,-0.01,na
19,500.0,squish,0.6026785714285714,0.46875,0.84375,na
19,500.0,sqs,0.5192307692307693,0.375,0.84375,na
19,500.0,poerma,0.1295014270966175,0.07020576131687244,0.8333333333333333,na
19,500.0,tns,0.5744060699009611,0.5628117913832202,0.5864880952380952,na
19,500.0,sqsrules_splitall,0.5192307692307693,0.375,0.84375,na
19,500.0,sqsrules_splitgreedy,0.8316395663956639,0.8118386243386243,0.8524305555555556,na
19,500.0,sqsrules_greedywoalph,-0.01,-0.01,-0.01,na
19,500.0,sqsrules_filter,-0.01,-0.01,-0.01,na
19,500.0,sqsrules_greedyalph,-0.01,-0.01,-0.01,na
4,100.0,secret,0.9404761904761904,0.9404761904761904,0.9404761904761905,18.54192630449931
4,100.0,cossu,0.42324786324786307,0.3056790123456789,0.6877777777777776,na
4,100.0,squish,0.5720338983050848,0.4326923076923077,0.84375,na
4,100.0,sqs,0.5625,0.421875,0.84375,na
4,100.0,poerma,0.15673837102408533,0.0865043125317098,0.8333333333333333,na
4,100.0,tns,0.5784715684456002,0.5825963718820864,0.5744047619047619,na
4,100.0,sqsrules_splitall,0.5625,0.421875,0.84375,na
4,100.0,sqsrules_splitgreedy,0.8231707317073171,0.8035714285714286,0.84375,na
4,100.0,sqsrules_greedywoalph,-0.01,-0.01,-0.01,na
4,100.0,sqsrules_filter,0.0040092129421523915,0.002008673788746693,0.9899891774891774,na
4,100.0,sqsrules_greedyalph,-0.01,-0.01,-0.01,na
8,1100.0,secret,0.9404761904761904,0.9404761904761904,0.9404761904761905,43.80620898405711
8,1100.0,cossu,-0.01,-0.01,-0.01,na
8,1100.0,squish,-0.01,-0.01,-0.01,na
8,1100.0,sqs,0.5192307692307693,0.375,0.84375,na
8,1100.0,poerma,0.1093501092686686,0.05854037267080746,0.8280555555555555,na
8,1100.0,tns,0.548924574666517,0.5330498866213155,0.5657738095238095,na
8,1100.0,sqsrules_splitall,0.5192307692307693,0.375,0.84375,na
8,1100.0,sqsrules_splitgreedy,0.7929586563307494,0.741243961352657,0.8524305555555556,na
8,1100.0,sqsrules_greedywoalph,-0.01,-0.01,-0.01,na
8,1100.0,sqsrules_filter,-0.01,-0.01,-0.01,na
8,1100.0,sqsrules_greedyalph,-0.01,-0.01,-0.01,na
14,900.0,secret,0.9404761904761904,0.9404761904761904,0.9404761904761905,39.02796802520752
14,900.0,cossu,-0.01,-0.01,-0.01,na
14,900.0,squish,0.5405690200210748,0.3976744186046512,0.84375,na
14,900.0,sqs,0.5037313432835822,0.35904255319148937,0.84375,na
14,900.0,poerma,0.11631873379724383,0.06252291895856253,0.8333333333333333,na
14,900.0,tns,0.5633303764764974,0.5530612244897961,0.5739880952380952,na
14,900.0,sqsrules_splitall,0.5037313432835822,0.35904255319148937,0.84375,na
14,900.0,sqsrules_splitgreedy,0.8316395663956639,0.8118386243386243,0.8524305555555556,na
14,900.0,sqsrules_greedywoalph,-0.01,-0.01,-0.01,na
14,900.0,sqsrules_filter,-0.01,-0.01,-0.01,na
14,900.0,sqsrules_greedyalph,-0.01,-0.01,-0.01,na
11,300.0,secret,0.9404761904761904,0.9404761904761904,0.9404761904761905,21.083421508471172
11,300.0,cossu,0.40122009002606,0.2859760216143194,0.6720436507936507,na
11,300.0,squish,0.6026785714285714,0.46875,0.84375,na
11,300.0,sqs,0.5192307692307693,0.375,0.84375,na
11,300.0,poerma,0.12557077625570778,0.06790123456790124,0.8333333333333333,na
11,300.0,tns,0.5695631983746916,0.5611111111111112,0.5782738095238095,na
11,300.0,sqsrules_splitall,0.5192307692307693,0.375,0.84375,na
11,300.0,sqsrules_splitgreedy,0.8231707317073171,0.8035714285714286,0.84375,na
11,300.0,sqsrules_greedywoalph,-0.01,-0.01,-0.01,na
11,300.0,sqsrules_filter,-0.01,-0.01,-0.01,na
11,300.0,sqsrules_greedyalph,-0.01,-0.01,-0.01,na
17,700.0,secret,0.9404761904761904,0.9404761904761904,0.9404761904761905,35.65175825357437
17,700.0,cossu,-0.01,-0.01,-0.01,na
17,700.0,squish,-0.01,-0.01,-0.01,na
17,700.0,sqs,0.5357142857142857,0.39244186046511625,0.84375,na
17,700.0,poerma,0.10864716752692284,0.05811179277436947,0.8333333333333333,na
17,700.0,tns,0.5632162240642785,0.5489229024943312,0.5782738095238095,na
17,700.0,sqsrules_splitall,0.5357142857142857,0.39244186046511625,0.84375,na
17,700.0,sqsrules_splitgreedy,0.8118386243386243,0.7749368686868686,0.8524305555555556,na
17,700.0,sqsrules_greedywoalph,-0.01,-0.01,-0.01,na
17,700.0,sqsrules_filter,-0.01,-0.01,-0.01,na
17,700.0,sqsrules_greedyalph,-0.01,-0.01,-0.01,na
5,1100.0,secret,0.9404761904761904,0.9404761904761904,0.9404761904761905,43.795494329929355
5,1100.0,cossu,-0.01,-0.01,-0.01,na
5,1100.0,squish,-0.01,-0.01,-0.01,na
5,1100.0,sqs,0.52734375,0.3835227272727273,0.84375,na
5,1100.0,poerma,0.11119806952325051,0.0595737246680643,0.8333333333333333,na
5,1100.0,tns,0.556791477314335,0.5368480725623586,0.5782738095238095,na
5,1100.0,sqsrules_splitall,0.52734375,0.3835227272727273,0.84375,na
5,1100.0,sqsrules_splitgreedy,0.8035714285714286,0.7670454545454546,0.84375,na
5,1100.0,sqsrules_greedywoalph,-0.01,-0.01,-0.01,na
5,1100.0,sqsrules_filter,-0.01,-0.01,-0.01,na
5,1100.0,sqsrules_greedyalph,-0.01,-0.01,-0.01,na
7,500.0,secret,0.9275020242296468,0.9404761904761904,0.9148809523809524,26.828246450424196
7,500.0,cossu,-0.01,-0.01,-0.01,na
7,500.0,squish,-0.01,-0.01,-0.01,na
7,500.0,sqs,0.5357142857142857,0.39244186046511625,0.84375,na
7,500.0,poerma,0.13048175389110467,0.07109014675052411,0.7929166666666665,na
7,500.0,tns,0.5460407675994722,0.5409863945578233,0.5511904761904762,na
7,500.0,sqsrules_splitall,0.5456349206349207,0.3997093023255814,0.859375,na
7,500.0,sqsrules_splitgreedy,0.8340972552575766,0.8423115079365079,0.8260416666666666,na
7,500.0,sqsrules_greedywoalph,-0.01,-0.01,-0.01,na
7,500.0,sqsrules_filter,-0.01,-0.01,-0.01,na
7,500.0,sqsrules_greedyalph,-0.01,-0.01,-0.01,na
6,700.0,secret,0.9404761904761904,0.9404761904761904,0.9404761904761905,36.90807205438614
6,700.0,cossu,-0.01,-0.01,-0.01,na
6,700.0,squish,-0.01,-0.01,-0.01,na
6,700.0,sqs,0.52734375,0.3835227272727273,0.84375,na
6,700.0,poerma,0.13544645694312044,0.0737137916126243,0.8333333333333333,na
6,700.0,tns,0.556791477314335,0.5368480725623586,0.5782738095238095,na
6,700.0,sqsrules_splitall,0.52734375,0.3835227272727273,0.84375,na
6,700.0,sqsrules_splitgreedy,0.8118386243386243,0.7749368686868686,0.8524305555555556,na
6,700.0,sqsrules_greedywoalph,-0.01,-0.01,-0.01,na
6,700.0,sqsrules_filter,-0.01,-0.01,-0.01,na
6,700.0,sqsrules_greedyalph,-0.01,-0.01,-0.01,na
3,1100.0,secret,0.9404761904761904,0.9404761904761904,0.9404761904761905,37.13494277795156
3,1100.0,cossu,-0.01,-0.01,-0.01,na
3,1100.0,squish,-0.01,-0.01,-0.01,na
3,1100.0,sqs,0.5113636363636364,0.36684782608695654,0.84375,na
3,1100.0,poerma,0.11743198859763279,0.06316666666666668,0.8333333333333333,na
3,1100.0,tns,0.5744060699009611,0.5628117913832202,0.5864880952380952,na
3,1100.0,sqsrules_splitall,0.5113636363636364,0.36684782608695654,0.84375,na
3,1100.0,sqsrules_splitgreedy,0.8118386243386243,0.7749368686868686,0.8524305555555556,na
3,1100.0,sqsrules_greedywoalph,-0.01,-0.01,-0.01,na
3,1100.0,sqsrules_filter,-0.01,-0.01,-0.01,na
3,1100.0,sqsrules_greedyalph,-0.01,-0.01,-0.01,na
1,900.0,secret,0.9404761904761904,0.9404761904761904,0.9404761904761905,40.47438846826553
1,900.0,cossu,-0.01,-0.01,-0.01,na
1,900.0,squish,-0.01,-0.01,-0.01,na
1,900.0,sqs,0.5192307692307693,0.375,0.84375,na
1,900.0,poerma,0.12154262902765899,0.06555171088043062,0.8333333333333333,na
1,900.0,tns,0.5816239464998588,0.5825963718820864,0.5806547619047618,na
1,900.0,sqsrules_splitall,0.5192307692307693,0.375,0.84375,na
1,900.0,sqsrules_splitgreedy,0.7929586563307494,0.741243961352657,0.8524305555555556,na
1,900.0,sqsrules_greedywoalph,-0.01,-0.01,-0.01,na
1,900.0,sqsrules_filter,-0.01,-0.01,-0.01,na
1,900.0,sqsrules_greedyalph,-0.01,-0.01,-0.01,na
0,500.0,secret,0.9404761904761904,0.9404761904761904,0.9404761904761905,37.674145019054414
0,500.0,cossu,-0.01,-0.01,-0.01,na
0,500.0,squish,0.625,0.4963235294117647,0.84375,na
0,500.0,sqs,0.5357142857142857,0.39244186046511625,0.84375,na
0,500.0,poerma,0.14700810484566307,0.0806146572104019,0.8333333333333333,na
0,500.0,tns,0.556791477314335,0.5368480725623586,0.5782738095238095,na
0,500.0,sqsrules_splitall,0.5357142857142857,0.39244186046511625,0.84375,na
0,500.0,sqsrules_splitgreedy,0.8231707317073171,0.8035714285714286,0.84375,na
0,500.0,sqsrules_greedywoalph,-0.01,-0.01,-0.01,na
0,500.0,sqsrules_filter,-0.01,-0.01,-0.01,na
0,500.0,sqsrules_greedyalph,-0.01,-0.01,-0.01,na
11,100.0,secret,0.9404761904761904,0.9404761904761904,0.9404761904761905,16.627067883809406
11,100.0,cossu,0.43185505421043596,0.310401891252955,0.7094444444444442,na
11,100.0,squish,0.5818965517241379,0.4440789473684211,0.84375,na
11,100.0,sqs,0.5625,0.421875,0.84375,na
11,100.0,poerma,0.15785428554657596,0.08724279835390947,0.8280555555555555,na
11,100.0,tns,0.5602353197581661,0.5489229024943312,0.5720238095238095,na
11,100.0,sqsrules_splitall,0.5625,0.421875,0.84375,na
11,100.0,sqsrules_splitgreedy,0.8231707317073171,0.8035714285714286,0.84375,na
11,100.0,sqsrules_greedywoalph,0.6211730153079387,0.6875,0.5665178571428571,na
11,100.0,sqsrules_filter,0.0040087922926084945,0.0020084704199313896,0.9880952380952381,na
11,100.0,sqsrules_greedyalph,0.2962939378502292,0.6875,0.1888392857142857,na
2,100.0,secret,0.8408189033189034,0.7707506613756615,0.9249007936507937,18.480417410532635
2,100.0,cossu,0.4196411709159583,0.31428571428571417,0.6312499999999999,na
2,100.0,squish,0.5503266104756172,0.4135416666666667,0.8223214285714284,na
2,100.0,sqs,0.5443548387096774,0.4017857142857143,0.84375,na
2,100.0,poerma,0.16897773516294431,0.09464085297418631,0.7876388888888888,na
2,100.0,tns,0.5436422784572555,0.548809523809524,0.5385714285714286,na
2,100.0,sqsrules_splitall,0.5443548387096774,0.4017857142857143,0.84375,na
2,100.0,sqsrules_splitgreedy,0.7932865783188634,0.748792270531401,0.8434027777777778,na
2,100.0,sqsrules_greedywoalph,-0.01,-0.01,-0.01,na
2,100.0,sqsrules_filter,0.003912941983858397,0.001960321933749746,0.9959415584415584,na
2,100.0,sqsrules_greedyalph,-0.01,-0.01,-0.01,na
16,1100.0,secret,0.9404761904761904,0.9404761904761904,0.9404761904761905,45.42507260640462
16,1100.0,cossu,-0.01,-0.01,-0.01,na
16,1100.0,squish,-0.01,-0.01,-0.01,na
16,1100.0,sqs,0.5037313432835822,0.35904255319148937,0.84375,na
16,1100.0,poerma,0.1109030256920466,0.05940438871473355,0.8333333333333333,na
16,1100.0,tns,0.551794173449878,0.5330498866213155,0.5719047619047619,na
16,1100.0,sqsrules_splitall,0.5037313432835822,0.35904255319148937,0.84375,na
16,1100.0,sqsrules_splitgreedy,0.8316395663956639,0.8118386243386243,0.8524305555555556,na
16,1100.0,sqsrules_greedywoalph,-0.01,-0.01,-0.01,na
16,1100.0,sqsrules_filter,-0.01,-0.01,-0.01,na
16,1100.0,sqsrules_greedyalph,-0.01,-0.01,-0.01,na
0,100.0,secret,0.9175377468060393,0.8956916099773241,0.9404761904761905,18.332539053757987
0,100.0,cossu,0.42311827956989234,0.3123015873015872,0.6558333333333332,na
0,100.0,squish,0.5921052631578947,0.4560810810810811,0.84375,na
0,100.0,sqs,0.5357142857142857,0.39244186046511625,0.84375,na
0,100.0,poerma,0.18312340004786157,0.10294474802671524,0.8280555555555555,na
0,100.0,tns,0.5643397575466272,0.5568594104308391,0.5720238095238095,na
0,100.0,sqsrules_splitall,0.5357142857142857,0.39244186046511625,0.84375,na
0,100.0,sqsrules_splitgreedy,0.84375,0.84375,0.84375,na
0,100.0,sqsrules_greedywoalph,-0.01,-0.01,-0.01,na
0,100.0,sqsrules_filter,0.003871842028845223,0.001939676074095626,1.0,na
0,100.0,sqsrules_greedyalph,-0.01,-0.01,-0.01,na
9,300.0,secret,0.9404761904761904,0.9404761904761904,0.9404761904761905,21.12580471833547
9,300.0,cossu,0.4229565571001914,0.30378709454796404,0.695972222222222,na
9,300.0,squish,0.5625,0.421875,0.84375,na
9,300.0,sqs,0.5357142857142857,0.39244186046511625,0.84375,na
9,300.0,poerma,0.12696775718624798,0.06875506893755069,0.8280555555555555,na
9,300.0,tns,0.5496235568453072,0.5289115646258506,0.5720238095238095,na
9,300.0,sqsrules_splitall,0.5357142857142857,0.39244186046511625,0.84375,na
9,300.0,sqsrules_splitgreedy,0.8231707317073171,0.8035714285714286,0.84375,na
9,300.0,sqsrules_greedywoalph,-0.01,-0.01,-0.01,na
9,300.0,sqsrules_filter,-0.01,-0.01,-0.01,na
9,300.0,sqsrules_greedyalph,-0.01,-0.01,-0.01,na
10,900.0,secret,0.9404761904761904,0.9404761904761904,0.9404761904761905,43.22029049793879
10,900.0,cossu,-0.01,-0.01,-0.01,na
10,900.0,squish,-0.01,-0.01,-0.01,na
10,900.0,sqs,0.5113636363636364,0.36684782608695654,0.84375,na
10,900.0,poerma,0.11188522170396176,0.059968354430379754,0.8333333333333333,na
10,900.0,tns,0.5590695224951965,0.5410997732426306,0.5782738095238095,na
10,900.0,sqsrules_splitall,0.5113636363636364,0.36684782608695654,0.84375,na
10,900.0,sqsrules_splitgreedy,0.8010335917312662,0.748792270531401,0.861111111111111,na
10,900.0,sqsrules_greedywoalph,-0.01,-0.01,-0.01,na
10,900.0,sqsrules_filter,-0.01,-0.01,-0.01,na
10,900.0,sqsrules_greedyalph,-0.01,-0.01,-0.01,na
11,500.0,secret,0.9404761904761904,0.9404761904761904,0.9404761904761905,32.02209964990616
11,500.0,cossu,-0.01,-0.01,-0.01,na
11,500.0,squish,0.5625,0.421875,0.84375,na
11,500.0,sqs,0.5443548387096774,0.4017857142857143,0.84375,na
11,500.0,poerma,0.14643992098256464,0.08027306967984935,0.8333333333333333,na
11,500.0,tns,0.5641462643777087,0.5489229024943313,0.5802380952380952,na
11,500.0,sqsrules_splitall,0.5443548387096774,0.4017857142857143,0.84375,na
11,500.0,sqsrules_splitgreedy,0.8316395663956639,0.8118386243386243,0.8524305555555556,na
11,500.0,sqsrules_greedywoalph,-0.01,-0.01,-0.01,na
11,500.0,sqsrules_filter,-0.01,-0.01,-0.01,na
11,500.0,sqsrules_greedyalph,-0.01,-0.01,-0.01,na
3,300.0,secret,0.9404761904761904,0.9404761904761904,0.9404761904761905,20.762470054626466
3,300.0,cossu,0.4171991500013793,0.3046717171717171,0.6615277777777775,na
3,300.0,squish,0.5921052631578947,0.4560810810810811,0.84375,na
3,300.0,sqs,0.5443548387096774,0.4017857142857143,0.84375,na
3,300.0,poerma,0.12686617125259425,0.06865942028985508,0.8333333333333333,na
3,300.0,tns,0.5632162240642785,0.5489229024943312,0.5782738095238095,na
3,300.0,sqsrules_splitall,0.5443548387096774,0.4017857142857143,0.84375,na
3,300.0,sqsrules_splitgreedy,0.8118386243386243,0.7749368686868686,0.8524305555555556,na
3,300.0,sqsrules_greedywoalph,-0.01,-0.01,-0.01,na
3,300.0,sqsrules_filter,-0.01,-0.01,-0.01,na
3,300.0,sqsrules_greedyalph,-0.01,-0.01,-0.01,na
2,500.0,secret,0.9404761904761904,0.9404761904761904,0.9404761904761905,32.40121063391368
2,500.0,cossu,-0.01,-0.01,-0.01,na
2,500.0,squish,0.5818965517241379,0.4440789473684211,0.84375,na
2,500.0,sqs,0.5037313432835822,0.35904255319148937,0.84375,na
2,500.0,poerma,0.12315591083382077,0.06649122807017545,0.8333333333333333,na
2,500.0,tns,0.5800282688209427,0.5798185941043086,0.5802380952380952,na
2,500.0,sqsrules_splitall,0.5037313432835822,0.35904255319148937,0.84375,na
2,500.0,sqsrules_splitgreedy,0.7907196969696969,0.7248263888888888,0.8697916666666666,na
2,500.0,sqsrules_greedywoalph,-0.01,-0.01,-0.01,na
2,500.0,sqsrules_filter,-0.01,-0.01,-0.01,na
2,500.0,sqsrules_greedyalph,-0.01,-0.01,-0.01,na
6,100.0,secret,0.9233449477351915,0.901360544217687,0.9464285714285714,15.965932854016621
6,100.0,cossu,0.4215590838925116,0.3069444444444444,0.6727777777777777,na
6,100.0,squish,0.5818965517241379,0.4440789473684211,0.84375,na
6,100.0,sqs,0.5532786885245901,0.4115853658536585,0.84375,na
6,100.0,poerma,0.1787788509562395,0.10020685579196217,0.8280555555555555,na
6,100.0,tns,0.5632162240642785,0.5489229024943312,0.5782738095238095,na
6,100.0,sqsrules_splitall,0.5532786885245901,0.4115853658536585,0.84375,na
6,100.0,sqsrules_splitgreedy,0.8231707317073171,0.8035714285714286,0.84375,na
6,100.0,sqsrules_greedywoalph,-0.01,-0.01,-0.01,na
6,100.0,sqsrules_filter,0.003946207846253203,0.001977044283203342,0.9899891774891774,na
6,100.0,sqsrules_greedyalph,-0.01,-0.01,-0.01,na
18,100.0,secret,0.9404761904761904,0.9404761904761904,0.9404761904761905,21.699540944894157
18,100.0,cossu,0.41462410874125194,0.30328282828282815,0.6551388888888887,na
18,100.0,squish,0.5921052631578947,0.4560810810810811,0.84375,na
18,100.0,sqs,0.5532786885245901,0.4115853658536585,0.84375,na
18,100.0,poerma,0.15870799590430978,0.08770576131687244,0.8333333333333333,na
18,100.0,tns,0.5717994611034987,0.5692176870748301,0.5744047619047619,na
18,100.0,sqsrules_splitall,0.5532786885245901,0.4115853658536585,0.84375,na
18,100.0,sqsrules_splitgreedy,0.7848837209302325,0.7336956521739131,0.84375,na
18,100.0,sqsrules_greedywoalph,-0.01,-0.01,-0.01,na
18,100.0,sqsrules_filter,0.003950514964461568,0.0019792140414708506,0.9880952380952381,na
18,100.0,sqsrules_greedyalph,-0.01,-0.01,-0.01,na
5,100.0,secret,0.9404761904761904,0.9404761904761904,0.9404761904761905,16.127414270242056
5,100.0,cossu,0.4108465608465608,0.30096899224806195,0.6470833333333331,na
5,100.0,squish,0.5844323394495413,0.44703947368421054,0.84375,na
5,100.0,sqs,0.5532786885245901,0.4115853658536585,0.84375,na
5,100.0,poerma,0.15870799590430978,0.08770576131687244,0.8333333333333333,na
5,100.0,tns,0.551794173449878,0.5330498866213155,0.5719047619047619,na
5,100.0,sqsrules_splitall,0.5532786885245901,0.4115853658536585,0.84375,na
5,100.0,sqsrules_splitgreedy,0.8231707317073171,0.8035714285714286,0.84375,na
5,100.0,sqsrules_greedywoalph,0.6572033898305084,0.6875,0.6294642857142856,na
5,100.0,sqsrules_filter,0.003950923471997738,0.0019794115284037456,0.9899891774891774,na
5,100.0,sqsrules_greedyalph,0.3685836501901141,0.6875,0.2517857142857143,na
9,700.0,secret,0.9404761904761904,0.9404761904761904,0.9404761904761905,39.2147256731987
9,700.0,cossu,-0.01,-0.01,-0.01,na
9,700.0,squish,-0.01,-0.01,-0.01,na
9,700.0,sqs,0.5037313432835822,0.35904255319148937,0.84375,na
9,700.0,poerma,0.1252790796994166,0.06776578737010391,0.8280555555555555,na
9,700.0,tns,0.5530161776802853,0.5331632653061228,0.5744047619047619,na
9,700.0,sqsrules_splitall,0.5037313432835822,0.35904255319148937,0.84375,na
9,700.0,sqsrules_splitgreedy,0.8316395663956639,0.8118386243386243,0.8524305555555556,na
9,700.0,sqsrules_greedywoalph,-0.01,-0.01,-0.01,na
9,700.0,sqsrules_filter,-0.01,-0.01,-0.01,na
9,700.0,sqsrules_greedyalph,-0.01,-0.01,-0.01,na
1,700.0,secret,0.9404761904761904,0.9404761904761904,0.9404761904761905,37.11988778114319
1,700.0,cossu,-0.01,-0.01,-0.01,na
1,700.0,squish,-0.01,-0.01,-0.01,na
1,700.0,sqs,0.5113636363636364,0.36684782608695654,0.84375,na
1,700.0,poerma,0.13278476671173578,0.0721796509152831,0.8280555555555555,na
1,700.0,tns,0.548924574666517,0.5330498866213155,0.5657738095238095,na
1,700.0,sqsrules_splitall,0.5113636363636364,0.36684782608695654,0.84375,na
1,700.0,sqsrules_splitgreedy,0.8118386243386243,0.7749368686868686,0.8524305555555556,na
1,700.0,sqsrules_greedywoalph,-0.01,-0.01,-0.01,na
1,700.0,sqsrules_filter,-0.01,-0.01,-0.01,na
1,700.0,sqsrules_greedyalph,-0.01,-0.01,-0.01,na
14,300.0,secret,0.9404761904761904,0.9404761904761904,0.9404761904761905,20.280040617783865
14,300.0,cossu,0.4144608726261111,0.3014430014430014,0.6630555555555554,na
14,300.0,squish,0.5921052631578947,0.4560810810810811,0.84375,na
14,300.0,sqs,0.5443548387096774,0.4017857142857143,0.84375,na
14,300.0,poerma,0.12232745013631799,0.06600851722802943,0.8333333333333333,na
14,300.0,tns,0.5632162240642785,0.5489229024943312,0.5782738095238095,na
14,300.0,sqsrules_splitall,0.5443548387096774,0.4017857142857143,0.84375,na
14,300.0,sqsrules_splitgreedy,0.8091085271317829,0.7563405797101449,0.8697916666666666,na
14,300.0,sqsrules_greedywoalph,-0.01,-0.01,-0.01,na
14,300.0,sqsrules_filter,-0.01,-0.01,-0.01,na
14,300.0,sqsrules_greedyalph,-0.01,-0.01,-0.01,na
15,700.0,secret,0.9404761904761904,0.9404761904761904,0.9404761904761905,37.755894140402475
15,700.0,cossu,-0.01,-0.01,-0.01,na
15,700.0,squish,-0.01,-0.01,-0.01,na
15,700.0,sqs,0.48913043478260876,0.34438775510204084,0.84375,na
15,700.0,poerma,0.12154262902765899,0.06555171088043062,0.8333333333333333,na
15,700.0,tns,0.5635740882684326,0.5496031746031748,0.5782738095238095,na
15,700.0,sqsrules_splitall,0.48913043478260876,0.34438775510204084,0.84375,na
15,700.0,sqsrules_splitgreedy,0.8201058201058201,0.7828282828282828,0.861111111111111,na
15,700.0,sqsrules_greedywoalph,-0.01,-0.01,-0.01,na
15,700.0,sqsrules_filter,-0.01,-0.01,-0.01,na
15,700.0,sqsrules_greedyalph,-0.01,-0.01,-0.01,na
8,700.0,secret,0.9404761904761904,0.9404761904761904,0.9404761904761905,41.88177233537038
8,700.0,cossu,-0.01,-0.01,-0.01,na
8,700.0,squish,-0.01,-0.01,-0.01,na
8,700.0,sqs,0.5113636363636364,0.36684782608695654,0.84375,na
8,700.0,poerma,0.1119477753627375,0.06003184713375797,0.8280555555555555,na
8,700.0,tns,0.5641462643777087,0.5489229024943313,0.5802380952380952,na
8,700.0,sqsrules_splitall,0.5113636363636364,0.36684782608695654,0.84375,na
8,700.0,sqsrules_splitgreedy,0.8316395663956639,0.8118386243386243,0.8524305555555556,na
8,700.0,sqsrules_greedywoalph,-0.01,-0.01,-0.01,na
8,700.0,sqsrules_filter,-0.01,-0.01,-0.01,na
8,700.0,sqsrules_greedyalph,-0.01,-0.01,-0.01,na
6,900.0,secret,0.9404761904761904,0.9404761904761904,0.9404761904761905,40.96327624320984
6,900.0,cossu,-0.01,-0.01,-0.01,na
6,900.0,squish,-0.01,-0.01,-0.01,na
6,900.0,sqs,0.5357142857142857,0.39244186046511625,0.84375,na
6,900.0,poerma,0.13122450550296316,0.07121971595655807,0.8333333333333333,na
6,900.0,tns,0.548924574666517,0.5330498866213155,0.5657738095238095,na
6,900.0,sqsrules_splitall,0.5357142857142857,0.39244186046511625,0.84375,na
6,900.0,sqsrules_splitgreedy,0.8231707317073171,0.8035714285714286,0.84375,na
6,900.0,sqsrules_greedywoalph,-0.01,-0.01,-0.01,na
6,900.0,sqsrules_filter,-0.01,-0.01,-0.01,na
6,900.0,sqsrules_greedyalph,-0.01,-0.01,-0.01,na
15,100.0,secret,0.9175377468060393,0.8956916099773241,0.9404761904761905,17.261363077163697
15,100.0,cossu,0.42311827956989234,0.3123015873015872,0.6558333333333332,na
15,100.0,squish,0.5321576763485477,0.38863636363636367,0.84375,na
15,100.0,sqs,0.52734375,0.3835227272727273,0.84375,na
15,100.0,poerma,0.16839173487829187,0.09372581536760641,0.8280555555555555,na
15,100.0,tns,0.5590695224951965,0.5410997732426306,0.5782738095238095,na
15,100.0,sqsrules_splitall,0.52734375,0.3835227272727273,0.84375,na
15,100.0,sqsrules_splitgreedy,0.8231707317073171,0.8035714285714286,0.84375,na
15,100.0,sqsrules_greedywoalph,0.6211730153079387,0.6875,0.5665178571428571,na
15,100.0,sqsrules_filter,0.003804934320693633,0.0019061082458211645,0.9959415584415584,na
15,100.0,sqsrules_greedyalph,0.21281558726673985,0.6875,0.12589285714285714,na
4,300.0,secret,0.8956916099773241,0.8549783549783548,0.9404761904761905,25.507641299565634
4,300.0,cossu,0.4162418402927389,0.3018430335097001,0.6702777777777776,na
4,300.0,squish,0.5745490417136415,0.4355769230769231,0.84375,na
4,300.0,sqs,0.5443548387096774,0.4017857142857143,0.84375,na
4,300.0,poerma,0.12729226842211327,0.06890909090909092,0.8333333333333333,na
4,300.0,tns,0.5717994611034987,0.5692176870748301,0.5744047619047619,na
4,300.0,sqsrules_splitall,0.5443548387096774,0.4017857142857143,0.84375,na
4,300.0,sqsrules_splitgreedy,0.8035714285714286,0.7670454545454546,0.84375,na
4,300.0,sqsrules_greedywoalph,-0.01,-0.01,-0.01,na
4,300.0,sqsrules_filter,-0.01,-0.01,-0.01,na
4,300.0,sqsrules_greedyalph,-0.01,-0.01,-0.01,na
5,700.0,secret,0.9404761904761904,0.9404761904761904,0.9404761904761905,40.14815033276876
5,700.0,cossu,-0.01,-0.01,-0.01,na
5,700.0,squish,-0.01,-0.01,-0.01,na
5,700.0,sqs,0.5216223132036848,0.3775,0.84375,na
5,700.0,poerma,0.11387163561076605,0.061111111111111116,0.8333333333333333,na
5,700.0,tns,0.5632162240642785,0.5489229024943312,0.5782738095238095,na
5,700.0,sqsrules_splitall,0.5216223132036848,0.3775,0.84375,na
5,700.0,sqsrules_splitgreedy,0.8010335917312662,0.748792270531401,0.861111111111111,na
5,700.0,sqsrules_greedywoalph,-0.01,-0.01,-0.01,na
5,700.0,sqsrules_filter,-0.01,-0.01,-0.01,na
5,700.0,sqsrules_greedyalph,-0.01,-0.01,-0.01,na
7,300.0,secret,0.9233449477351915,0.901360544217687,0.9464285714285714,17.36930468082428
7,300.0,cossu,0.4091340356105794,0.2938956433637284,0.6730357142857141,na
7,300.0,squish,0.5532702284026227,0.416875,0.8223214285714284,na
7,300.0,sqs,0.5192307692307693,0.375,0.84375,na
7,300.0,poerma,0.1313917986627223,0.07163075623151668,0.7929166666666665,na
7,300.0,tns,0.5550799502253135,0.560997732426304,0.5492857142857142,na
7,300.0,sqsrules_splitall,0.5192307692307693,0.375,0.84375,na
7,300.0,sqsrules_splitgreedy,0.8340972552575766,0.8423115079365079,0.8260416666666666,na
7,300.0,sqsrules_greedywoalph,-0.01,-0.01,-0.01,na
7,300.0,sqsrules_filter,-0.01,-0.01,-0.01,na
7,300.0,sqsrules_greedyalph,-0.01,-0.01,-0.01,na
19,700.0,secret,0.9404761904761904,0.9404761904761904,0.9404761904761905,39.78461994330088
19,700.0,cossu,-0.01,-0.01,-0.01,na
19,700.0,squish,-0.01,-0.01,-0.01,na
19,700.0,sqs,0.52734375,0.3835227272727273,0.84375,na
19,700.0,poerma,0.12006812775361404,0.0646947288585514,0.8333333333333333,na
19,700.0,tns,0.5639550032150806,0.5447845804988665,0.5845238095238094,na
19,700.0,sqsrules_splitall,0.52734375,0.3835227272727273,0.84375,na
19,700.0,sqsrules_splitgreedy,0.8201058201058201,0.7828282828282828,0.861111111111111,na
19,700.0,sqsrules_greedywoalph,-0.01,-0.01,-0.01,na
19,700.0,sqsrules_filter,-0.01,-0.01,-0.01,na
19,700.0,sqsrules_greedyalph,-0.01,-0.01,-0.01,na
5,500.0,secret,0.9175377468060393,0.8956916099773241,0.9404761904761905,34.17130094766617
5,500.0,cossu,-0.01,-0.01,-0.01,na
5,500.0,squish,0.6026785714285714,0.46875,0.84375,na
5,500.0,sqs,0.5443548387096774,0.4017857142857143,0.84375,na
5,500.0,poerma,0.11962393881989758,0.0644368858654573,0.8333333333333333,na
5,500.0,tns,0.5639550032150806,0.5447845804988665,0.5845238095238094,na
5,500.0,sqsrules_splitall,0.5443548387096774,0.4017857142857143,0.84375,na
5,500.0,sqsrules_splitgreedy,0.8201058201058201,0.7828282828282828,0.861111111111111,na
5,500.0,sqsrules_greedywoalph,-0.01,-0.01,-0.01,na
5,500.0,sqsrules_filter,-0.01,-0.01,-0.01,na
5,500.0,sqsrules_greedyalph,-0.01,-0.01,-0.01,na
3,700.0,secret,0.9175377468060393,0.8956916099773241,0.9404761904761905,30.289349579811095
3,700.0,cossu,-0.01,-0.01,-0.01,na
3,700.0,squish,-0.01,-0.01,-0.01,na
3,700.0,sqs,0.5113636363636364,0.36684782608695654,0.84375,na
3,700.0,poerma,0.11779697892708399,0.06337792642140469,0.8333333333333333,na
3,700.0,tns,0.5625582332351239,0.5511904761904763,0.574404761904762,na
3,700.0,sqsrules_splitall,0.5113636363636364,0.36684782608695654,0.84375,na
3,700.0,sqsrules_splitgreedy,0.84375,0.84375,0.84375,na
3,700.0,sqsrules_greedywoalph,-0.01,-0.01,-0.01,na
3,700.0,sqsrules_filter,-0.01,-0.01,-0.01,na
3,700.0,sqsrules_greedyalph,-0.01,-0.01,-0.01,na
19,1100.0,secret,0.9404761904761904,0.9404761904761904,0.9404761904761905,51.009461744626364
19,1100.0,cossu,-0.01,-0.01,-0.01,na
19,1100.0,squish,-0.01,-0.01,-0.01,na
19,1100.0,sqs,0.5037313432835822,0.35904255319148937,0.84375,na
19,1100.0,poerma,0.1364585583639375,0.07431372549019609,0.8333333333333333,na
19,1100.0,tns,0.556791477314335,0.5368480725623586,0.5782738095238095,na
19,1100.0,sqsrules_splitall,0.5037313432835822,0.35904255319148937,0.84375,na
19,1100.0,sqsrules_splitgreedy,0.84375,0.84375,0.84375,na
19,1100.0,sqsrules_greedywoalph,-0.01,-0.01,-0.01,na
19,1100.0,sqsrules_filter,-0.01,-0.01,-0.01,na
19,1100.0,sqsrules_greedyalph,-0.01,-0.01,-0.01,na
9,1100.0,secret,0.9013605442176871,0.8603896103896104,0.9464285714285714,52.38213256597519
9,1100.0,cossu,-0.01,-0.01,-0.01,na
9,1100.0,squish,-0.01,-0.01,-0.01,na
9,1100.0,sqs,0.5113636363636364,0.36684782608695654,0.84375,na
9,1100.0,poerma,0.12038409941396598,0.06487823439878235,0.8333333333333333,na
9,1100.0,tns,0.5560723471908438,0.5409863945578234,0.5720238095238095,na
9,1100.0,sqsrules_splitall,0.5113636363636364,0.36684782608695654,0.84375,na
9,1100.0,sqsrules_splitgreedy,0.8035714285714286,0.7670454545454546,0.84375,na
9,1100.0,sqsrules_greedywoalph,-0.01,-0.01,-0.01,na
9,1100.0,sqsrules_filter,-0.01,-0.01,-0.01,na
9,1100.0,sqsrules_greedyalph,-0.01,-0.01,-0.01,na
10,1100.0,secret,0.9404761904761904,0.9404761904761904,0.9404761904761905,44.69908921321233
10,1100.0,cossu,-0.01,-0.01,-0.01,na
10,1100.0,squish,-0.01,-0.01,-0.01,na
10,1100.0,sqs,0.5113636363636364,0.36684782608695654,0.84375,na
10,1100.0,poerma,0.12560482534632467,0.06792114695340502,0.8333333333333333,na
10,1100.0,tns,0.5496235568453072,0.5289115646258506,0.5720238095238095,na
10,1100.0,sqsrules_splitall,0.5113636363636364,0.36684782608695654,0.84375,na
10,1100.0,sqsrules_splitgreedy,0.8316395663956639,0.8118386243386243,0.8524305555555556,na
10,1100.0,sqsrules_greedywoalph,-0.01,-0.01,-0.01,na
10,1100.0,sqsrules_filter,-0.01,-0.01,-0.01,na
10,1100.0,sqsrules_greedyalph,-0.01,-0.01,-0.01,na
15,1100.0,secret,0.9175377468060393,0.8956916099773241,0.9404761904761905,45.29529605309168
15,1100.0,cossu,-0.01,-0.01,-0.01,na
15,1100.0,squish,-0.01,-0.01,-0.01,na
15,1100.0,sqs,0.4821428571428572,0.3375,0.84375,na
15,1100.0,poerma,0.11251897314063224,0.06033262561924983,0.8333333333333333,na
15,1100.0,tns,0.558309866301342,0.5452380952380954,0.5720238095238095,na
15,1100.0,sqsrules_splitall,0.4821428571428572,0.3375,0.84375,na
15,1100.0,sqsrules_splitgreedy,0.8201058201058201,0.7828282828282828,0.861111111111111,na
15,1100.0,sqsrules_greedywoalph,-0.01,-0.01,-0.01,na
15,1100.0,sqsrules_filter,-0.01,-0.01,-0.01,na
15,1100.0,sqsrules_greedyalph,-0.01,-0.01,-0.01,na
19,900.0,secret,0.9404761904761904,0.9404761904761904,0.9404761904761905,38.85690427223842
19,900.0,cossu,-0.01,-0.01,-0.01,na
19,900.0,squish,-0.01,-0.01,-0.01,na
19,900.0,sqs,0.5357142857142857,0.39244186046511625,0.84375,na
19,900.0,poerma,0.12399517392757987,0.06698076168040834,0.8333333333333333,na
19,900.0,tns,0.574530572511965,0.5689342403628119,0.5802380952380952,na
19,900.0,sqsrules_splitall,0.5357142857142857,0.39244186046511625,0.84375,na
19,900.0,sqsrules_splitgreedy,0.8035714285714286,0.7670454545454546,0.84375,na
19,900.0,sqsrules_greedywoalph,-0.01,-0.01,-0.01,na
19,900.0,sqsrules_filter,-0.01,-0.01,-0.01,na
19,900.0,sqsrules_greedyalph,-0.01,-0.01,-0.01,na
14,100.0,secret,0.9175377468060393,0.8956916099773241,0.9404761904761905,13.916948636372885
14,100.0,cossu,0.4098958333333332,0.2981060606060605,0.6558333333333332,na
14,100.0,squish,0.5532786885245901,0.4115853658536585,0.84375,na
14,100.0,sqs,0.5625,0.421875,0.84375,na
14,100.0,poerma,0.16350210970464135,0.09064327485380118,0.8333333333333333,na
14,100.0,tns,0.5714554052976966,0.564795918367347,0.5782738095238095,na
14,100.0,sqsrules_splitall,0.5625,0.421875,0.84375,na
14,100.0,sqsrules_splitgreedy,0.8231707317073171,0.8035714285714286,0.84375,na
14,100.0,sqsrules_greedywoalph,-0.01,-0.01,-0.01,na
14,100.0,sqsrules_filter,0.0039931965225521665,0.0020006575702778235,0.9840367965367964,na
14,100.0,sqsrules_greedyalph,-0.01,-0.01,-0.01,na
6,300.0,secret,0.9394841269841269,0.9394841269841269,0.9394841269841269,21.741074534257255
6,300.0,cossu,0.41987847222222213,0.30536616161616154,0.6718055555555554,na
6,300.0,squish,0.5818965517241379,0.4440789473684211,0.84375,na
6,300.0,sqs,0.52734375,0.3835227272727273,0.84375,na
6,300.0,poerma,0.1281184250075143,0.0693935693935694,0.8333333333333333,na
6,300.0,tns,0.5632162240642785,0.5489229024943312,0.5782738095238095,na
6,300.0,sqsrules_splitall,0.52734375,0.3835227272727273,0.84375,na
6,300.0,sqsrules_splitgreedy,0.8201058201058201,0.7828282828282828,0.861111111111111,na
6,300.0,sqsrules_greedywoalph,-0.01,-0.01,-0.01,na
6,300.0,sqsrules_filter,-0.01,-0.01,-0.01,na
6,300.0,sqsrules_greedyalph,-0.01,-0.01,-0.01,na
15,300.0,secret,0.9404761904761904,0.9404761904761904,0.9404761904761905,24.452155963579813
15,300.0,cossu,0.41440972222222217,0.3013888888888888,0.6630555555555554,na
15,300.0,squish,0.5625,0.421875,0.84375,na
15,300.0,sqs,0.5192307692307693,0.375,0.84375,na
15,300.0,poerma,0.11962393881989758,0.0644368858654573,0.8333333333333333,na
15,300.0,tns,0.5785972007454107,0.5705215419501135,0.5869047619047618,na
15,300.0,sqsrules_splitall,0.5192307692307693,0.375,0.84375,na
15,300.0,sqsrules_splitgreedy,0.8118386243386243,0.7749368686868686,0.8524305555555556,na
15,300.0,sqsrules_greedywoalph,-0.01,-0.01,-0.01,na
15,300.0,sqsrules_filter,-0.01,-0.01,-0.01,na
15,300.0,sqsrules_greedyalph,-0.01,-0.01,-0.01,na
7,700.0,secret,0.9023422377080915,0.8808578987150417,0.9249007936507937,30.314118202527364
7,700.0,cossu,-0.01,-0.01,-0.01,na
7,700.0,squish,-0.01,-0.01,-0.01,na
7,700.0,sqs,0.5357142857142857,0.39244186046511625,0.84375,na
7,700.0,poerma,0.1220297402760719,0.06610136452241715,0.7929166666666665,na
7,700.0,tns,0.5397197685044167,0.5408730158730161,0.5385714285714286,na
7,700.0,sqsrules_splitall,0.5456349206349207,0.3997093023255814,0.859375,na
7,700.0,sqsrules_splitgreedy,0.7947474052837684,0.7657377344877344,0.8260416666666666,na
7,700.0,sqsrules_greedywoalph,-0.01,-0.01,-0.01,na
7,700.0,sqsrules_filter,-0.01,-0.01,-0.01,na
7,700.0,sqsrules_greedyalph,-0.01,-0.01,-0.01,na
3,500.0,secret,0.9404761904761904,0.9404761904761904,0.9404761904761905,23.279243441422782
3,500.0,cossu,0.415158413137984,0.3050387596899224,0.6497023809523809,na
3,500.0,squish,0.6136363636363635,0.48214285714285715,0.84375,na
3,500.0,sqs,0.5357142857142857,0.39244186046511625,0.84375,na
3,500.0,poerma,0.11816424518301429,0.06359060402684565,0.8333333333333333,na
3,500.0,tns,0.5704557249347975,0.560997732426304,0.5802380952380952,na
3,500.0,sqsrules_splitall,0.5357142857142857,0.39244186046511625,0.84375,na
3,500.0,sqsrules_splitgreedy,0.84375,0.84375,0.84375,na
3,500.0,sqsrules_greedywoalph,-0.01,-0.01,-0.01,na
3,500.0,sqsrules_filter,-0.01,-0.01,-0.01,na
3,500.0,sqsrules_greedyalph,-0.01,-0.01,-0.01,na
6,500.0,secret,0.9404761904761904,0.9404761904761904,0.9404761904761905,30.898075556755067
6,500.0,cossu,-0.01,-0.01,-0.01,na
6,500.0,squish,-0.01,-0.01,-0.01,na
6,500.0,sqs,0.52734375,0.3835227272727273,0.84375,na
6,500.0,poerma,0.13642182749239878,0.07429193899782136,0.8333333333333333,na
6,500.0,tns,0.5788991865795832,0.577154195011338,0.5806547619047618,na
6,500.0,sqsrules_splitall,0.52734375,0.3835227272727273,0.84375,na
6,500.0,sqsrules_splitgreedy,0.8035714285714286,0.7670454545454546,0.84375,na
6,500.0,sqsrules_greedywoalph,-0.01,-0.01,-0.01,na
6,500.0,sqsrules_filter,-0.01,-0.01,-0.01,na
6,500.0,sqsrules_greedyalph,-0.01,-0.01,-0.01,na
3,900.0,secret,0.9404761904761904,0.9404761904761904,0.9404761904761905,37.74652186234792
3,900.0,cossu,-0.01,-0.01,-0.01,na
3,900.0,squish,-0.01,-0.01,-0.01,na
3,900.0,sqs,0.5297557172557172,0.3860795454545455,0.84375,na
3,900.0,poerma,0.1149390428822709,0.061726384364820856,0.8333333333333333,na
3,900.0,tns,0.5695047825193247,0.5609977324263039,0.5782738095238095,na
3,900.0,sqsrules_splitall,0.5297557172557172,0.3860795454545455,0.84375,na
3,900.0,sqsrules_splitgreedy,0.7929586563307494,0.741243961352657,0.8524305555555556,na
3,900.0,sqsrules_greedywoalph,-0.01,-0.01,-0.01,na
3,900.0,sqsrules_filter,-0.01,-0.01,-0.01,na
3,900.0,sqsrules_greedyalph,-0.01,-0.01,-0.01,na
17,900.0,secret,0.9404761904761904,0.9404761904761904,0.9404761904761905,41.36842596530914
17,900.0,cossu,-0.01,-0.01,-0.01,na
17,900.0,squish,-0.01,-0.01,-0.01,na
17,900.0,sqs,0.5037313432835822,0.35904255319148937,0.84375,na
17,900.0,poerma,0.11421489817792069,0.06130888169723122,0.8333333333333333,na
17,900.0,tns,0.558309866301342,0.5452380952380954,0.5720238095238095,na
17,900.0,sqsrules_splitall,0.5037313432835822,0.35904255319148937,0.84375,na
17,900.0,sqsrules_splitgreedy,0.7731481481481481,0.6958333333333333,0.8697916666666666,na
17,900.0,sqsrules_greedywoalph,-0.01,-0.01,-0.01,na
17,900.0,sqsrules_filter,-0.01,-0.01,-0.01,na
17,900.0,sqsrules_greedyalph,-0.01,-0.01,-0.01,na
0,900.0,secret,0.9404761904761904,0.9404761904761904,0.9404761904761905,44.29813806215922
0,900.0,cossu,-0.01,-0.01,-0.01,na
0,900.0,squish,-0.01,-0.01,-0.01,na
0,900.0,sqs,0.5192307692307693,0.375,0.84375,na
0,900.0,poerma,0.1188733179948407,0.06400150150150151,0.8333333333333333,na
0,900.0,tns,0.5624413263806669,0.5531746031746033,0.5720238095238095,na
0,900.0,sqsrules_splitall,0.5192307692307693,0.375,0.84375,na
0,900.0,sqsrules_splitgreedy,0.8010335917312662,0.748792270531401,0.861111111111111,na
0,900.0,sqsrules_greedywoalph,-0.01,-0.01,-0.01,na
0,900.0,sqsrules_filter,-0.01,-0.01,-0.01,na
0,900.0,sqsrules_greedyalph,-0.01,-0.01,-0.01,na
8,500.0,secret,0.9394841269841269,0.9394841269841269,0.9394841269841269,34.22805401086807
8,500.0,cossu,-0.01,-0.01,-0.01,na
8,500.0,squish,0.5818965517241379,0.4440789473684211,0.84375,na
8,500.0,sqs,0.5443548387096774,0.4017857142857143,0.84375,na
8,500.0,poerma,0.12743174216815203,0.06902726902726902,0.8280555555555555,na
8,500.0,tns,0.5481352090991984,0.5294784580498869,0.5681547619047619,na
8,500.0,sqsrules_splitall,0.5443548387096774,0.4017857142857143,0.84375,na
8,500.0,sqsrules_splitgreedy,0.8035714285714286,0.7670454545454546,0.84375,na
8,500.0,sqsrules_greedywoalph,-0.01,-0.01,-0.01,na
8,500.0,sqsrules_filter,-0.01,-0.01,-0.01,na
8,500.0,sqsrules_greedyalph,-0.01,-0.01,-0.01,na
1,100.0,secret,0.9404761904761904,0.9404761904761904,0.9404761904761905,13.507020918528239
1,100.0,cossu,0.43201003358047857,0.3181524547803617,0.6727777777777775,na
1,100.0,squish,0.5818965517241379,0.4440789473684211,0.84375,na
1,100.0,sqs,0.5357142857142857,0.39244186046511625,0.84375,na
1,100.0,poerma,0.1571539485342118,0.08681515616999488,0.8280555555555555,na
1,100.0,tns,0.5748793457112924,0.56921768707483,0.5806547619047618,na
1,100.0,sqsrules_splitall,0.5357142857142857,0.39244186046511625,0.84375,na
1,100.0,sqsrules_splitgreedy,0.8316395663956639,0.8118386243386243,0.8524305555555556,na
1,100.0,sqsrules_greedywoalph,0.6211730153079387,0.6875,0.5665178571428571,na
1,100.0,sqsrules_filter,0.003856501678379704,0.0019319913839797448,0.9959415584415584,na
1,100.0,sqsrules_greedyalph,0.11533313503866748,0.6875,0.06294642857142857,na
13,100.0,secret,0.9099007936507938,0.9099007936507938,0.9099007936507937,14.599545816580454
13,100.0,cossu,0.42883762013013915,0.329236111111111,0.6148412698412697,na
13,100.0,squish,0.5692655722595189,0.4353070175438597,0.8223214285714284,na
13,100.0,sqs,0.5443548387096774,0.4017857142857143,0.84375,na
13,100.0,poerma,0.17779572625477374,0.10020796197266786,0.7876388888888888,na
13,100.0,tns,0.5305762670472325,0.5325963718820864,0.5285714285714286,na
13,100.0,sqsrules_splitall,0.5443548387096774,0.4017857142857143,0.84375,na
13,100.0,sqsrules_splitgreedy,0.8220927924598866,0.8052248677248677,0.8396825396825396,na
13,100.0,sqsrules_greedywoalph,-0.01,-0.01,-0.01,na
13,100.0,sqsrules_filter,0.003913311711055435,0.0019605148788219653,0.994047619047619,na
13,100.0,sqsrules_greedyalph,-0.01,-0.01,-0.01,na
11,1100.0,secret,0.9404761904761904,0.9404761904761904,0.9404761904761905,43.21546595096588
11,1100.0,cossu,-0.01,-0.01,-0.01,na
11,1100.0,squish,-0.01,-0.01,-0.01,na
11,1100.0,sqs,0.5037313432835822,0.35904255319148937,0.84375,na
11,1100.0,poerma,0.11776488465257634,0.06335934596804163,0.8333333333333333,na
11,1100.0,tns,0.5632162240642785,0.5489229024943312,0.5782738095238095,na
11,1100.0,sqsrules_splitall,0.5037313432835822,0.35904255319148937,0.84375,na
11,1100.0,sqsrules_splitgreedy,0.84375,0.84375,0.84375,na
11,1100.0,sqsrules_greedywoalph,-0.01,-0.01,-0.01,na
11,1100.0,sqsrules_filter,-0.01,-0.01,-0.01,na
11,1100.0,sqsrules_greedyalph,-0.01,-0.01,-0.01,na
10,700.0,secret,0.9404761904761904,0.9404761904761904,0.9404761904761905,35.452634561061856
10,700.0,cossu,-0.01,-0.01,-0.01,na
10,700.0,squish,-0.01,-0.01,-0.01,na
10,700.0,sqs,0.5192307692307693,0.375,0.84375,na
10,700.0,poerma,0.11322220230626756,0.06073717948717949,0.8333333333333333,na
10,700.0,tns,0.5703563505465761,0.5568594104308391,0.5845238095238094,na
10,700.0,sqsrules_splitall,0.5192307692307693,0.375,0.84375,na
10,700.0,sqsrules_splitgreedy,0.8118386243386243,0.7749368686868686,0.8524305555555556,na
10,700.0,sqsrules_greedywoalph,-0.01,-0.01,-0.01,na
10,700.0,sqsrules_filter,-0.01,-0.01,-0.01,na
10,700.0,sqsrules_greedyalph,-0.01,-0.01,-0.01,na
6,1100.0,secret,0.9082017453253081,0.8918367346938775,0.9251785714285715,42.38272573153178
6,1100.0,cossu,-0.01,-0.01,-0.01,na
6,1100.0,squish,-0.01,-0.01,-0.01,na
6,1100.0,sqs,0.5037313432835822,0.35904255319148937,0.84375,na
6,1100.0,poerma,0.12352387162211115,0.0667057902973396,0.8333333333333333,na
6,1100.0,tns,0.5632162240642785,0.5489229024943312,0.5782738095238095,na
6,1100.0,sqsrules_splitall,0.5037313432835822,0.35904255319148937,0.84375,na
6,1100.0,sqsrules_splitgreedy,0.84375,0.84375,0.84375,na
6,1100.0,sqsrules_greedywoalph,-0.01,-0.01,-0.01,na
6,1100.0,sqsrules_filter,-0.01,-0.01,-0.01,na
6,1100.0,sqsrules_greedyalph,-0.01,-0.01,-0.01,na
2,900.0,secret,0.9404761904761904,0.9404761904761904,0.9404761904761905,44.46901899973552
2,900.0,cossu,-0.01,-0.01,-0.01,na
2,900.0,squish,-0.01,-0.01,-0.01,na
2,900.0,sqs,0.52734375,0.3835227272727273,0.84375,na
2,900.0,poerma,0.11025775295281319,0.059034267912772595,0.8333333333333333,na
2,900.0,tns,0.5745322846077675,0.5746598639455784,0.5744047619047619,na
2,900.0,sqsrules_splitall,0.52734375,0.3835227272727273,0.84375,na
2,900.0,sqsrules_splitgreedy,0.8035714285714286,0.7670454545454546,0.84375,na
2,900.0,sqsrules_greedywoalph,-0.01,-0.01,-0.01,na
2,900.0,sqsrules_filter,-0.01,-0.01,-0.01,na
2,900.0,sqsrules_greedyalph,-0.01,-0.01,-0.01,na
12,900.0,secret,0.9404761904761904,0.9404761904761904,0.9404761904761905,43.9700025677681
12,900.0,cossu,-0.01,-0.01,-0.01,na
12,900.0,squish,-0.01,-0.01,-0.01,na
12,900.0,sqs,0.5113636363636364,0.36684782608695654,0.84375,na
12,900.0,poerma,0.12433457303288853,0.06717888100866826,0.8333333333333333,na
12,900.0,tns,0.5735171463774379,0.5669501133786851,0.5802380952380952,na
12,900.0,sqsrules_splitall,0.5113636363636364,0.36684782608695654,0.84375,na
12,900.0,sqsrules_splitgreedy,0.7907196969696969,0.7248263888888888,0.8697916666666666,na
12,900.0,sqsrules_greedywoalph,-0.01,-0.01,-0.01,na
12,900.0,sqsrules_filter,-0.01,-0.01,-0.01,na
12,900.0,sqsrules_greedyalph,-0.01,-0.01,-0.01,na
