x-,method-,F1-mean,F1-std,precision-mean,precision-std,recall-mean,recall-std
1,cossu,0.7432389766087245,0.0286107472198934,0.7615144939160998,0.01794109309683236,0.7262916666666663,0.03940574196738338
1,poerma,0.7583972723003083,0.08551693601610261,0.7232429492879735,0.12579158083862035,0.8143333333333335,0.031041379664280215
1,secret,0.8313759692147202,0.012532716317445748,0.8665059808612445,0.021270605735394372,0.7991666666666669,0.007816190648731016
1,sqs,0.6902654867256641,0.0,0.6000000000000001,0.0,0.8125,0.0
1,sqsrules_greedywoalph,0.8465517666764034,0.01718154345562764,0.8997368421052634,0.00117687788289463,0.7998125,0.029633937137396368
1,sqsrules_splitall,0.6902654867256641,0.0,0.6000000000000001,0.0,0.8125,0.0
1,sqsrules_splitgreedy,0.8520886137456329,0.004904174090931965,0.897570175438597,0.006682690806655607,0.8109999999999999,0.003663475485325242
1,squish,0.716890161611498,0.006903540429341227,0.64290462623796,0.009600819610883384,0.8101923076923078,0.004385290096535147
1,tns,0.7311471696554961,0.030897356083156486,0.7383730158730155,0.03225292375412943,0.7244583333333331,0.03418781437949468
2,poerma,0.12794659864606533,0.011668035540034007,0.06936281937732638,0.006834574908357251,0.8305208333333335,0.009057909118146017
2,secret,0.9352181634376222,0.01304443195070598,0.931692176870748,0.023641879247323378,0.9390664682539679,0.00605197067618927
2,sqs,0.528044017173847,0.012605616192166286,0.3844014550005853,0.013313635208586775,0.84375,0.0
2,sqsrules_greedywoalph,0.6383157452438135,0.02538388643430669,0.6872253787878788,0.000846330421396234,0.5973239087301586,0.04291331896754613
2,sqsrules_splitall,0.5285400489198786,0.013108485695458647,0.38476482709360854,0.013639814111657165,0.84453125,0.0034938562148434196
2,sqsrules_splitgreedy,0.8136391403427179,0.02226158024600037,0.7810501446269109,0.046589134620654435,0.8511111111111112,0.011048457307216944
2,squish,0.5808410850022848,0.02788557013396086,0.4436021042812402,0.03231670367797593,0.84375,0.0
2,tns,0.5651888471212521,0.010377315235594195,0.5539115646258506,0.015934933707642242,0.5771220238095238,0.007436283906662934
3,poerma,0.028918800701780045,0.005956406018621784,0.014741853177162395,0.0031792694125943274,0.8188880598568101,0.04861611397838802
3,secret,0.9344739199883879,0.02263270825577912,0.9226054551783308,0.04094925313125331,0.9476121829559332,0.012091148842762115
3,sqs,0.435634836045658,0.012279450786881935,0.2924764266316441,0.011106258807195174,0.8541666666666666,0.0
3,sqsrules_greedywoalph,0.5004262151198223,0.12468559927948585,0.7072872603794808,0.0016552622849670424,0.4058192501942502,0.143573048431411
3,sqsrules_splitall,0.44035846282165536,0.011693325614397716,0.29567336229787056,0.010628613766318537,0.8631879370629371,0.006793180327935525
3,sqsrules_splitgreedy,0.8260857060103689,0.024830746496475747,0.7829176390418979,0.04495595397689328,0.8759727078477081,0.013420662404415085
3,squish,0.42544115824807566,0.022483333446509754,0.2835944888291869,0.020408045857370948,0.8541666666666666,0.0
3,tns,0.5069713572359582,0.0126063028937181,0.4893578643578643,0.010967401273713002,0.5261729797979796,0.01858608620107098
4,poerma,0.008342725049077113,0.0006255783764880064,0.00419259278435403,0.0003160639752567744,0.828629854826546,0.010592793156026323
4,secret,0.8629015405856013,0.05231014445156724,0.7968067091871908,0.08272547320046814,0.9467209077687017,0.01301545701609735
4,sqs,0.3869975632090234,0.011551214700298752,0.24980756258566647,0.009641681553031923,0.859375,0.0
4,sqsrules_greedywoalph,0.43361527279895756,0.1369953890118924,0.7169052190320573,0.0016118034445264198,0.32742187500000003,0.12840026217790057
4,sqsrules_splitall,0.40586783528264736,0.012118530920200215,0.26231537338623306,0.009934751732019336,0.897373774509804,0.01122020002706421
4,sqsrules_splitgreedy,0.8644476227513417,0.028343887358726224,0.8315664181810482,0.04887294414222069,0.9015127283868095,0.012877069701112102
4,squish,0.39802598825966956,0.06831590248055024,0.2626099577870053,0.0626273277528681,0.8551980923488276,0.010924162951049806
4,tns,0.474729183873199,0.016348042534303237,0.4500105218855219,0.011762914924637111,0.5027667297979798,0.024880173799198744
5,poerma,0.002731437419583733,0.0019849977080979623,0.0013709428870741958,0.0010086545980194422,0.8110930016244936,0.09173220058700284
5,secret,0.8380073311109981,0.05828354793450304,0.7542515495735163,0.09204879336563954,0.9505495877174287,0.008584941279140479
5,sqs,0.356301523383754,0.007132103073138098,0.22455522886176205,0.005658073106974581,0.8625000000000004,0.0
5,sqsrules_greedywoalph,0.34334422977407797,0.09601626406672135,0.7229802174990143,0.0014754274061071727,0.23235576923076925,0.08785075347172425
5,sqsrules_splitall,0.38757273930219766,0.00829685535738259,0.2453535199244999,0.0063298028858271614,0.9224259868421052,0.010812086453040019
5,sqsrules_splitgreedy,0.8875610489021017,0.0242881321873588,0.8552564916490837,0.044025941191580556,0.9235859962406016,0.008783682454413173
5,squish,0.353285586305211,0.05362682364448291,0.22402076560530973,0.04472099049770414,0.8598243376297888,0.003485852242779838
5,tns,0.4596380756030832,0.008444298068663779,0.4312863921792494,0.008093692558890437,0.4920928238428238,0.011418344345181176
6,poerma,0.0006986745647196304,9.6805960754741e-05,0.00034948697741228444,4.84439684740765e-05,0.8307452380952378,0.002561687900185978
6,secret,0.8010361917791226,0.05769436286031431,0.6964753807413679,0.08560251385648478,0.9505691326884402,0.008868481399495792
6,sqs,0.3300638855151434,0.011395315123403752,0.20403217313690894,0.008706297855406815,0.8645833333333334,0.0
6,sqsrules_greedywoalph,0.2620155827510193,0.10801354670760922,0.7263923654244305,0.0015707427569836094,0.16680208333333335,0.08121578437795937
6,sqsrules_splitall,0.3620052481588253,0.012416600247875676,0.224522986729707,0.00964427882361737,0.9353125108348935,0.00898819810974508
6,sqsrules_splitgreedy,0.8729648279637049,0.027897709009069058,0.8189023254497027,0.0473093906184764,0.9362625905797101,0.009546698078802108
6,squish,0.406107071103366,0.048239045280950306,0.26765096769962576,0.042518997552849026,0.8566998052844326,0.003589234848022248
6,tns,0.4448426775177906,0.007493258195737811,0.41340775412729214,0.006882331586562359,0.48154359243697475,0.010505292910724988
