trial_num,param:rule_tail_size,method,F1,precision,recall,runtime
5,9.0,secret,0.8291707529693801,0.7334972045498364,0.953546365914787,131.08586075703303
5,9.0,cossu,-0.01,-0.01,-0.01,na
5,9.0,squish,0.35568584070796466,0.2240384615384616,0.8625,na
5,9.0,sqs,0.3618444846292948,0.22894736842105265,0.8625,na
5,9.0,poerma,0.002648215307982706,0.0013262198043637208,0.83140756302521,na
5,9.0,tns,0.46960861387456937,0.4458113315256173,0.49608974358974356,na
5,9.0,sqsrules_splitall,0.38691215181042815,0.2452488128215276,0.9160526315789473,na
5,9.0,sqsrules_splitgreedy,0.8604447164422686,0.8043287566742948,0.9249780701754385,na
5,9.0,sqsrules_greedywoalph,0.3214905037159373,0.725,0.20653846153846156,na
5,9.0,sqsrules_filter,-0.01,-0.01,-0.01,na
5,9.0,sqsrules_greedyalph,-0.01,-0.01,-0.01,na
19,1.0,secret,0.8437915742793793,0.8850000000000003,0.80625,17.439971963564556
19,1.0,cossu,0.7635628839314578,0.7740740740740738,0.7533333333333332,na
19,1.0,squish,0.717791411042945,0.6428571428571431,0.8125,na
19,1.0,sqs,0.6902654867256639,0.6000000000000002,0.8125,na
19,1.0,poerma,0.801070192005036,0.7712121212121211,0.8333333333333333,na
19,1.0,tns,0.6832897767969488,0.6849206349206347,0.6816666666666665,na
19,1.0,sqsrules_splitall,0.6902654867256639,0.6000000000000002,0.8125,na
19,1.0,sqsrules_splitgreedy,0.8540145985401462,0.9000000000000004,0.8125,na
19,1.0,sqsrules_greedywoalph,0.8540145985401462,0.9000000000000004,0.8125,na
19,1.0,sqsrules_filter,-0.01,-0.01,-0.01,na
19,1.0,sqsrules_greedyalph,-0.01,-0.01,-0.01,na
7,9.0,secret,0.8893454566649183,0.8313446660128585,0.9560463659147871,93.45499937534332
7,9.0,cossu,-0.01,-0.01,-0.01,na
7,9.0,squish,0.33024022146174725,0.20442429603420317,0.8588032581453634,na
7,9.0,sqs,0.34848484848484845,0.21835443037974683,0.8625,na
7,9.0,poerma,0.002361896362536684,0.0011826358393915548,0.8275560224089634,na
7,9.0,tns,0.4595705368312723,0.4299383156526014,0.4935897435897436,na
7,9.0,sqsrules_splitall,0.38272715511229877,0.2406808159639606,0.9339035087719297,na
7,9.0,sqsrules_splitgreedy,0.8889246926840915,0.8485190248348147,0.9333709273182957,na
7,9.0,sqsrules_greedywoalph,0.2550811022157098,0.7220081453634084,0.15490384615384617,na
7,9.0,sqsrules_filter,-0.01,-0.01,-0.01,na
7,9.0,sqsrules_greedyalph,-0.01,-0.01,-0.01,na
13,3.0,secret,0.9404761904761904,0.9404761904761904,0.9404761904761905,30.377855483690897
13,3.0,cossu,-0.01,-0.01,-0.01,na
13,3.0,squish,-0.01,-0.01,-0.01,na
13,3.0,sqs,0.5113636363636364,0.36684782608695654,0.84375,na
13,3.0,poerma,0.12557077625570778,0.06790123456790124,0.8333333333333333,na
13,3.0,tns,0.551794173449878,0.5330498866213155,0.5719047619047619,na
13,3.0,sqsrules_splitall,0.5113636363636364,0.36684782608695654,0.84375,na
13,3.0,sqsrules_splitgreedy,0.8316395663956639,0.8118386243386243,0.8524305555555556,na
13,3.0,sqsrules_greedywoalph,0.6572033898305084,0.6875,0.6294642857142856,na
13,3.0,sqsrules_filter,-0.01,-0.01,-0.01,na
13,3.0,sqsrules_greedyalph,-0.01,-0.01,-0.01,na
16,1.0,secret,0.8437915742793793,0.8850000000000003,0.80625,17.91817348798116
16,1.0,cossu,0.7359932088285226,0.7499999999999997,0.7224999999999999,na
16,1.0,squish,0.717791411042945,0.6428571428571431,0.8125,na
16,1.0,sqs,0.6902654867256639,0.6000000000000002,0.8125,na
16,1.0,poerma,0.8167395175651609,0.8007936507936506,0.8333333333333333,na
16,1.0,tns,0.7196029776674935,0.7142857142857141,0.7249999999999999,na
16,1.0,sqsrules_splitall,0.6902654867256639,0.6000000000000002,0.8125,na
16,1.0,sqsrules_splitgreedy,0.8540145985401462,0.9000000000000004,0.8125,na
16,1.0,sqsrules_greedywoalph,0.8540145985401462,0.9000000000000004,0.8125,na
16,1.0,sqsrules_filter,-0.01,-0.01,-0.01,na
16,1.0,sqsrules_greedyalph,-0.01,-0.01,-0.01,na
17,3.0,secret,0.9404761904761904,0.9404761904761904,0.9404761904761905,30.129020682970683
17,3.0,cossu,-0.01,-0.01,-0.01,na
17,3.0,squish,0.52734375,0.3835227272727273,0.84375,na
17,3.0,sqs,0.5192307692307693,0.375,0.84375,na
17,3.0,poerma,0.12193377672888508,0.06577932098765432,0.8333333333333333,na
17,3.0,tns,0.5704557249347975,0.560997732426304,0.5802380952380952,na
17,3.0,sqsrules_splitall,0.5192307692307693,0.375,0.84375,na
17,3.0,sqsrules_splitgreedy,0.7907196969696969,0.7248263888888888,0.8697916666666666,na
17,3.0,sqsrules_greedywoalph,0.581334332833583,0.6875,0.5035714285714284,na
17,3.0,sqsrules_filter,-0.01,-0.01,-0.01,na
17,3.0,sqsrules_greedyalph,-0.01,-0.01,-0.01,na
12,3.0,secret,0.9175377468060393,0.8956916099773241,0.9404761904761905,33.17230016390483
12,3.0,cossu,-0.01,-0.01,-0.01,na
12,3.0,squish,0.5720338983050848,0.4326923076923077,0.84375,na
12,3.0,sqs,0.52734375,0.3835227272727273,0.84375,na
12,3.0,poerma,0.14046795188663702,0.07669815564552407,0.8333333333333333,na
12,3.0,tns,0.570755086620124,0.565249433106576,0.5763690476190476,na
12,3.0,sqsrules_splitall,0.52734375,0.3835227272727273,0.84375,na
12,3.0,sqsrules_splitgreedy,0.7749368686868686,0.7103587962962963,0.8524305555555556,na
12,3.0,sqsrules_greedywoalph,0.6572033898305084,0.6875,0.6294642857142856,na
12,3.0,sqsrules_filter,-0.01,-0.01,-0.01,na
12,3.0,sqsrules_greedyalph,-0.01,-0.01,-0.01,na
9,9.0,secret,0.8788905403042492,0.8215715920235374,0.9448073308270677,159.4102730512619
9,9.0,cossu,-0.01,-0.01,-0.01,na
9,9.0,squish,-0.01,-0.01,-0.01,na
9,9.0,sqs,0.36440329218106987,0.23099999999999998,0.8625,na
9,9.0,poerma,0.002324214426882503,0.0011637338326128215,0.83140756302521,na
9,9.0,tns,0.45061840120663654,0.41452991452991456,0.4935897435897436,na
9,9.0,sqsrules_splitall,0.3987812350252384,0.2535171261487052,0.93390350877193,na
9,9.0,sqsrules_splitgreedy,0.8894319131161239,0.8490031897926639,0.93390350877193,na
9,9.0,sqsrules_greedywoalph,0.2550811022157098,0.7220081453634084,0.15490384615384617,na
9,9.0,sqsrules_filter,-0.01,-0.01,-0.01,na
9,9.0,sqsrules_greedyalph,-0.01,-0.01,-0.01,na
17,5.0,secret,0.9522727272727275,0.9522727272727275,0.9522727272727274,47.915188268820444
17,5.0,cossu,-0.01,-0.01,-0.01,na
17,5.0,squish,0.4037983971102834,0.26439393939393946,0.8541666666666667,na
17,5.0,sqs,0.44372294372294374,0.2997076023391813,0.8541666666666667,na
17,5.0,poerma,0.02896574680416595,0.01473902960183448,0.8333333333333333,na
17,5.0,tns,0.5128543231228577,0.49508692365835216,0.5319444444444443,na
17,5.0,sqsrules_splitall,0.4485438803620623,0.30296384901648066,0.8634469696969698,na
17,5.0,sqsrules_splitgreedy,0.8111074971540089,0.7582091821222257,0.8719405594405595,na
17,5.0,sqsrules_greedywoalph,0.4096980255516841,0.7083333333333334,0.2881944444444444,na
17,5.0,sqsrules_filter,-0.01,-0.01,-0.01,na
17,5.0,sqsrules_greedyalph,-0.01,-0.01,-0.01,na
16,3.0,secret,0.9404761904761904,0.9404761904761904,0.9404761904761905,37.66298493941625
16,3.0,cossu,-0.01,-0.01,-0.01,na
16,3.0,squish,0.6026785714285714,0.46875,0.84375,na
16,3.0,sqs,0.52734375,0.3835227272727273,0.84375,na
16,3.0,poerma,0.14046795188663702,0.07669815564552407,0.8333333333333333,na
16,3.0,tns,0.556791477314335,0.5368480725623586,0.5782738095238095,na
16,3.0,sqsrules_splitall,0.52734375,0.3835227272727273,0.84375,na
16,3.0,sqsrules_splitgreedy,0.84375,0.84375,0.84375,na
16,3.0,sqsrules_greedywoalph,0.6572033898305084,0.6875,0.6294642857142856,na
16,3.0,sqsrules_filter,-0.01,-0.01,-0.01,na
16,3.0,sqsrules_greedyalph,-0.01,-0.01,-0.01,na
9,1.0,secret,0.8335329341317368,0.8700000000000004,0.8,17.18302515347799
9,1.0,cossu,0.7691666666666664,0.7691666666666663,0.7691666666666666,na
9,1.0,squish,-0.01,-0.01,-0.01,na
9,1.0,sqs,0.6902654867256639,0.6000000000000002,0.8125,na
9,1.0,poerma,0.7718658034137726,0.7545454545454543,0.7899999999999998,na
9,1.0,tns,0.7471923536439663,0.7571428571428568,0.7374999999999998,na
9,1.0,sqsrules_splitall,0.6902654867256639,0.6000000000000002,0.8125,na
9,1.0,sqsrules_splitgreedy,0.8540145985401462,0.9000000000000004,0.8125,na
9,1.0,sqsrules_greedywoalph,0.8540145985401462,0.9000000000000004,0.8125,na
9,1.0,sqsrules_filter,-0.01,-0.01,-0.01,na
9,1.0,sqsrules_greedyalph,-0.01,-0.01,-0.01,na
15,5.0,secret,0.9461829836829838,0.9461829836829839,0.9461829836829837,51.42260639667511
15,5.0,cossu,-0.01,-0.01,-0.01,na
15,5.0,squish,0.4085250956432366,0.26846153846153853,0.8541666666666667,na
15,5.0,sqs,0.4324894514767933,0.2895480225988701,0.8541666666666667,na
15,5.0,poerma,0.03254927348582938,0.016598804152452223,0.8333333333333333,na
15,5.0,tns,0.5180118771735198,0.5032570603999175,0.5336580086580086,na
15,5.0,sqsrules_splitall,0.4371883390870734,0.29269388803287116,0.8634469696969698,na
15,5.0,sqsrules_splitgreedy,0.8304195804195805,0.7926732358550541,0.8719405594405595,na
15,5.0,sqsrules_greedywoalph,0.2779747832939322,0.7083333333333334,0.17291666666666666,na
15,5.0,sqsrules_filter,-0.01,-0.01,-0.01,na
15,5.0,sqsrules_greedyalph,-0.01,-0.01,-0.01,na
9,5.0,secret,0.8819135655270927,0.8512683654729112,0.9148475829725833,63.87304013967514
9,5.0,cossu,-0.01,-0.01,-0.01,na
9,5.0,squish,-0.01,-0.01,-0.01,na
9,5.0,sqs,0.4218106995884774,0.2800546448087432,0.8541666666666667,na
9,5.0,poerma,0.02562552314995989,0.01302119427119427,0.800438034188034,na
9,5.0,tns,0.4775390702274975,0.47188208616780036,0.4833333333333332,na
9,5.0,sqsrules_splitall,0.43674640427367795,0.2906635714012763,0.8780303030303032,na
9,5.0,sqsrules_splitgreedy,0.8089532480132846,0.7655949123340428,0.8575174825174827,na
9,5.0,sqsrules_greedywoalph,0.5141057672288153,0.7083333333333333,0.4034722222222221,na
9,5.0,sqsrules_filter,-0.01,-0.01,-0.01,na
9,5.0,sqsrules_greedyalph,-0.01,-0.01,-0.01,na
13,5.0,secret,0.9185851759221708,0.8781874690965601,0.9628787878787879,54.10302325089773
13,5.0,cossu,-0.01,-0.01,-0.01,na
13,5.0,squish,-0.01,-0.01,-0.01,na
13,5.0,sqs,0.42708333333333337,0.28472222222222227,0.8541666666666667,na
13,5.0,poerma,0.026724071744535595,0.013579780082589072,0.8333333333333333,na
13,5.0,tns,0.50585748005271,0.47883597883597884,0.536111111111111,na
13,5.0,sqsrules_splitall,0.4363636363636364,0.29090909090909095,0.8727272727272728,na
13,5.0,sqsrules_splitgreedy,0.8165527654164016,0.7485067016317015,0.8982080419580418,na
13,5.0,sqsrules_greedywoalph,0.6337655756535915,0.7038282230589922,0.576388888888889,na
13,5.0,sqsrules_filter,-0.01,-0.01,-0.01,na
13,5.0,sqsrules_greedyalph,-0.01,-0.01,-0.01,na
14,5.0,secret,0.9522727272727275,0.9522727272727275,0.9522727272727274,46.31504016717275
14,5.0,cossu,-0.01,-0.01,-0.01,na
14,5.0,squish,-0.01,-0.01,-0.01,na
14,5.0,sqs,0.4324894514767933,0.2895480225988701,0.8541666666666667,na
14,5.0,poerma,0.02509413767669878,0.012738871434523609,0.8333333333333333,na
14,5.0,tns,0.5128543231228577,0.49508692365835216,0.5319444444444443,na
14,5.0,sqsrules_splitall,0.43354430379746844,0.29025423728813565,0.85625,na
14,5.0,sqsrules_splitgreedy,0.8223304473304475,0.784951790633609,0.8634469696969698,na
14,5.0,sqsrules_greedywoalph,0.5141057672288153,0.7083333333333333,0.4034722222222221,na
14,5.0,sqsrules_filter,-0.01,-0.01,-0.01,na
14,5.0,sqsrules_greedyalph,-0.01,-0.01,-0.01,na
0,3.0,secret,0.9404761904761904,0.9404761904761904,0.9404761904761905,37.83053541580836
0,3.0,cossu,-0.01,-0.01,-0.01,na
0,3.0,squish,0.625,0.4963235294117647,0.84375,na
0,3.0,sqs,0.5357142857142857,0.39244186046511625,0.84375,na
0,3.0,poerma,0.14700810484566307,0.0806146572104019,0.8333333333333333,na
0,3.0,tns,0.556791477314335,0.5368480725623586,0.5782738095238095,na
0,3.0,sqsrules_splitall,0.5357142857142857,0.39244186046511625,0.84375,na
0,3.0,sqsrules_splitgreedy,0.8231707317073171,0.8035714285714286,0.84375,na
0,3.0,sqsrules_greedywoalph,0.6572033898305084,0.6875,0.6294642857142856,na
0,3.0,sqsrules_filter,-0.01,-0.01,-0.01,na
0,3.0,sqsrules_greedyalph,-0.01,-0.01,-0.01,na
0,7.0,secret,0.9268292682926829,0.9047619047619045,0.95,71.50544116497039
0,7.0,cossu,-0.01,-0.01,-0.01,na
0,7.0,squish,0.3876499938778009,0.25027173913043477,0.859375,na
0,7.0,sqs,0.37364130434782616,0.2387152777777778,0.859375,na
0,7.0,poerma,0.008292328370434893,0.0041668961479037975,0.8333333333333333,na
0,7.0,tns,0.4677983126919704,0.4338023088023088,0.5075757575757576,na
0,7.0,sqsrules_splitall,0.3951124447796638,0.25346541394335514,0.8956250000000001,na
0,7.0,sqsrules_splitgreedy,0.8908417025346724,0.8696311858076565,0.9131127450980392,na
0,7.0,sqsrules_greedywoalph,0.49615795263362233,0.71875,0.3788352272727272,na
0,7.0,sqsrules_filter,-0.01,-0.01,-0.01,na
0,7.0,sqsrules_greedyalph,-0.01,-0.01,-0.01,na
17,1.0,secret,0.8437915742793793,0.8850000000000003,0.80625,16.916640210151673
17,1.0,cossu,0.7479961035346506,0.7687499999999998,0.7283333333333333,na
17,1.0,squish,0.717791411042945,0.6428571428571431,0.8125,na
17,1.0,sqs,0.6902654867256639,0.6000000000000002,0.8125,na
17,1.0,poerma,0.7588961510530139,0.6966666666666668,0.8333333333333333,na
17,1.0,tns,0.7467460233110141,0.7468253968253965,0.7466666666666666,na
17,1.0,sqsrules_splitall,0.6902654867256639,0.6000000000000002,0.8125,na
17,1.0,sqsrules_splitgreedy,0.8540145985401462,0.9000000000000004,0.8125,na
17,1.0,sqsrules_greedywoalph,0.8540145985401462,0.9000000000000004,0.8125,na
17,1.0,sqsrules_filter,-0.01,-0.01,-0.01,na
17,1.0,sqsrules_greedyalph,-0.01,-0.01,-0.01,na
11,7.0,secret,0.8798382173382174,0.8398455710955711,0.9238301282051282,89.05813740094503
11,7.0,cossu,-0.01,-0.01,-0.01,na
11,7.0,squish,0.3485307878609959,0.21859177215189873,0.859375,na
11,7.0,sqs,0.38623595505617975,0.24909420289855072,0.859375,na
11,7.0,poerma,0.008124873416827202,0.004082337795111608,0.8333333333333333,na
11,7.0,tns,0.4731461174921084,0.44261063011063007,0.5082070707070707,na
11,7.0,sqsrules_splitall,0.39980784071952646,0.2581010776662951,0.8865624999999999,na
11,7.0,sqsrules_splitgreedy,0.8295231729055258,0.7603962418300654,0.9124754901960784,na
11,7.0,sqsrules_greedywoalph,0.540392205229403,0.71875,0.4329545454545454,na
11,7.0,sqsrules_filter,-0.01,-0.01,-0.01,na
11,7.0,sqsrules_greedyalph,-0.01,-0.01,-0.01,na
2,7.0,secret,0.8271597967250142,0.7317182817182817,0.9512337662337664,89.07202637990316
2,7.0,cossu,-0.01,-0.01,-0.01,na
2,7.0,squish,0.3520837967081851,0.2213942307692308,0.859375,na
2,7.0,sqs,0.37774725274725274,0.2420774647887324,0.859375,na
2,7.0,poerma,0.007385328328150045,0.0037090999164861214,0.8333333333333333,na
2,7.0,tns,0.47994778090940937,0.45466570466570466,0.5082070707070706,na
2,7.0,sqsrules_splitall,0.3965648264342123,0.2546620408726871,0.8956250000000001,na
2,7.0,sqsrules_splitgreedy,0.8737804878048782,0.8529761904761906,0.8956250000000001,na
2,7.0,sqsrules_greedywoalph,0.18797374644527817,0.7138071895424837,0.10823863636363637,na
2,7.0,sqsrules_filter,-0.01,-0.01,-0.01,na
2,7.0,sqsrules_greedyalph,-0.01,-0.01,-0.01,na
18,5.0,secret,0.9294941544389214,0.9461829836829839,0.9133838383838384,49.54608509937922
18,5.0,cossu,-0.01,-0.01,-0.01,na
18,5.0,squish,-0.01,-0.01,-0.01,na
18,5.0,sqs,0.4454830138546214,0.30131578947368426,0.8541666666666667,na
18,5.0,poerma,0.03143286409458959,0.01603275168167015,0.7965918803418802,na
18,5.0,tns,0.47190526586248227,0.4662509448223733,0.4776984126984126,na
18,5.0,sqsrules_splitall,0.4454830138546214,0.30131578947368426,0.8541666666666667,na
18,5.0,sqsrules_splitgreedy,0.7636887015432593,0.6920512820512821,0.8518696581196581,na
18,5.0,sqsrules_greedywoalph,0.6270948105376268,0.7034527972027972,0.5656905594405595,na
18,5.0,sqsrules_filter,-0.01,-0.01,-0.01,na
18,5.0,sqsrules_greedyalph,-0.01,-0.01,-0.01,na
12,5.0,secret,0.9469696969696971,0.9469696969696972,0.946969696969697,56.1843013048172
12,5.0,cossu,-0.01,-0.01,-0.01,na
12,5.0,squish,0.43221891574557686,0.28930555555555565,0.8541666666666667,na
12,5.0,sqs,0.418354919201521,0.27701612903225814,0.8541666666666667,na
12,5.0,poerma,0.02509413767669878,0.012738871434523609,0.8333333333333333,na
12,5.0,tns,0.5108599777796243,0.49138321995464845,0.5319444444444443,na
12,5.0,sqsrules_splitall,0.42288192000632097,0.2800097751710655,0.8634469696969698,na
12,5.0,sqsrules_splitgreedy,0.8081161262979446,0.7407731157731158,0.888927738927739,na
12,5.0,sqsrules_greedywoalph,0.6355855855855855,0.7083333333333333,0.576388888888889,na
12,5.0,sqsrules_filter,-0.01,-0.01,-0.01,na
12,5.0,sqsrules_greedyalph,-0.01,-0.01,-0.01,na
8,1.0,secret,0.8095675634286849,0.8508771929824563,0.7720833333333333,15.991117139657339
8,1.0,cossu,0.7440477077897873,0.7755555555555554,0.7149999999999999,na
8,1.0,squish,0.7186210998067164,0.6506172839506176,0.8025,na
8,1.0,sqs,0.6902654867256639,0.6000000000000002,0.8125,na
8,1.0,poerma,0.7887249736564803,0.8316666666666664,0.7499999999999999,na
8,1.0,tns,0.6744418331374851,0.7007936507936505,0.6499999999999999,na
8,1.0,sqsrules_splitall,0.6902654867256639,0.6000000000000002,0.8125,na
8,1.0,sqsrules_splitgreedy,0.8461121017133113,0.8947368421052635,0.8025,na
8,1.0,sqsrules_greedywoalph,0.806896551724138,0.9000000000000004,0.73125,na
8,1.0,sqsrules_filter,-0.01,-0.01,-0.01,na
8,1.0,sqsrules_greedyalph,-0.01,-0.01,-0.01,na
8,9.0,secret,0.8825319111732822,0.8249754821837204,0.9487218045112783,139.87073122262956
8,9.0,cossu,-0.01,-0.01,-0.01,na
8,9.0,squish,0.3165137614678899,0.19382022471910113,0.8625,na
8,9.0,sqs,0.35567010309278346,0.22402597402597402,0.8625,na
8,9.0,poerma,0.0021661601369803957,0.0010844994282473834,0.8275560224089634,na
8,9.0,tns,0.45679890076949936,0.4251121893979037,0.4935897435897436,na
8,9.0,sqsrules_splitall,0.38541832389409586,0.24469108217449667,0.907127192982456,na
8,9.0,sqsrules_splitgreedy,0.8639306599832917,0.8246610845295059,0.907127192982456,na
8,9.0,sqsrules_greedywoalph,0.3212545764839531,0.7226065162907268,0.20653846153846156,na
8,9.0,sqsrules_filter,-0.01,-0.01,-0.01,na
8,9.0,sqsrules_greedyalph,-0.01,-0.01,-0.01,na
10,1.0,secret,0.8335329341317368,0.8700000000000004,0.8,16.06193549633026
10,1.0,cossu,0.7442343575071525,0.7537037037037034,0.7349999999999999,na
10,1.0,squish,-0.01,-0.01,-0.01,na
10,1.0,sqs,0.6902654867256639,0.6000000000000002,0.8125,na
10,1.0,poerma,0.7721111683285738,0.7362318840579709,0.8116666666666665,na
10,1.0,tns,0.7044426919032595,0.7055555555555553,0.7033333333333331,na
10,1.0,sqsrules_splitall,0.6902654867256639,0.6000000000000002,0.8125,na
10,1.0,sqsrules_splitgreedy,0.8540145985401462,0.9000000000000004,0.8125,na
10,1.0,sqsrules_greedywoalph,0.8540145985401462,0.9000000000000004,0.8125,na
10,1.0,sqsrules_filter,-0.01,-0.01,-0.01,na
10,1.0,sqsrules_greedyalph,-0.01,-0.01,-0.01,na
16,9.0,secret,0.7805699899861971,0.6637656514511432,0.947261781905745,140.1382839401563
16,9.0,cossu,-0.01,-0.01,-0.01,na
16,9.0,squish,0.3297269342159702,0.2038235294117647,0.8625,na
16,9.0,sqs,0.3631578947368421,0.23,0.8625,na
16,9.0,poerma,0.0021992689437851745,0.0011010941797819217,0.8294817927170867,na
16,9.0,tns,0.4639355114427613,0.4376425162139449,0.4935897435897436,na
16,9.0,sqsrules_splitall,0.39502295342607024,0.2511370091896408,0.9249780701754385,na
16,9.0,sqsrules_splitgreedy,0.8809314954051798,0.8408891547049446,0.9249780701754385,na
16,9.0,sqsrules_greedywoalph,0.4815948881059632,0.7214097744360901,0.3614423076923076,na
16,9.0,sqsrules_filter,-0.01,-0.01,-0.01,na
16,9.0,sqsrules_greedyalph,-0.01,-0.01,-0.01,na
4,9.0,secret,0.8484072947967267,0.763603604599735,0.9544003390830017,122.58285561800002
4,9.0,cossu,-0.01,-0.01,-0.01,na
4,9.0,squish,-0.01,-0.01,-0.01,na
4,9.0,sqs,0.3670212765957447,0.23310810810810811,0.8625,na
4,9.0,poerma,0.002518318799517048,0.0012610737188440211,0.8294817927170867,na
4,9.0,tns,0.4612096643251031,0.4328163899592472,0.4935897435897436,na
4,9.0,sqsrules_splitall,0.4030074268103648,0.2569430332588228,0.93390350877193,na
4,9.0,sqsrules_splitgreedy,0.8809314954051798,0.8408891547049446,0.9249780701754385,na
4,9.0,sqsrules_greedywoalph,0.3212545764839531,0.7226065162907268,0.20653846153846156,na
4,9.0,sqsrules_filter,-0.01,-0.01,-0.01,na
4,9.0,sqsrules_greedyalph,-0.01,-0.01,-0.01,na
18,11.0,secret,0.6716298291143417,0.5256346650308004,0.9299135610766044,214.23781038125355
18,11.0,cossu,-0.01,-0.01,-0.01,na
18,11.0,squish,-0.01,-0.01,-0.01,na
18,11.0,sqs,0.3143939393939394,0.1921296296296296,0.8645833333333333,na
18,11.0,poerma,0.0006517992102647477,0.0003260271076591521,0.8333333333333333,na
18,11.0,tns,0.4171703203924082,0.398992673992674,0.4370833333333334,na
18,11.0,sqsrules_splitall,0.34431270311257733,0.21145088566827705,0.9264039855072465,na
18,11.0,sqsrules_splitgreedy,0.8907004830917875,0.8502140974967063,0.9352355072463769,na
18,11.0,sqsrules_greedywoalph,0.09317661091799992,0.7241485507246377,0.049791666666666665,na
18,11.0,sqsrules_filter,-0.01,-0.01,-0.01,na
18,11.0,sqsrules_greedyalph,-0.01,-0.01,-0.01,na
2,3.0,secret,0.9404761904761904,0.9404761904761904,0.9404761904761905,33.70761093298594
2,3.0,cossu,-0.01,-0.01,-0.01,na
2,3.0,squish,0.5818965517241379,0.4440789473684211,0.84375,na
2,3.0,sqs,0.5037313432835822,0.35904255319148937,0.84375,na
2,3.0,poerma,0.12315591083382077,0.06649122807017545,0.8333333333333333,na
2,3.0,tns,0.5800282688209427,0.5798185941043086,0.5802380952380952,na
2,3.0,sqsrules_splitall,0.5037313432835822,0.35904255319148937,0.84375,na
2,3.0,sqsrules_splitgreedy,0.7907196969696969,0.7248263888888888,0.8697916666666666,na
2,3.0,sqsrules_greedywoalph,0.6560060089497081,0.6848845598845599,0.6294642857142856,na
2,3.0,sqsrules_filter,-0.01,-0.01,-0.01,na
2,3.0,sqsrules_greedyalph,-0.01,-0.01,-0.01,na
16,5.0,secret,0.9119769119769122,0.8705234159779617,0.9575757575757576,49.608064774672194
16,5.0,cossu,-0.01,-0.01,-0.01,na
16,5.0,squish,0.4217182191672593,0.27997311827956994,0.8541666666666667,na
16,5.0,sqs,0.44372294372294374,0.2997076023391813,0.8541666666666667,na
16,5.0,poerma,0.027024436149262965,0.013735828596840713,0.8300213675213675,na
16,5.0,tns,0.507303885280413,0.4848450491307633,0.5319444444444443,na
16,5.0,sqsrules_splitall,0.45336481700118064,0.30622009569377995,0.8727272727272728,na
16,5.0,sqsrules_splitgreedy,0.835542364612132,0.7810504712678624,0.898208041958042,na
16,5.0,sqsrules_greedywoalph,0.598197531304627,0.7063811188811189,0.51875,na
16,5.0,sqsrules_filter,-0.01,-0.01,-0.01,na
16,5.0,sqsrules_greedyalph,-0.01,-0.01,-0.01,na
1,11.0,secret,0.7792404760298148,0.6596176911544229,0.9518623188405797,202.38376686175664
1,11.0,cossu,-0.01,-0.01,-0.01,na
1,11.0,squish,0.38583618303207934,0.24883637891199317,0.8584855072463767,na
1,11.0,sqs,0.3390522875816993,0.21087398373983737,0.8645833333333333,na
1,11.0,poerma,0.0006520592702921098,0.0003261577521254833,0.8299999999999998,na
1,11.0,tns,0.4462600299197607,0.41446886446886466,0.4833333333333333,na
1,11.0,sqsrules_splitall,0.37202120426425744,0.23219158713326268,0.9352355072463767,na
1,11.0,sqsrules_splitgreedy,0.8991114561766735,0.8582427536231884,0.9440670289855072,na
1,11.0,sqsrules_greedywoalph,0.3124762262192173,0.7248654244306418,0.19916666666666666,na
1,11.0,sqsrules_filter,-0.01,-0.01,-0.01,na
1,11.0,sqsrules_greedyalph,-0.01,-0.01,-0.01,na
10,5.0,secret,0.9522727272727275,0.9522727272727275,0.9522727272727274,55.23728088537852
10,5.0,cossu,-0.01,-0.01,-0.01,na
10,5.0,squish,0.47637329184142885,0.33028846153846164,0.8541666666666667,na
10,5.0,sqs,0.4305116354496068,0.2877777777777778,0.8541666666666667,na
10,5.0,poerma,0.02772009139972678,0.01409446562507787,0.8333333333333333,na
10,5.0,tns,0.5189541918351317,0.5005102040816326,0.5388095238095236,na
10,5.0,sqsrules_splitall,0.4335084942418825,0.2897756410256411,0.8601602564102565,na
10,5.0,sqsrules_splitgreedy,0.8304195804195805,0.7926732358550541,0.8719405594405595,na
10,5.0,sqsrules_greedywoalph,0.5585906571654791,0.7083333333333333,0.4611111111111111,na
10,5.0,sqsrules_filter,-0.01,-0.01,-0.01,na
10,5.0,sqsrules_greedyalph,-0.01,-0.01,-0.01,na
12,11.0,secret,0.8796345123310159,0.8222670441355149,0.9456071007558421,188.54508802493413
12,11.0,cossu,-0.01,-0.01,-0.01,na
12,11.0,squish,0.3789262960396068,0.2431179832618901,0.8584855072463767,na
12,11.0,sqs,0.3424092409240924,0.213477366255144,0.8645833333333333,na
12,11.0,poerma,0.0005526565645572877,0.0002764201173125825,0.831738095238095,na
12,11.0,tns,0.4462600299197607,0.41446886446886466,0.4833333333333333,na
12,11.0,sqsrules_splitall,0.37654330099044714,0.23517087135444623,0.9440670289855074,na
12,11.0,sqsrules_splitgreedy,0.8582427536231882,0.7867225241545893,0.9440670289855071,na
12,11.0,sqsrules_greedywoalph,0.31256494622813547,0.7258212560386473,0.19916666666666666,na
12,11.0,sqsrules_filter,-0.01,-0.01,-0.01,na
12,11.0,sqsrules_greedyalph,-0.01,-0.01,-0.01,na
8,3.0,secret,0.9394841269841269,0.9394841269841269,0.9394841269841269,33.278990705808006
8,3.0,cossu,-0.01,-0.01,-0.01,na
8,3.0,squish,0.5818965517241379,0.4440789473684211,0.84375,na
8,3.0,sqs,0.5443548387096774,0.4017857142857143,0.84375,na
8,3.0,poerma,0.12743174216815203,0.06902726902726902,0.8280555555555555,na
8,3.0,tns,0.5481352090991984,0.5294784580498869,0.5681547619047619,na
8,3.0,sqsrules_splitall,0.5443548387096774,0.4017857142857143,0.84375,na
8,3.0,sqsrules_splitgreedy,0.8035714285714286,0.7670454545454546,0.84375,na
8,3.0,sqsrules_greedywoalph,0.6211730153079387,0.6875,0.5665178571428571,na
8,3.0,sqsrules_filter,-0.01,-0.01,-0.01,na
8,3.0,sqsrules_greedyalph,-0.01,-0.01,-0.01,na
14,7.0,secret,0.8772727272727272,0.8041666666666666,0.9650000000000001,103.8147759238879
14,7.0,cossu,-0.01,-0.01,-0.01,na
14,7.0,squish,-0.01,-0.01,-0.01,na
14,7.0,sqs,0.3709938088355924,0.2365582191780822,0.859375,na
14,7.0,poerma,0.00815543454519151,0.004097768723358565,0.8333333333333333,na
14,7.0,tns,0.4823830062439438,0.4570406445406445,0.5107007575757575,na
14,7.0,sqsrules_splitall,0.39048312584649075,0.24897260273972607,0.9046875,na
14,7.0,sqsrules_splitgreedy,0.87765522875817,0.8377618092691623,0.9215379901960784,na
14,7.0,sqsrules_greedywoalph,0.4957155746908771,0.7168964460784314,0.3788352272727272,na
14,7.0,sqsrules_filter,-0.01,-0.01,-0.01,na
14,7.0,sqsrules_greedyalph,-0.01,-0.01,-0.01,na
13,11.0,secret,0.846460006736938,0.7632136645962734,0.9500895445134574,174.3955468217532
13,11.0,cossu,-0.01,-0.01,-0.01,na
13,11.0,squish,-0.01,-0.01,-0.01,na
13,11.0,sqs,0.3325320512820512,0.20585317460317457,0.8645833333333333,na
13,11.0,poerma,0.0007479279142582402,0.0003741321734809805,0.831738095238095,na
13,11.0,tns,0.44778469487146927,0.41556776556776576,0.4854166666666667,na
13,11.0,sqsrules_splitall,0.36324673369187926,0.22644582470669436,0.917572463768116,na
13,11.0,sqsrules_splitgreedy,0.8951926475786499,0.8738785369220154,0.917572463768116,na
13,11.0,sqsrules_greedywoalph,0.3124762262192173,0.7248654244306418,0.19916666666666666,na
13,11.0,sqsrules_filter,-0.01,-0.01,-0.01,na
13,11.0,sqsrules_greedyalph,-0.01,-0.01,-0.01,na
11,9.0,secret,0.8740031897926636,0.8011695906432751,0.9614035087719299,129.35554512341818
11,9.0,cossu,-0.01,-0.01,-0.01,na
11,9.0,squish,0.3592548667904687,0.2271731961482654,0.8582581453634084,na
11,9.0,sqs,0.356896551724138,0.22499999999999998,0.8625,na
11,9.0,poerma,0.0022297784725834368,0.001116382808103321,0.8333333333333333,na
11,9.0,tns,0.4612096643251031,0.4328163899592472,0.4935897435897436,na
11,9.0,sqsrules_splitall,0.3890791388305357,0.24572632880903567,0.9339035087719297,na
11,9.0,sqsrules_splitgreedy,0.8599492918342371,0.8038656423667869,0.9244454887218044,na
11,9.0,sqsrules_greedywoalph,0.3807579462102689,0.725,0.2581730769230769,na
11,9.0,sqsrules_filter,-0.01,-0.01,-0.01,na
11,9.0,sqsrules_greedyalph,-0.01,-0.01,-0.01,na
12,1.0,secret,0.8335329341317368,0.8700000000000004,0.8,20.714076213041942
12,1.0,cossu,0.725882194183928,0.7480392156862742,0.7049999999999998,na
12,1.0,squish,-0.01,-0.01,-0.01,na
12,1.0,sqs,0.6902654867256639,0.6000000000000002,0.8125,na
12,1.0,poerma,0.7455148419572135,0.6893333333333332,0.8116666666666665,na
12,1.0,tns,0.7471923536439663,0.7571428571428568,0.7374999999999998,na
12,1.0,sqsrules_splitall,0.6902654867256639,0.6000000000000002,0.8125,na
12,1.0,sqsrules_splitgreedy,0.8540145985401462,0.9000000000000004,0.8125,na
12,1.0,sqsrules_greedywoalph,0.8540145985401462,0.9000000000000004,0.8125,na
12,1.0,sqsrules_filter,-0.01,-0.01,-0.01,na
12,1.0,sqsrules_greedyalph,-0.01,-0.01,-0.01,na
14,11.0,secret,0.7535988308366824,0.6198958124624323,0.9608385093167702,175.04902441898983
14,11.0,cossu,-0.01,-0.01,-0.01,na
14,11.0,squish,0.3807132301307595,0.24455041845274544,0.8589873188405797,na
14,11.0,sqs,0.3325320512820512,0.20585317460317457,0.8645833333333333,na
14,11.0,poerma,0.0005626824753579727,0.00028143643552498124,0.831738095238095,na
14,11.0,tns,0.4422662281302819,0.40763125763125774,0.4833333333333333,na
14,11.0,sqsrules_splitall,0.36407383184613973,0.22655452035886828,0.9264039855072465,na
14,11.0,sqsrules_splitgreedy,0.8907004830917873,0.8502140974967063,0.9352355072463766,na
14,11.0,sqsrules_greedywoalph,0.3709667847862767,0.727493961352657,0.2489583333333333,na
14,11.0,sqsrules_filter,-0.01,-0.01,-0.01,na
14,11.0,sqsrules_greedyalph,-0.01,-0.01,-0.01,na
4,5.0,secret,0.9271064301552109,0.9050324675324678,0.950284090909091,47.456932977835336
4,5.0,cossu,-0.01,-0.01,-0.01,na
4,5.0,squish,-0.01,-0.01,-0.01,na
4,5.0,sqs,0.44372294372294374,0.2997076023391813,0.8541666666666667,na
4,5.0,poerma,0.02806201550387597,0.014271296559119438,0.8333333333333333,na
4,5.0,tns,0.5128543231228577,0.49508692365835216,0.5319444444444443,na
4,5.0,sqsrules_splitall,0.44372294372294374,0.2997076023391813,0.8541666666666667,na
4,5.0,sqsrules_splitgreedy,0.8416197623514698,0.8215811965811968,0.8626602564102566,na
4,5.0,sqsrules_greedywoalph,0.2779747832939322,0.7083333333333334,0.17291666666666666,na
4,5.0,sqsrules_filter,-0.01,-0.01,-0.01,na
4,5.0,sqsrules_greedyalph,-0.01,-0.01,-0.01,na
19,3.0,secret,0.9404761904761904,0.9404761904761904,0.9404761904761905,35.779699846108755
19,3.0,cossu,-0.01,-0.01,-0.01,na
19,3.0,squish,0.6026785714285714,0.46875,0.84375,na
19,3.0,sqs,0.5192307692307693,0.375,0.84375,na
19,3.0,poerma,0.1295014270966175,0.07020576131687244,0.8333333333333333,na
19,3.0,tns,0.5744060699009611,0.5628117913832202,0.5864880952380952,na
19,3.0,sqsrules_splitall,0.5192307692307693,0.375,0.84375,na
19,3.0,sqsrules_splitgreedy,0.8316395663956639,0.8118386243386243,0.8524305555555556,na
19,3.0,sqsrules_greedywoalph,0.6572033898305084,0.6875,0.6294642857142856,na
19,3.0,sqsrules_filter,-0.01,-0.01,-0.01,na
19,3.0,sqsrules_greedyalph,-0.01,-0.01,-0.01,na
13,9.0,secret,0.8701932656880057,0.7991209641751439,0.9551417606516293,89.3994079152743
13,9.0,cossu,-0.01,-0.01,-0.01,na
13,9.0,squish,-0.01,-0.01,-0.01,na
13,9.0,sqs,0.35447298494242696,0.22307692307692312,0.8625,na
13,9.0,poerma,0.002157073120543191,0.0010799342585682623,0.8333333333333333,na
13,9.0,tns,0.46896453760571927,0.44065815137243713,0.5011571761571761,na
13,9.0,sqsrules_splitall,0.3838179025586986,0.24259196256100288,0.9185635964912281,na
13,9.0,sqsrules_splitgreedy,0.88093149540518,0.8408891547049446,0.9249780701754388,na
13,9.0,sqsrules_greedywoalph,0.32109661522302657,0.7210108604845447,0.20653846153846156,na
13,9.0,sqsrules_filter,-0.01,-0.01,-0.01,na
13,9.0,sqsrules_greedyalph,-0.01,-0.01,-0.01,na
7,11.0,secret,0.7962152769158534,0.6825942768411714,0.955215320910973,130.2230945666631
7,11.0,cossu,-0.01,-0.01,-0.01,na
7,11.0,squish,0.46505358604330094,0.31975308641975314,0.8523938923395444,na
7,11.0,sqs,0.352891156462585,0.22168803418803415,0.8645833333333333,na
7,11.0,poerma,0.0007383382850299153,0.0003693333871249713,0.830142857142857,na
7,11.0,tns,0.4437799982919122,0.41021062271062286,0.4833333333333333,na
7,11.0,sqsrules_splitall,0.3871504445211609,0.24409884801189152,0.9352355072463769,na
7,11.0,sqsrules_splitgreedy,0.8699865183687228,0.8132482671707626,0.9352355072463769,na
7,11.0,sqsrules_greedywoalph,0.17513762586542,0.7258212560386473,0.09958333333333333,na
7,11.0,sqsrules_filter,-0.01,-0.01,-0.01,na
7,11.0,sqsrules_greedyalph,-0.01,-0.01,-0.01,na
18,3.0,secret,0.8901984493234257,0.8503968253968254,0.9339087301587302,30.468160088857015
18,3.0,cossu,-0.01,-0.01,-0.01,na
18,3.0,squish,-0.01,-0.01,-0.01,na
18,3.0,sqs,0.5357142857142857,0.39244186046511625,0.84375,na
18,3.0,poerma,0.12193377672888508,0.06577932098765432,0.8333333333333333,na
18,3.0,tns,0.5704557249347975,0.560997732426304,0.5802380952380952,na
18,3.0,sqsrules_splitall,0.5357142857142857,0.39244186046511625,0.84375,na
18,3.0,sqsrules_splitgreedy,0.7929586563307494,0.741243961352657,0.8524305555555556,na
18,3.0,sqsrules_greedywoalph,0.6572033898305084,0.6875,0.6294642857142856,na
18,3.0,sqsrules_filter,-0.01,-0.01,-0.01,na
18,3.0,sqsrules_greedyalph,-0.01,-0.01,-0.01,na
1,3.0,secret,0.9394841269841269,0.9394841269841269,0.9394841269841269,31.455808420976002
1,3.0,cossu,-0.01,-0.01,-0.01,na
1,3.0,squish,-0.01,-0.01,-0.01,na
1,3.0,sqs,0.5192307692307693,0.375,0.84375,na
1,3.0,poerma,0.1361433605039013,0.07416885389326335,0.8280555555555555,na
1,3.0,tns,0.5704557249347975,0.560997732426304,0.5802380952380952,na
1,3.0,sqsrules_splitall,0.5192307692307693,0.375,0.84375,na
1,3.0,sqsrules_splitgreedy,0.84375,0.84375,0.84375,na
1,3.0,sqsrules_greedywoalph,0.6211730153079387,0.6875,0.5665178571428571,na
1,3.0,sqsrules_filter,-0.01,-0.01,-0.01,na
1,3.0,sqsrules_greedyalph,-0.01,-0.01,-0.01,na
10,3.0,secret,0.9464285714285715,0.9464285714285714,0.9464285714285715,31.354491023222604
10,3.0,cossu,-0.01,-0.01,-0.01,na
10,3.0,squish,-0.01,-0.01,-0.01,na
10,3.0,sqs,0.5113636363636364,0.36684782608695654,0.84375,na
10,3.0,poerma,0.11188522170396176,0.059968354430379754,0.8333333333333333,na
10,3.0,tns,0.5683084203649155,0.5568594104308392,0.5802380952380952,na
10,3.0,sqsrules_splitall,0.5113636363636364,0.36684782608695654,0.84375,na
10,3.0,sqsrules_splitgreedy,0.8010335917312662,0.748792270531401,0.861111111111111,na
10,3.0,sqsrules_greedywoalph,0.6211730153079387,0.6875,0.5665178571428571,na
10,3.0,sqsrules_filter,-0.01,-0.01,-0.01,na
10,3.0,sqsrules_greedyalph,-0.01,-0.01,-0.01,na
4,11.0,secret,0.7621151138716357,0.6350959282263631,0.9526438923395446,245.4880799651146
4,11.0,cossu,-0.01,-0.01,-0.01,na
4,11.0,squish,-0.01,-0.01,-0.01,na
4,11.0,sqs,0.32936507936507936,0.20343137254901958,0.8645833333333333,na
4,11.0,poerma,0.0006929425771240382,0.0003466168429710833,0.8250714285714285,na
4,11.0,tns,0.4462600299197607,0.41446886446886466,0.4833333333333333,na
4,11.0,sqsrules_splitall,0.36062428206291847,0.22388917306052863,0.9264039855072465,na
4,11.0,sqsrules_splitgreedy,0.801186200378072,0.7087416387959867,0.9213641304347826,na
4,11.0,sqsrules_greedywoalph,0.09317661091799992,0.7241485507246377,0.049791666666666665,na
4,11.0,sqsrules_filter,-0.01,-0.01,-0.01,na
4,11.0,sqsrules_greedyalph,-0.01,-0.01,-0.01,na
18,9.0,secret,0.8149940658918451,0.7227774966261811,0.9341831140350878,130.5422219634056
18,9.0,cossu,-0.01,-0.01,-0.01,na
18,9.0,squish,-0.01,-0.01,-0.01,na
18,9.0,sqs,0.3631578947368421,0.23,0.8625,na
18,9.0,poerma,0.002177185090114165,0.001090016445589072,0.8333333333333333,na
18,9.0,tns,0.42944054754346284,0.41560344417487277,0.44423076923076926,na
18,9.0,sqsrules_splitall,0.3987812350252384,0.2535171261487052,0.9339035087719297,na
18,9.0,sqsrules_splitgreedy,0.8687474500204,0.8120900076277655,0.9339035087719297,na
18,9.0,sqsrules_greedywoalph,0.1806624658985637,0.7210108604845447,0.10326923076923075,na
18,9.0,sqsrules_filter,-0.01,-0.01,-0.01,na
18,9.0,sqsrules_greedyalph,-0.01,-0.01,-0.01,na
12,7.0,secret,0.7027449311159909,0.5529843840370156,0.9637499999999999,95.69819806814193
12,7.0,cossu,-0.01,-0.01,-0.01,na
12,7.0,squish,0.4058720781163199,0.26567307692307696,0.859375,na
12,7.0,sqs,0.3819444444444445,0.24553571428571427,0.859375,na
12,7.0,poerma,0.007604049850828379,0.0038194509024532166,0.8333333333333333,na
12,7.0,tns,0.47901898482069555,0.450547138047138,0.5113320707070705,na
12,7.0,sqsrules_splitall,0.40349387838924233,0.26040541216486596,0.8956250000000001,na
12,7.0,sqsrules_splitgreedy,0.8956250000000001,0.8956250000000001,0.8956250000000001,na
12,7.0,sqsrules_greedywoalph,0.5395518219236006,0.7157843137254902,0.4329545454545454,na
12,7.0,sqsrules_filter,-0.01,-0.01,-0.01,na
12,7.0,sqsrules_greedyalph,-0.01,-0.01,-0.01,na
17,11.0,secret,0.9064147688060733,0.8652140974967062,0.9517355072463769,183.9171801050504
17,11.0,cossu,-0.01,-0.01,-0.01,na
17,11.0,squish,0.45849728407368745,0.31305797101449273,0.8563260869565216,na
17,11.0,sqs,0.33576051779935273,0.20833333333333331,0.8645833333333333,na
17,11.0,poerma,0.0007539591550343854,0.0003771512065432932,0.8284047619047618,na
17,11.0,tns,0.4462600299197607,0.41446886446886466,0.4833333333333333,na
17,11.0,sqsrules_splitall,0.3692443534694332,0.22950410337000174,0.9440670289855071,na
17,11.0,sqsrules_splitgreedy,0.8391706924315621,0.7552536231884058,0.9440670289855071,na
17,11.0,sqsrules_greedywoalph,0.17513762586542,0.7258212560386473,0.09958333333333333,na
17,11.0,sqsrules_filter,-0.01,-0.01,-0.01,na
17,11.0,sqsrules_greedyalph,-0.01,-0.01,-0.01,na
13,7.0,secret,0.8896481841897758,0.8326677159157976,0.9549999999999998,80.25322853724161
13,7.0,cossu,-0.01,-0.01,-0.01,na
13,7.0,squish,-0.01,-0.01,-0.01,na
13,7.0,sqs,0.3819444444444445,0.24553571428571427,0.859375,na
13,7.0,poerma,0.00807277383316829,0.004056032978722404,0.8333333333333333,na
13,7.0,tns,0.4796149555423375,0.4496753246753247,0.5138257575757575,na
13,7.0,sqsrules_splitall,0.39,0.2507142857142857,0.8775000000000001,na
13,7.0,sqsrules_splitgreedy,0.8865625000000001,0.8865625000000001,0.8865624999999999,na
13,7.0,sqsrules_greedywoalph,0.5399258607068205,0.7171023965141612,0.4329545454545454,na
13,7.0,sqsrules_filter,-0.01,-0.01,-0.01,na
13,7.0,sqsrules_greedyalph,-0.01,-0.01,-0.01,na
3,1.0,secret,0.8335329341317368,0.8700000000000004,0.8,15.638492111365
3,1.0,cossu,0.7186445259702645,0.741111111111111,0.6974999999999999,na
3,1.0,squish,0.7323943661971833,0.666666666666667,0.8125,na
3,1.0,sqs,0.6902654867256639,0.6000000000000002,0.8125,na
3,1.0,poerma,0.801070192005036,0.7712121212121211,0.8333333333333333,na
3,1.0,tns,0.7777057768026462,0.7746031746031744,0.7808333333333332,na
3,1.0,sqsrules_splitall,0.6902654867256639,0.6000000000000002,0.8125,na
3,1.0,sqsrules_splitgreedy,0.8540145985401462,0.9000000000000004,0.8125,na
3,1.0,sqsrules_greedywoalph,0.8540145985401462,0.9000000000000004,0.8125,na
3,1.0,sqsrules_filter,-0.01,-0.01,-0.01,na
3,1.0,sqsrules_greedyalph,-0.01,-0.01,-0.01,na
15,9.0,secret,0.8893454566649183,0.8313446660128585,0.9560463659147871,122.66267312367758
15,9.0,cossu,-0.01,-0.01,-0.01,na
15,9.0,squish,0.42109481607537064,0.27925964103807904,0.855704887218045,na
15,9.0,sqs,0.35567010309278346,0.22402597402597402,0.8625,na
15,9.0,poerma,0.002224720432623536,0.0011138470152399404,0.8333333333333333,na
15,9.0,tns,0.4595705368312723,0.4299383156526014,0.4935897435897436,na
15,9.0,sqsrules_splitall,0.3896303635419513,0.2467939328841585,0.9249780701754385,na
15,9.0,sqsrules_splitgreedy,0.8604447164422686,0.8043287566742948,0.9249780701754385,na
15,9.0,sqsrules_greedywoalph,0.3802847542113499,0.7215807375581811,0.2581730769230769,na
15,9.0,sqsrules_filter,-0.01,-0.01,-0.01,na
15,9.0,sqsrules_greedyalph,-0.01,-0.01,-0.01,na
16,7.0,secret,0.8263377926421404,0.730991124260355,0.9502884615384616,68.1076294263204
16,7.0,cossu,-0.01,-0.01,-0.01,na
16,7.0,squish,0.49965298868230784,0.35362144857943173,0.8511397058823528,na
16,7.0,sqs,0.390625,0.25275735294117646,0.859375,na
16,7.0,poerma,0.007356095580628351,0.0036943534003471192,0.8333333333333333,na
16,7.0,tns,0.4836692492555353,0.4593554593554593,0.5107007575757575,na
16,7.0,sqsrules_splitall,0.39886363636363636,0.2580882352941177,0.8775000000000001,na
16,7.0,sqsrules_splitgreedy,0.8403841769265846,0.7855765132139814,0.9034129901960783,na
16,7.0,sqsrules_greedywoalph,0.4473352845085761,0.71875,0.3247159090909091,na
16,7.0,sqsrules_filter,-0.01,-0.01,-0.01,na
16,7.0,sqsrules_greedyalph,-0.01,-0.01,-0.01,na
5,3.0,secret,0.9175377468060393,0.8956916099773241,0.9404761904761905,33.96175238291423
5,3.0,cossu,-0.01,-0.01,-0.01,na
5,3.0,squish,0.6026785714285714,0.46875,0.84375,na
5,3.0,sqs,0.5443548387096774,0.4017857142857143,0.84375,na
5,3.0,poerma,0.10057217011738336,0.05351537978656623,0.8333333333333333,na
5,3.0,tns,0.5639550032150806,0.5447845804988665,0.5845238095238094,na
5,3.0,sqsrules_splitall,0.5443548387096774,0.4017857142857143,0.84375,na
5,3.0,sqsrules_splitgreedy,0.8201058201058201,0.7828282828282828,0.861111111111111,na
5,3.0,sqsrules_greedywoalph,0.6572033898305084,0.6875,0.6294642857142856,na
5,3.0,sqsrules_filter,-0.01,-0.01,-0.01,na
5,3.0,sqsrules_greedyalph,-0.01,-0.01,-0.01,na
2,11.0,secret,0.7109404049463947,0.5650046008741659,0.9585170807453416,198.01736187537512
2,11.0,cossu,-0.01,-0.01,-0.01,na
2,11.0,squish,0.34281197615063874,0.21398013955984965,0.861496376811594,na
2,11.0,sqs,0.3390522875816993,0.21087398373983737,0.8645833333333333,na
2,11.0,poerma,0.0005829871732383694,0.0002915955845105102,0.8333333333333333,na
2,11.0,tns,0.4437799982919122,0.41021062271062286,0.4833333333333333,na
2,11.0,sqsrules_splitall,0.3711747727452734,0.23208024036762115,0.9264039855072463,na
2,11.0,sqsrules_splitgreedy,0.8417704216073782,0.7716228864734301,0.925947463768116,na
2,11.0,sqsrules_greedywoalph,0.17523462376403554,0.7291666666666666,0.09958333333333333,na
2,11.0,sqsrules_filter,-0.01,-0.01,-0.01,na
2,11.0,sqsrules_greedyalph,-0.01,-0.01,-0.01,na
4,7.0,secret,0.8774465910937683,0.8239800267933259,0.9383333333333332,81.30386794408163
4,7.0,cossu,-0.01,-0.01,-0.01,na
4,7.0,squish,-0.01,-0.01,-0.01,na
4,7.0,sqs,0.3997093023255814,0.2604166666666667,0.859375,na
4,7.0,poerma,0.008086154815410664,0.0040627888112915855,0.8333333333333333,na
4,7.0,tns,0.49177522136792934,0.46927609427609424,0.516540404040404,na
4,7.0,sqsrules_splitall,0.4165697674418605,0.27140151515151517,0.8956250000000001,na
4,7.0,sqsrules_splitgreedy,0.8956250000000001,0.8956250000000001,0.8956250000000001,na
4,7.0,sqsrules_greedywoalph,0.446924172340037,0.7166316526610644,0.3247159090909091,na
4,7.0,sqsrules_filter,-0.01,-0.01,-0.01,na
4,7.0,sqsrules_greedyalph,-0.01,-0.01,-0.01,na
18,7.0,secret,0.8457644108702609,0.7810158999497236,0.9222190799396681,95.25699885686238
18,7.0,cossu,-0.01,-0.01,-0.01,na
18,7.0,squish,-0.01,-0.01,-0.01,na
18,7.0,sqs,0.4044117647058824,0.2644230769230769,0.859375,na
18,7.0,poerma,0.009141940933759907,0.0045972914800890005,0.7983766968325791,na
18,7.0,tns,0.4183527778362702,0.42794011544011534,0.40918560606060617,na
18,7.0,sqsrules_splitall,0.42543540945790087,0.2781693061840121,0.9040502450980392,na
18,7.0,sqsrules_splitgreedy,0.8201304282220243,0.7739023870417733,0.8722320632798575,na
18,7.0,sqsrules_greedywoalph,0.10065934570850948,0.71875,0.054119318181818185,na
18,7.0,sqsrules_filter,-0.01,-0.01,-0.01,na
18,7.0,sqsrules_greedyalph,-0.01,-0.01,-0.01,na
1,5.0,secret,0.9469696969696971,0.9469696969696972,0.946969696969697,47.113539020220436
1,5.0,cossu,-0.01,-0.01,-0.01,na
1,5.0,squish,-0.01,-0.01,-0.01,na
1,5.0,sqs,0.46171171171171177,0.31635802469135804,0.8541666666666667,na
1,5.0,poerma,0.051836698735675396,0.027054119904407807,0.6173765817515819,na
1,5.0,tns,0.4995639971568216,0.4708994708994708,0.5319444444444443,na
1,5.0,sqsrules_splitall,0.46672809172809177,0.3197951739618407,0.8634469696969698,na
1,5.0,sqsrules_splitgreedy,0.8514412416851442,0.8311688311688312,0.8727272727272728,na
1,5.0,sqsrules_greedywoalph,0.5585906571654791,0.7083333333333333,0.4611111111111111,na
1,5.0,sqsrules_filter,-0.01,-0.01,-0.01,na
1,5.0,sqsrules_greedyalph,-0.01,-0.01,-0.01,na
7,1.0,secret,0.8165749235474009,0.8450000000000003,0.79,15.987973920504253
7,1.0,cossu,0.6658046938482864,0.726923076923077,0.6141666666666665,na
7,1.0,squish,0.7042169677795356,0.6273809523809526,0.8025,na
7,1.0,sqs,0.6902654867256639,0.6000000000000002,0.8125,na
7,1.0,poerma,0.7887249736564803,0.8316666666666664,0.7499999999999999,na
7,1.0,tns,0.7333189410907519,0.7730158730158727,0.6974999999999999,na
7,1.0,sqsrules_splitall,0.6902654867256639,0.6000000000000002,0.8125,na
7,1.0,sqsrules_splitgreedy,0.8387059990084286,0.8783333333333336,0.8025,na
7,1.0,sqsrules_greedywoalph,0.806896551724138,0.9000000000000004,0.73125,na
7,1.0,sqsrules_filter,-0.01,-0.01,-0.01,na
7,1.0,sqsrules_greedyalph,-0.01,-0.01,-0.01,na
0,11.0,secret,0.8431365495695693,0.7632136645962734,0.9417562111801244,167.66002495288848
0,11.0,cossu,-0.01,-0.01,-0.01,na
0,11.0,squish,0.3745610452811224,0.2395808172302737,0.8579076086956523,na
0,11.0,sqs,0.3336314071398805,0.20669642857142853,0.8645833333333333,na
0,11.0,poerma,0.0008187699370010038,0.00040958734540515066,0.8285476190476189,na
0,11.0,tns,0.4462600299197607,0.41446886446886466,0.4833333333333333,na
0,11.0,sqsrules_splitall,0.3648915065607092,0.22666321601104214,0.9352355072463767,na
0,11.0,sqsrules_splitgreedy,0.9038087663485332,0.8822895100069016,0.9264039855072463,na
0,11.0,sqsrules_greedywoalph,0.17523462376403554,0.7291666666666666,0.09958333333333333,na
0,11.0,sqsrules_filter,-0.01,-0.01,-0.01,na
0,11.0,sqsrules_greedyalph,-0.01,-0.01,-0.01,na
19,5.0,secret,0.9514860139860142,0.9514860139860142,0.9514860139860142,49.37676867246628
19,5.0,cossu,-0.01,-0.01,-0.01,na
19,5.0,squish,0.41831842366836236,0.27698412698412705,0.8541666666666667,na
19,5.0,sqs,0.44956140350877194,0.30505952380952384,0.8541666666666667,na
19,5.0,poerma,0.030304856813737305,0.015433046159303142,0.8333333333333333,na
19,5.0,tns,0.5108599777796243,0.49138321995464845,0.5319444444444443,na
19,5.0,sqsrules_splitall,0.44956140350877194,0.30505952380952384,0.8541666666666667,na
19,5.0,sqsrules_splitgreedy,0.8003946810764992,0.7336951243201243,0.8804341491841493,na
19,5.0,sqsrules_greedywoalph,0.4647562582345191,0.7083333333333334,0.3458333333333333,na
19,5.0,sqsrules_filter,-0.01,-0.01,-0.01,na
19,5.0,sqsrules_greedyalph,-0.01,-0.01,-0.01,na
4,1.0,secret,0.8335329341317368,0.8700000000000004,0.8,15.899651877085368
4,1.0,cossu,0.7710389351838682,0.7763157894736838,0.7658333333333333,na
4,1.0,squish,-0.01,-0.01,-0.01,na
4,1.0,sqs,0.6902654867256639,0.6000000000000002,0.8125,na
4,1.0,poerma,0.801070192005036,0.7712121212121211,0.8333333333333333,na
4,1.0,tns,0.692765701520749,0.6880952380952378,0.6974999999999999,na
4,1.0,sqsrules_splitall,0.6902654867256639,0.6000000000000002,0.8125,na
4,1.0,sqsrules_splitgreedy,0.8540145985401462,0.9000000000000004,0.8125,na
4,1.0,sqsrules_greedywoalph,0.8540145985401462,0.9000000000000004,0.8125,na
4,1.0,sqsrules_filter,-0.01,-0.01,-0.01,na
4,1.0,sqsrules_greedyalph,-0.01,-0.01,-0.01,na
8,11.0,secret,0.785598667834086,0.6649666238309414,0.9596981584395772,177.69312051137288
8,11.0,cossu,-0.01,-0.01,-0.01,na
8,11.0,squish,0.3882946695767635,0.25102394454946436,0.8568659420289855,na
8,11.0,sqs,0.3143939393939394,0.1921296296296296,0.8645833333333333,na
8,11.0,poerma,0.0006899593823713332,0.0003451231128435962,0.830142857142857,na
8,11.0,tns,0.4501934584064427,0.4213064713064715,0.4833333333333333,na
8,11.0,sqsrules_splitall,0.34441892861952556,0.21145088566827705,0.9279440572775813,na
8,11.0,sqsrules_splitgreedy,0.8617711493090665,0.8055686830497797,0.9264039855072463,na
8,11.0,sqsrules_greedywoalph,0.3124762262192173,0.7248654244306418,0.19916666666666666,na
8,11.0,sqsrules_filter,-0.01,-0.01,-0.01,na
8,11.0,sqsrules_greedyalph,-0.01,-0.01,-0.01,na
14,9.0,secret,0.8008269287636586,0.6874715675743983,0.9589447884416925,163.79093846082688
14,9.0,cossu,-0.01,-0.01,-0.01,na
14,9.0,squish,-0.01,-0.01,-0.01,na
14,9.0,sqs,0.3427741935483871,0.21388888888888888,0.8625,na
14,9.0,poerma,0.002418818041671028,0.001211166776065165,0.8333333333333333,na
14,9.0,tns,0.4639355114427613,0.4376425162139449,0.4935897435897436,na
14,9.0,sqsrules_splitall,0.37428218843464667,0.23460657817382968,0.9249780701754388,na
14,9.0,sqsrules_splitgreedy,0.924978070175439,0.9249780701754391,0.9249780701754388,na
14,9.0,sqsrules_greedywoalph,0.3212545764839531,0.7226065162907268,0.20653846153846156,na
14,9.0,sqsrules_filter,-0.01,-0.01,-0.01,na
14,9.0,sqsrules_greedyalph,-0.01,-0.01,-0.01,na
11,3.0,secret,0.9404761904761904,0.9404761904761904,0.9404761904761905,33.931723511219026
11,3.0,cossu,-0.01,-0.01,-0.01,na
11,3.0,squish,0.5625,0.421875,0.84375,na
11,3.0,sqs,0.5443548387096774,0.4017857142857143,0.84375,na
11,3.0,poerma,0.14643992098256464,0.08027306967984935,0.8333333333333333,na
11,3.0,tns,0.5641462643777087,0.5489229024943313,0.5802380952380952,na
11,3.0,sqsrules_splitall,0.5443548387096774,0.4017857142857143,0.84375,na
11,3.0,sqsrules_splitgreedy,0.8316395663956639,0.8118386243386243,0.8524305555555556,na
11,3.0,sqsrules_greedywoalph,0.6572033898305084,0.6875,0.6294642857142856,na
11,3.0,sqsrules_filter,-0.01,-0.01,-0.01,na
11,3.0,sqsrules_greedyalph,-0.01,-0.01,-0.01,na
17,7.0,secret,0.9249880439980869,0.9029645191409896,0.9481127450980391,86.45557463169098
17,7.0,cossu,-0.01,-0.01,-0.01,na
17,7.0,squish,0.3207347405216456,0.19715909090909092,0.859375,na
17,7.0,sqs,0.3791390563250968,0.24322183098591552,0.859375,na
17,7.0,poerma,0.008310991588545466,0.004176444309047145,0.828469079939668,na
17,7.0,tns,0.4836692492555353,0.4593554593554593,0.5107007575757575,na
17,7.0,sqsrules_splitall,0.40328977992221954,0.2587441314553991,0.91375,na
17,7.0,sqsrules_splitgreedy,0.91375,0.9137500000000001,0.91375,na
17,7.0,sqsrules_greedywoalph,0.4953704668634024,0.7154547930283225,0.3788352272727272,na
17,7.0,sqsrules_filter,-0.01,-0.01,-0.01,na
17,7.0,sqsrules_greedyalph,-0.01,-0.01,-0.01,na
5,11.0,secret,0.8045588493327958,0.7036634460547504,0.9392313664596272,177.26346018711726
5,11.0,cossu,-0.01,-0.01,-0.01,na
5,11.0,squish,-0.01,-0.01,-0.01,na
5,11.0,sqs,0.323208722741433,0.19875478927203064,0.8645833333333333,na
5,11.0,poerma,0.0005931949105209872,0.00029670346290882607,0.830142857142857,na
5,11.0,tns,0.4477846948714692,0.41556776556776576,0.4854166666666666,na
5,11.0,sqsrules_splitall,0.3554636768966678,0.218952190571381,0.9440670289855071,na
5,11.0,sqsrules_splitgreedy,0.8782018874283787,0.8209278512917454,0.9440670289855071,na
5,11.0,sqsrules_greedywoalph,0.42341983569630315,0.7266576086956522,0.29874999999999996,na
5,11.0,sqsrules_filter,-0.01,-0.01,-0.01,na
5,11.0,sqsrules_greedyalph,-0.01,-0.01,-0.01,na
7,5.0,secret,0.9469696969696971,0.9469696969696972,0.946969696969697,52.2495334704717
7,5.0,cossu,-0.01,-0.01,-0.01,na
7,5.0,squish,0.4085250956432366,0.26846153846153853,0.8541666666666667,na
7,5.0,sqs,0.4252107233667689,0.28306010928961756,0.8541666666666667,na
7,5.0,poerma,0.031852289845278825,0.016236445707478453,0.8333333333333333,na
7,5.0,tns,0.5163400664474772,0.5016250944822372,0.5319444444444443,na
7,5.0,sqsrules_splitall,0.4297936856403232,0.2861028315946349,0.8634469696969698,na
7,5.0,sqsrules_splitgreedy,0.8423872875092389,0.8223304473304476,0.8634469696969698,na
7,5.0,sqsrules_greedywoalph,0.4647562582345191,0.7083333333333334,0.3458333333333333,na
7,5.0,sqsrules_filter,-0.01,-0.01,-0.01,na
7,5.0,sqsrules_greedyalph,-0.01,-0.01,-0.01,na
6,7.0,secret,0.8428579017402344,0.7624901960784314,0.9421634615384615,84.25032476981481
6,7.0,cossu,-0.01,-0.01,-0.01,na
6,7.0,squish,-0.01,-0.01,-0.01,na
6,7.0,sqs,0.39511494252873564,0.25652985074626866,0.859375,na
6,7.0,poerma,0.009351367468083377,0.0047020661832851765,0.8333333333333333,na
6,7.0,tns,0.4677983126919704,0.4338023088023088,0.5075757575757576,na
6,7.0,sqsrules_splitall,0.40761494252873565,0.2646455223880597,0.8865624999999999,na
6,7.0,sqsrules_splitgreedy,0.805965909090909,0.7388020833333334,0.8865624999999999,na
6,7.0,sqsrules_greedywoalph,0.26488191197807515,0.71875,0.16235795454545457,na
6,7.0,sqsrules_filter,-0.01,-0.01,-0.01,na
6,7.0,sqsrules_greedyalph,-0.01,-0.01,-0.01,na
3,11.0,secret,0.7952345764774256,0.6816296369806504,0.9542814917729106,164.38712822993597
3,11.0,cossu,-0.01,-0.01,-0.01,na
3,11.0,squish,0.40042738216406293,0.26120882740447954,0.8574057971014492,na
3,11.0,sqs,0.3262578616352201,0.20106589147286819,0.8645833333333333,na
3,11.0,poerma,0.0008122860808674677,0.00040634145957166876,0.831738095238095,na
3,11.0,tns,0.4517242345530609,0.42240537240537257,0.4854166666666667,na
3,11.0,sqsrules_splitall,0.3580299479494335,0.22139197842938999,0.9352355072463769,na
3,11.0,sqsrules_splitgreedy,0.8578277338603426,0.7863420893719808,0.9436105072463767,na
3,11.0,sqsrules_greedywoalph,0.42341983569630315,0.7266576086956522,0.29874999999999996,na
3,11.0,sqsrules_filter,-0.01,-0.01,-0.01,na
3,11.0,sqsrules_greedyalph,-0.01,-0.01,-0.01,na
1,9.0,secret,0.8948667880145366,0.8579632133693923,0.9350877192982457,102.51216945250829
1,9.0,cossu,-0.01,-0.01,-0.01,na
1,9.0,squish,0.2875,0.1725,0.8625,na
1,9.0,sqs,0.35204081632653067,0.22115384615384615,0.8625,na
1,9.0,poerma,0.002843184274361823,0.0014240390033564445,0.8273450630252099,na
1,9.0,tns,0.455132123120041,0.42223411509125797,0.4935897435897436,na
1,9.0,sqsrules_splitall,0.38661826126081783,0.24376646745067804,0.93390350877193,na
1,9.0,sqsrules_splitgreedy,0.9339035087719302,0.9339035087719303,0.93390350877193,na
1,9.0,sqsrules_greedywoalph,0.380482318343902,0.7230054302422723,0.2581730769230769,na
1,9.0,sqsrules_filter,-0.01,-0.01,-0.01,na
1,9.0,sqsrules_greedyalph,-0.01,-0.01,-0.01,na
0,5.0,secret,0.9061771561771563,0.8649872854418311,0.9514860139860142,60.87792970339457
0,5.0,cossu,-0.01,-0.01,-0.01,na
0,5.0,squish,0.43221891574557686,0.28930555555555565,0.8541666666666667,na
0,5.0,sqs,0.42708333333333337,0.28472222222222227,0.8541666666666667,na
0,5.0,poerma,0.026341832576551403,0.013382426877236566,0.8333333333333333,na
0,5.0,tns,0.515417484352875,0.4939720332577475,0.5388095238095236,na
0,5.0,sqsrules_splitall,0.4363636363636364,0.29090909090909095,0.8727272727272728,na
0,5.0,sqsrules_splitgreedy,0.8727272727272727,0.8727272727272728,0.8727272727272728,na
0,5.0,sqsrules_greedywoalph,0.5988964346349746,0.7083333333333333,0.51875,na
0,5.0,sqsrules_filter,-0.01,-0.01,-0.01,na
0,5.0,sqsrules_greedyalph,-0.01,-0.01,-0.01,na
11,1.0,secret,0.8437915742793793,0.8850000000000003,0.80625,16.386216521263123
11,1.0,cossu,0.7274756725815682,0.7458333333333331,0.7099999999999997,na
11,1.0,squish,-0.01,-0.01,-0.01,na
11,1.0,sqs,0.6902654867256639,0.6000000000000002,0.8125,na
11,1.0,poerma,0.8167395175651609,0.8007936507936506,0.8333333333333333,na
11,1.0,tns,0.7526500773232109,0.7587301587301584,0.7466666666666666,na
11,1.0,sqsrules_splitall,0.6902654867256639,0.6000000000000002,0.8125,na
11,1.0,sqsrules_splitgreedy,0.8540145985401462,0.9000000000000004,0.8125,na
11,1.0,sqsrules_greedywoalph,0.8540145985401462,0.9000000000000004,0.8125,na
11,1.0,sqsrules_filter,-0.01,-0.01,-0.01,na
11,1.0,sqsrules_greedyalph,-0.01,-0.01,-0.01,na
2,1.0,secret,0.8335329341317368,0.8700000000000004,0.8,17.40638572772344
2,1.0,cossu,0.7442343575071525,0.7537037037037034,0.7349999999999999,na
2,1.0,squish,0.717791411042945,0.6428571428571431,0.8125,na
2,1.0,sqs,0.6902654867256639,0.6000000000000002,0.8125,na
2,1.0,poerma,0.7862501913948858,0.7442028985507245,0.8333333333333333,na
2,1.0,tns,0.7446037286720489,0.7484126984126981,0.7408333333333332,na
2,1.0,sqsrules_splitall,0.6902654867256639,0.6000000000000002,0.8125,na
2,1.0,sqsrules_splitgreedy,0.8540145985401462,0.9000000000000004,0.8125,na
2,1.0,sqsrules_greedywoalph,0.8540145985401462,0.9000000000000004,0.8125,na
2,1.0,sqsrules_filter,-0.01,-0.01,-0.01,na
2,1.0,sqsrules_greedyalph,-0.01,-0.01,-0.01,na
16,11.0,secret,0.8226942055323159,0.7175550804536309,0.9639337474120083,153.84008585214616
16,11.0,cossu,-0.01,-0.01,-0.01,na
16,11.0,squish,0.4976789331353921,0.35095090209997043,0.8552463768115942,na
16,11.0,sqs,0.32734133654370334,0.20188953488372088,0.8645833333333333,na
16,11.0,poerma,0.0007847964469239913,0.0003925841504016615,0.8285476190476189,na
16,11.0,tns,0.4412762159750112,0.40595238095238106,0.4833333333333333,na
16,11.0,sqsrules_splitall,0.3588115041845426,0.22149814627569936,0.9440670289855074,na
16,11.0,sqsrules_splitgreedy,0.8502140974967063,0.7793629227053142,0.9352355072463769,na
16,11.0,sqsrules_greedywoalph,0.31256494622813547,0.7258212560386473,0.19916666666666666,na
16,11.0,sqsrules_filter,-0.01,-0.01,-0.01,na
16,11.0,sqsrules_greedyalph,-0.01,-0.01,-0.01,na
0,1.0,secret,0.8335329341317368,0.8700000000000004,0.8,17.71545999844869
0,1.0,cossu,0.7377369361742155,0.7572916666666665,0.7191666666666665,na
0,1.0,squish,0.717791411042945,0.6428571428571431,0.8125,na
0,1.0,sqs,0.6902654867256639,0.6000000000000002,0.8125,na
0,1.0,poerma,0.8022627896808043,0.814912280701754,0.7899999999999999,na
0,1.0,tns,0.7535545023696678,0.7571428571428568,0.7499999999999998,na
0,1.0,sqsrules_splitall,0.6902654867256639,0.6000000000000002,0.8125,na
0,1.0,sqsrules_splitgreedy,0.8540145985401462,0.9000000000000004,0.8125,na
0,1.0,sqsrules_greedywoalph,0.8540145985401462,0.9000000000000004,0.8125,na
0,1.0,sqsrules_filter,-0.01,-0.01,-0.01,na
0,1.0,sqsrules_greedyalph,-0.01,-0.01,-0.01,na
9,3.0,secret,0.9404761904761904,0.9404761904761904,0.9404761904761905,34.82142221927643
9,3.0,cossu,-0.01,-0.01,-0.01,na
9,3.0,squish,-0.01,-0.01,-0.01,na
9,3.0,sqs,0.5443548387096774,0.4017857142857143,0.84375,na
9,3.0,poerma,0.1178348360855912,0.06343060231949121,0.8280555555555555,na
9,3.0,tns,0.5496235568453072,0.5289115646258506,0.5720238095238095,na
9,3.0,sqsrules_splitall,0.5443548387096774,0.4017857142857143,0.84375,na
9,3.0,sqsrules_splitgreedy,0.8035714285714286,0.7670454545454546,0.84375,na
9,3.0,sqsrules_greedywoalph,0.6211730153079387,0.6875,0.5665178571428571,na
9,3.0,sqsrules_filter,-0.01,-0.01,-0.01,na
9,3.0,sqsrules_greedyalph,-0.01,-0.01,-0.01,na
10,9.0,secret,0.865439878104352,0.7933198882623227,0.951983865914787,126.71809134085973
10,9.0,cossu,-0.01,-0.01,-0.01,na
10,9.0,squish,0.33637500000000004,0.2089285714285715,0.8625,na
10,9.0,sqs,0.35567010309278346,0.22402597402597402,0.8625,na
10,9.0,poerma,0.0020154443043731043,0.0010089422323118847,0.8333333333333333,na
10,9.0,tns,0.4595705368312723,0.4299383156526014,0.4935897435897436,na
10,9.0,sqsrules_splitall,0.3849793259166068,0.24433730429971037,0.907127192982456,na
10,9.0,sqsrules_splitgreedy,0.8850021394950792,0.8639306599832919,0.907127192982456,na
10,9.0,sqsrules_greedywoalph,0.380482318343902,0.7230054302422723,0.2581730769230769,na
10,9.0,sqsrules_filter,-0.01,-0.01,-0.01,na
10,9.0,sqsrules_greedyalph,-0.01,-0.01,-0.01,na
11,5.0,secret,0.9290465631929048,0.9069264069264071,0.9522727272727274,53.31109873056412
11,5.0,cossu,-0.01,-0.01,-0.01,na
11,5.0,squish,0.42003876428938736,0.27849462365591404,0.8541666666666667,na
11,5.0,sqs,0.44372294372294374,0.2997076023391813,0.8541666666666667,na
11,5.0,poerma,0.0272321321104451,0.01384223825168707,0.8333333333333333,na
11,5.0,tns,0.5115155946317356,0.48907785336356757,0.536111111111111,na
11,5.0,sqsrules_splitall,0.4485438803620623,0.30296384901648066,0.8634469696969698,na
11,5.0,sqsrules_splitgreedy,0.8392579642579643,0.8011098749735113,0.8812208624708626,na
11,5.0,sqsrules_greedywoalph,0.347879684418146,0.7083333333333334,0.23055555555555554,na
11,5.0,sqsrules_filter,-0.01,-0.01,-0.01,na
11,5.0,sqsrules_greedyalph,-0.01,-0.01,-0.01,na
3,3.0,secret,0.9404761904761904,0.9404761904761904,0.9404761904761905,34.19978092908859
3,3.0,cossu,-0.01,-0.01,-0.01,na
3,3.0,squish,0.6136363636363635,0.48214285714285715,0.84375,na
3,3.0,sqs,0.5357142857142857,0.39244186046511625,0.84375,na
3,3.0,poerma,0.11816424518301429,0.06359060402684565,0.8333333333333333,na
3,3.0,tns,0.5704557249347975,0.560997732426304,0.5802380952380952,na
3,3.0,sqsrules_splitall,0.5357142857142857,0.39244186046511625,0.84375,na
3,3.0,sqsrules_splitgreedy,0.84375,0.84375,0.84375,na
3,3.0,sqsrules_greedywoalph,0.6572033898305084,0.6875,0.6294642857142856,na
3,3.0,sqsrules_filter,-0.01,-0.01,-0.01,na
3,3.0,sqsrules_greedyalph,-0.01,-0.01,-0.01,na
2,5.0,secret,0.9522727272727275,0.9522727272727275,0.9522727272727274,56.81196435292562
2,5.0,cossu,-0.01,-0.01,-0.01,na
2,5.0,squish,0.41831842366836236,0.27698412698412705,0.8541666666666667,na
2,5.0,sqs,0.4342202626873035,0.2911016949152543,0.8541666666666667,na
2,5.0,poerma,0.02297712443191916,0.011649160745546288,0.8333333333333333,na
2,5.0,tns,0.49578129982500757,0.5014928193499621,0.4901984126984125,na
2,5.0,sqsrules_splitall,0.43891917553440657,0.2942475603492553,0.8634469696969698,na
2,5.0,sqsrules_splitgreedy,0.790857290857291,0.7117715617715618,0.8897144522144524,na
2,5.0,sqsrules_greedywoalph,0.34740683799749306,0.7044289044289045,0.23055555555555554,na
2,5.0,sqsrules_filter,-0.01,-0.01,-0.01,na
2,5.0,sqsrules_greedyalph,-0.01,-0.01,-0.01,na
6,1.0,secret,0.8335329341317368,0.8700000000000004,0.8,15.597717376550039
6,1.0,cossu,0.7459414482471697,0.7607843137254899,0.7316666666666665,na
6,1.0,squish,0.717791411042945,0.6428571428571431,0.8125,na
6,1.0,sqs,0.6902654867256639,0.6000000000000002,0.8125,na
6,1.0,poerma,0.7862501913948858,0.7442028985507245,0.8333333333333333,na
6,1.0,tns,0.7103265929318883,0.7174603174603172,0.7033333333333333,na
6,1.0,sqsrules_splitall,0.6902654867256639,0.6000000000000002,0.8125,na
6,1.0,sqsrules_splitgreedy,0.8540145985401462,0.9000000000000004,0.8125,na
6,1.0,sqsrules_greedywoalph,0.8540145985401462,0.9000000000000004,0.8125,na
6,1.0,sqsrules_filter,-0.01,-0.01,-0.01,na
6,1.0,sqsrules_greedyalph,-0.01,-0.01,-0.01,na
18,1.0,secret,0.8335329341317368,0.8700000000000004,0.8,16.540410141150158
18,1.0,cossu,0.755888676411802,0.7715686274509801,0.7408333333333332,na
18,1.0,squish,-0.01,-0.01,-0.01,na
18,1.0,sqs,0.6902654867256639,0.6000000000000002,0.8125,na
18,1.0,poerma,0.7862501913948858,0.7442028985507245,0.8333333333333333,na
18,1.0,tns,0.7678965772656019,0.7674603174603172,0.7683333333333332,na
18,1.0,sqsrules_splitall,0.6902654867256639,0.6000000000000002,0.8125,na
18,1.0,sqsrules_splitgreedy,0.8540145985401462,0.9000000000000004,0.8125,na
18,1.0,sqsrules_greedywoalph,0.8540145985401462,0.9000000000000004,0.8125,na
18,1.0,sqsrules_filter,-0.01,-0.01,-0.01,na
18,1.0,sqsrules_greedyalph,-0.01,-0.01,-0.01,na
5,1.0,secret,0.7954285714285718,0.7909090909090913,0.8,15.500530020395916
5,1.0,cossu,0.7635628839314578,0.7740740740740738,0.7533333333333332,na
5,1.0,squish,0.717791411042945,0.6428571428571431,0.8125,na
5,1.0,sqs,0.6902654867256639,0.6000000000000002,0.8125,na
5,1.0,poerma,0.5063584888146292,0.3636666666666667,0.8333333333333333,na
5,1.0,tns,0.753554502369668,0.7571428571428568,0.7499999999999999,na
5,1.0,sqsrules_splitall,0.6902654867256639,0.6000000000000002,0.8125,na
5,1.0,sqsrules_splitgreedy,0.8540145985401462,0.9000000000000004,0.8125,na
5,1.0,sqsrules_greedywoalph,0.8540145985401462,0.9000000000000004,0.8125,na
5,1.0,sqsrules_filter,-0.01,-0.01,-0.01,na
5,1.0,sqsrules_greedyalph,-0.01,-0.01,-0.01,na
9,7.0,secret,0.8412138740543229,0.7761351495726495,0.9182051282051281,87.20209535757701
9,7.0,cossu,-0.01,-0.01,-0.01,na
9,7.0,squish,-0.01,-0.01,-0.01,na
9,7.0,sqs,0.38623595505617975,0.24909420289855072,0.859375,na
9,7.0,poerma,0.008140323611325384,0.004090316168706131,0.8260369532428354,na
9,7.0,tns,0.46967961069545944,0.437049062049062,0.5075757575757576,na
9,7.0,sqsrules_splitall,0.4054575966261526,0.2620435493037795,0.8956250000000001,na
9,7.0,sqsrules_splitgreedy,0.8616071428571429,0.8224431818181818,0.9046875,na
9,7.0,sqsrules_greedywoalph,0.33241965205461776,0.7157843137254902,0.21647727272727274,na
9,7.0,sqsrules_filter,-0.01,-0.01,-0.01,na
9,7.0,sqsrules_greedyalph,-0.01,-0.01,-0.01,na
1,7.0,secret,0.9109890109890109,0.8695804195804194,0.9565384615384614,75.89536149104437
1,7.0,cossu,-0.01,-0.01,-0.01,na
1,7.0,squish,0.3442066384231502,0.21520061728395065,0.859375,na
1,7.0,sqs,0.38334729173393606,0.2466964285714286,0.859375,na
1,7.0,poerma,0.009323815925375071,0.004688367721816395,0.8260369532428354,na
1,7.0,tns,0.47743182840618564,0.4482323232323232,0.5107007575757575,na
1,7.0,sqsrules_splitall,0.39543067021401457,0.2544642857142857,0.8865624999999999,na
1,7.0,sqsrules_splitgreedy,0.8523692810457515,0.8136252228163993,0.8949877450980391,na
1,7.0,sqsrules_greedywoalph,0.26488191197807515,0.71875,0.16235795454545457,na
1,7.0,sqsrules_filter,-0.01,-0.01,-0.01,na
1,7.0,sqsrules_greedyalph,-0.01,-0.01,-0.01,na
14,3.0,secret,0.9404761904761904,0.9404761904761904,0.9404761904761905,31.454129389921825
14,3.0,cossu,-0.01,-0.01,-0.01,na
14,3.0,squish,0.5532786885245901,0.4115853658536585,0.84375,na
14,3.0,sqs,0.52734375,0.3835227272727273,0.84375,na
14,3.0,poerma,0.12768666217329439,0.06914030819140309,0.8333333333333333,na
14,3.0,tns,0.574530572511965,0.5689342403628119,0.5802380952380952,na
14,3.0,sqsrules_splitall,0.52734375,0.3835227272727273,0.84375,na
14,3.0,sqsrules_splitgreedy,0.7731481481481481,0.6958333333333333,0.8697916666666666,na
14,3.0,sqsrules_greedywoalph,0.6572033898305084,0.6875,0.6294642857142856,na
14,3.0,sqsrules_filter,-0.01,-0.01,-0.01,na
14,3.0,sqsrules_greedyalph,-0.01,-0.01,-0.01,na
15,7.0,secret,0.8673492063862782,0.7953022875816993,0.95375,93.8054842710495
15,7.0,cossu,-0.01,-0.01,-0.01,na
15,7.0,squish,0.3570359561492124,0.22532467532467534,0.859375,na
15,7.0,sqs,0.3656914893617021,0.23226351351351351,0.859375,na
15,7.0,poerma,0.00846499467073379,0.004254103915551228,0.8333333333333333,na
15,7.0,tns,0.48302862391845436,0.4602272727272727,0.5082070707070706,na
15,7.0,sqsrules_splitall,0.3929422544860922,0.25028688190452897,0.91375,na
15,7.0,sqsrules_splitgreedy,0.8513370354645021,0.7973904026493541,0.9131127450980394,na
15,7.0,sqsrules_greedywoalph,0.39253461023799036,0.7145133053221289,0.27059659090909094,na
15,7.0,sqsrules_filter,-0.01,-0.01,-0.01,na
15,7.0,sqsrules_greedyalph,-0.01,-0.01,-0.01,na
8,7.0,secret,0.8195153363100374,0.7254917990241877,0.9415384615384615,81.97953789631525
8,7.0,cossu,-0.01,-0.01,-0.01,na
8,7.0,squish,0.4688526448075175,0.3282655709342559,0.8200629456327985,na
8,7.0,sqs,0.38623595505617975,0.24909420289855072,0.859375,na
8,7.0,poerma,0.008051052798181142,0.004045922287818921,0.7985416666666665,na
8,7.0,tns,0.44814071436657416,0.4369288119288119,0.45994318181818183,na
8,7.0,sqsrules_splitall,0.40224168319013,0.2594167377095766,0.8949877450980391,na
8,7.0,sqsrules_splitgreedy,0.8474947227139945,0.816739081996435,0.8806573083778966,na
8,7.0,sqsrules_greedywoalph,0.3931712132089017,0.71875,0.27059659090909094,na
8,7.0,sqsrules_filter,-0.01,-0.01,-0.01,na
8,7.0,sqsrules_greedyalph,-0.01,-0.01,-0.01,na
6,9.0,secret,0.7453580449870015,0.6166569867901888,0.9419503261831048,147.55607365767162
6,9.0,cossu,-0.01,-0.01,-0.01,na
6,9.0,squish,-0.01,-0.01,-0.01,na
6,9.0,sqs,0.359375,0.22697368421052633,0.8625,na
6,9.0,poerma,0.002390081426601291,0.0011967569211943471,0.8333333333333333,na
6,9.0,tns,0.4607845520951832,0.430170623027766,0.49608974358974356,na
6,9.0,sqsrules_splitall,0.39464276044315744,0.2501813744888538,0.93390350877193,na
6,9.0,sqsrules_splitgreedy,0.9339035087719302,0.9339035087719303,0.93390350877193,na
6,9.0,sqsrules_greedywoalph,0.18078709078244715,0.725,0.10326923076923075,na
6,9.0,sqsrules_filter,-0.01,-0.01,-0.01,na
6,9.0,sqsrules_greedyalph,-0.01,-0.01,-0.01,na
15,1.0,secret,0.8335329341317368,0.8700000000000004,0.8,15.222168481349945
15,1.0,cossu,0.7992537313432834,0.8052631578947365,0.7933333333333332,na
15,1.0,squish,0.717791411042945,0.6428571428571431,0.8125,na
15,1.0,sqs,0.6902654867256639,0.6000000000000002,0.8125,na
15,1.0,poerma,0.7862501913948858,0.7442028985507245,0.8333333333333333,na
15,1.0,tns,0.7714555149769385,0.7746031746031744,0.7683333333333332,na
15,1.0,sqsrules_splitall,0.6902654867256639,0.6000000000000002,0.8125,na
15,1.0,sqsrules_splitgreedy,0.8540145985401462,0.9000000000000004,0.8125,na
15,1.0,sqsrules_greedywoalph,0.8461121017133113,0.8947368421052635,0.8025,na
15,1.0,sqsrules_filter,-0.01,-0.01,-0.01,na
15,1.0,sqsrules_greedyalph,-0.01,-0.01,-0.01,na
4,3.0,secret,0.9404761904761904,0.9404761904761904,0.9404761904761905,32.21596089601517
4,3.0,cossu,-0.01,-0.01,-0.01,na
4,3.0,squish,0.5720338983050848,0.4326923076923077,0.84375,na
4,3.0,sqs,0.5357142857142857,0.39244186046511625,0.84375,na
4,3.0,poerma,0.13544645694312044,0.0737137916126243,0.8333333333333333,na
4,3.0,tns,0.5745322846077675,0.5746598639455784,0.5744047619047619,na
4,3.0,sqsrules_splitall,0.5357142857142857,0.39244186046511625,0.84375,na
4,3.0,sqsrules_splitgreedy,0.8231707317073171,0.8035714285714286,0.84375,na
4,3.0,sqsrules_greedywoalph,0.6211730153079387,0.6875,0.5665178571428571,na
4,3.0,sqsrules_filter,-0.01,-0.01,-0.01,na
4,3.0,sqsrules_greedyalph,-0.01,-0.01,-0.01,na
5,7.0,secret,0.8813953488372093,0.8239130434782609,0.9475,85.68581439256668
5,7.0,cossu,-0.01,-0.01,-0.01,na
5,7.0,squish,-0.01,-0.01,-0.01,na
5,7.0,sqs,0.3819444444444445,0.24553571428571427,0.859375,na
5,7.0,poerma,0.007849670905811509,0.003943462748520427,0.8309012066365007,na
5,7.0,tns,0.4799477809094094,0.45466570466570466,0.5082070707070707,na
5,7.0,sqsrules_splitall,0.4090175861386934,0.2634786414565827,0.91375,na
5,7.0,sqsrules_splitgreedy,0.8914634146341464,0.8702380952380954,0.91375,na
5,7.0,sqsrules_greedywoalph,0.5794423918810587,0.7150428921568627,0.48707386363636357,na
5,7.0,sqsrules_filter,-0.01,-0.01,-0.01,na
5,7.0,sqsrules_greedyalph,-0.01,-0.01,-0.01,na
7,3.0,secret,0.9275020242296468,0.9404761904761904,0.9148809523809524,32.54340096712112
7,3.0,cossu,-0.01,-0.01,-0.01,na
7,3.0,squish,-0.01,-0.01,-0.01,na
7,3.0,sqs,0.5357142857142857,0.39244186046511625,0.84375,na
7,3.0,poerma,0.13048175389110467,0.07109014675052411,0.7929166666666665,na
7,3.0,tns,0.5460407675994722,0.5409863945578233,0.5511904761904762,na
7,3.0,sqsrules_splitall,0.5456349206349207,0.3997093023255814,0.859375,na
7,3.0,sqsrules_splitgreedy,0.8340972552575766,0.8423115079365079,0.8260416666666666,na
7,3.0,sqsrules_greedywoalph,0.6485682401066796,0.6846230158730159,0.6161210317460317,na
7,3.0,sqsrules_filter,-0.01,-0.01,-0.01,na
7,3.0,sqsrules_greedyalph,-0.01,-0.01,-0.01,na
19,7.0,secret,0.8930232558139534,0.834782608695652,0.96,83.37262078126271
19,7.0,cossu,-0.01,-0.01,-0.01,na
19,7.0,squish,0.3920503797572856,0.25395220588235295,0.859375,na
19,7.0,sqs,0.38623595505617975,0.24909420289855072,0.859375,na
19,7.0,poerma,0.008481551519156505,0.004262467160470398,0.8333333333333333,na
19,7.0,tns,0.4749948995246133,0.44585738335738334,0.5082070707070706,na
19,7.0,sqsrules_splitall,0.41495102464208883,0.26842361247732094,0.91375,na
19,7.0,sqsrules_splitgreedy,0.8696311858076565,0.8301024955436721,0.9131127450980394,na
19,7.0,sqsrules_greedywoalph,0.5797740762690087,0.7160539215686275,0.48707386363636357,na
19,7.0,sqsrules_filter,-0.01,-0.01,-0.01,na
19,7.0,sqsrules_greedyalph,-0.01,-0.01,-0.01,na
5,5.0,secret,0.9522727272727275,0.9522727272727275,0.9522727272727274,52.67765382925669
5,5.0,cossu,-0.01,-0.01,-0.01,na
5,5.0,squish,0.4052512068998417,0.2656410256410257,0.8541666666666667,na
5,5.0,sqs,0.4166666666666667,0.2755376344086022,0.8541666666666667,na
5,5.0,poerma,0.026468024871169452,0.013447570818919915,0.8333333333333333,na
5,5.0,tns,0.5058707510378128,0.48344671201814055,0.5304761904761903,na
5,5.0,sqsrules_splitall,0.4211936437546195,0.27853128054740967,0.8634469696969698,na
5,5.0,sqsrules_splitgreedy,0.8355423646121318,0.7810504712678624,0.8982080419580418,na
5,5.0,sqsrules_greedywoalph,0.598197531304627,0.7063811188811189,0.51875,na
5,5.0,sqsrules_filter,-0.01,-0.01,-0.01,na
5,5.0,sqsrules_greedyalph,-0.01,-0.01,-0.01,na
3,7.0,secret,0.8885892384774571,0.830814354727398,0.9549999999999998,79.950876502196
3,7.0,cossu,-0.01,-0.01,-0.01,na
3,7.0,squish,0.5525322198692151,0.408689309056956,0.8526225490196078,na
3,7.0,sqs,0.40922619047619047,0.2685546875,0.859375,na
3,7.0,poerma,0.008167381608477032,0.004103801190459198,0.8333333333333333,na
3,7.0,tns,0.4836692492555353,0.4593554593554593,0.5107007575757575,na
3,7.0,sqsrules_splitall,0.42953804226812137,0.28251570159313727,0.8956250000000001,na
3,7.0,sqsrules_splitgreedy,0.8409769721842224,0.7861306479113385,0.9040502450980391,na
3,7.0,sqsrules_greedywoalph,0.5395518219236006,0.7157843137254902,0.4329545454545454,na
3,7.0,sqsrules_filter,-0.01,-0.01,-0.01,na
3,7.0,sqsrules_greedyalph,-0.01,-0.01,-0.01,na
19,11.0,secret,0.8487360982642752,0.770707472237907,0.9443442028985507,137.06189758380253
19,11.0,cossu,-0.01,-0.01,-0.01,na
19,11.0,squish,0.344542522011811,0.21539311594202895,0.8604927536231883,na
19,11.0,sqs,0.3458333333333333,0.21614583333333331,0.8645833333333333,na
19,11.0,poerma,0.0008656039787579708,0.0004330273188259788,0.831738095238095,na
19,11.0,tns,0.4422662281302819,0.40763125763125774,0.4833333333333333,na
19,11.0,sqsrules_splitall,0.37855821891543323,0.23788224637681168,0.9264039855072465,na
19,11.0,sqsrules_splitgreedy,0.8822895100069015,0.8421854413702242,0.9264039855072465,na
19,11.0,sqsrules_greedywoalph,0.24772153275372402,0.7251521739130435,0.14937499999999998,na
19,11.0,sqsrules_filter,-0.01,-0.01,-0.01,na
19,11.0,sqsrules_greedyalph,-0.01,-0.01,-0.01,na
9,11.0,secret,0.720495434089977,0.579170901562206,0.9530511605099706,188.63302471637726
9,11.0,cossu,-0.01,-0.01,-0.01,na
9,11.0,squish,-0.01,-0.01,-0.01,na
9,11.0,sqs,0.3262578616352201,0.20106589147286819,0.8645833333333333,na
9,11.0,poerma,0.0008293798724825239,0.0004148984326373563,0.8252142857142856,na
9,11.0,tns,0.44528505410407515,0.41278998778998793,0.4833333333333333,na
9,11.0,sqsrules_splitall,0.3588115041845426,0.22149814627569936,0.9440670289855071,na
9,11.0,sqsrules_splitgreedy,0.8543501544949628,0.7863420893719808,0.9352355072463766,na
9,11.0,sqsrules_greedywoalph,0.2478092235870711,0.7266576086956522,0.14937499999999998,na
9,11.0,sqsrules_filter,-0.01,-0.01,-0.01,na
9,11.0,sqsrules_greedyalph,-0.01,-0.01,-0.01,na
10,11.0,secret,0.798505313737755,0.6845075421472939,0.958060559006211,167.88703280289968
10,11.0,cossu,-0.01,-0.01,-0.01,na
10,11.0,squish,0.45613140096618354,0.31099868247694334,0.8552463768115942,na
10,11.0,sqs,0.3172782874617736,0.1942883895131086,0.8645833333333333,na
10,11.0,poerma,0.0005887158456495023,0.0002944619354691619,0.8333333333333333,na
10,11.0,tns,0.45692133397244156,0.43155557094632724,0.4854551820728291,na
10,11.0,sqsrules_splitall,0.34820818919593177,0.21392932747109594,0.9352355072463769,na
10,11.0,sqsrules_splitgreedy,0.8782018874283788,0.8209278512917454,0.9440670289855074,na
10,11.0,sqsrules_greedywoalph,0.31268884664627544,0.727159420289855,0.19916666666666666,na
10,11.0,sqsrules_filter,-0.01,-0.01,-0.01,na
10,11.0,sqsrules_greedyalph,-0.01,-0.01,-0.01,na
15,11.0,secret,0.8517036987919155,0.7684062571888657,0.9552562111801244,154.52378692626954
15,11.0,cossu,-0.01,-0.01,-0.01,na
15,11.0,squish,0.3727851291745431,0.23816827697262472,0.8574057971014494,na
15,11.0,sqs,0.3390522875816993,0.21087398373983737,0.8645833333333333,na
15,11.0,poerma,0.0007332883531099408,0.00036680556110245784,0.8333333333333333,na
15,11.0,tns,0.4412762159750112,0.40595238095238106,0.4833333333333333,na
15,11.0,sqsrules_splitall,0.3720212042642575,0.23219158713326268,0.9352355072463766,na
15,11.0,sqsrules_splitgreedy,0.8991114561766735,0.8582427536231884,0.9440670289855071,na
15,11.0,sqsrules_greedywoalph,0.09321788356958188,0.7291666666666666,0.049791666666666665,na
15,11.0,sqsrules_filter,-0.01,-0.01,-0.01,na
15,11.0,sqsrules_greedyalph,-0.01,-0.01,-0.01,na
19,9.0,secret,0.817224810952669,0.7112882613847304,0.9602391528693858,128.68964071273803
19,9.0,cossu,-0.01,-0.01,-0.01,na
19,9.0,squish,0.4823617703462678,0.33631628089832416,0.8526065162907267,na
19,9.0,sqs,0.34969284774023696,0.21930379746835443,0.8625,na
19,9.0,poerma,0.011107603057665515,0.005627961383235342,0.4214757537783854,na
19,9.0,tns,0.4612096643251031,0.4328163899592472,0.4935897435897436,na
19,9.0,sqsrules_splitall,0.38180209179632896,0.24054598521620513,0.9249780701754385,na
19,9.0,sqsrules_splitgreedy,0.9024176294394526,0.8809314954051801,0.9249780701754385,na
19,9.0,sqsrules_greedywoalph,0.4818021180722932,0.722340573656363,0.3614423076923076,na
19,9.0,sqsrules_filter,-0.01,-0.01,-0.01,na
19,9.0,sqsrules_greedyalph,-0.01,-0.01,-0.01,na
14,1.0,secret,0.8335329341317368,0.8700000000000004,0.8,15.029936361312867
14,1.0,cossu,0.773226578868602,0.7842592592592589,0.7625,na
14,1.0,squish,0.717791411042945,0.6428571428571431,0.8125,na
14,1.0,sqs,0.6902654867256639,0.6000000000000002,0.8125,na
14,1.0,poerma,0.801070192005036,0.7712121212121211,0.8333333333333333,na
14,1.0,tns,0.7255947497949137,0.7261904761904758,0.7249999999999999,na
14,1.0,sqsrules_splitall,0.6902654867256639,0.6000000000000002,0.8125,na
14,1.0,sqsrules_splitgreedy,0.8540145985401462,0.9000000000000004,0.8125,na
14,1.0,sqsrules_greedywoalph,0.8540145985401462,0.9000000000000004,0.8125,na
14,1.0,sqsrules_filter,-0.01,-0.01,-0.01,na
14,1.0,sqsrules_greedyalph,-0.01,-0.01,-0.01,na
6,3.0,secret,0.9404761904761904,0.9404761904761904,0.9404761904761905,29.944732650121054
6,3.0,cossu,-0.01,-0.01,-0.01,na
6,3.0,squish,-0.01,-0.01,-0.01,na
6,3.0,sqs,0.52734375,0.3835227272727273,0.84375,na
6,3.0,poerma,0.13642182749239878,0.07429193899782136,0.8333333333333333,na
6,3.0,tns,0.5788991865795832,0.577154195011338,0.5806547619047618,na
6,3.0,sqsrules_splitall,0.52734375,0.3835227272727273,0.84375,na
6,3.0,sqsrules_splitgreedy,0.8035714285714286,0.7670454545454546,0.84375,na
6,3.0,sqsrules_greedywoalph,0.581334332833583,0.6875,0.5035714285714284,na
6,3.0,sqsrules_filter,-0.01,-0.01,-0.01,na
6,3.0,sqsrules_greedyalph,-0.01,-0.01,-0.01,na
15,3.0,secret,0.9404761904761904,0.9404761904761904,0.9404761904761905,33.15035266876221
15,3.0,cossu,-0.01,-0.01,-0.01,na
15,3.0,squish,0.5532786885245901,0.4115853658536585,0.84375,na
15,3.0,sqs,0.5113636363636364,0.36684782608695654,0.84375,na
15,3.0,poerma,0.12038409941396598,0.06487823439878235,0.8333333333333333,na
15,3.0,tns,0.5632162240642785,0.5489229024943312,0.5782738095238095,na
15,3.0,sqsrules_splitall,0.5113636363636364,0.36684782608695654,0.84375,na
15,3.0,sqsrules_splitgreedy,0.8118386243386243,0.7749368686868686,0.8524305555555556,na
15,3.0,sqsrules_greedywoalph,0.6211730153079387,0.6875,0.5665178571428571,na
15,3.0,sqsrules_filter,-0.01,-0.01,-0.01,na
15,3.0,sqsrules_greedyalph,-0.01,-0.01,-0.01,na
7,7.0,secret,0.9268292682926829,0.9047619047619045,0.95,80.69132407903672
7,7.0,cossu,-0.01,-0.01,-0.01,na
7,7.0,squish,0.3819444444444445,0.24553571428571427,0.859375,na
7,7.0,sqs,0.39511494252873564,0.25652985074626866,0.859375,na
7,7.0,poerma,0.00945490253308171,0.004754502229285987,0.8309012066365007,na
7,7.0,tns,0.49177522136792934,0.46927609427609424,0.516540404040404,na
7,7.0,sqsrules_splitall,0.4117816091954023,0.26735074626865674,0.8956250000000001,na
7,7.0,sqsrules_splitgreedy,0.8826219512195123,0.8616071428571429,0.9046875,na
7,7.0,sqsrules_greedywoalph,0.4957155746908771,0.7168964460784314,0.3788352272727272,na
7,7.0,sqsrules_filter,-0.01,-0.01,-0.01,na
7,7.0,sqsrules_greedyalph,-0.01,-0.01,-0.01,na
3,5.0,secret,0.9469696969696971,0.9469696969696972,0.946969696969697,50.709983217716214
3,5.0,cossu,-0.01,-0.01,-0.01,na
3,5.0,squish,0.41831842366836236,0.27698412698412705,0.8541666666666667,na
3,5.0,sqs,0.42708333333333337,0.28472222222222227,0.8541666666666667,na
3,5.0,poerma,0.027621105576716477,0.014043287463766768,0.8333333333333333,na
3,5.0,tns,0.5108599777796243,0.49138321995464845,0.5319444444444443,na
3,5.0,sqsrules_splitall,0.4317234848484849,0.2878156565656566,0.8634469696969698,na
3,5.0,sqsrules_splitgreedy,0.8506737165273752,0.8304195804195805,0.8719405594405595,na
3,5.0,sqsrules_greedywoalph,0.634870137839825,0.7065585929222292,0.576388888888889,na
3,5.0,sqsrules_filter,-0.01,-0.01,-0.01,na
3,5.0,sqsrules_greedyalph,-0.01,-0.01,-0.01,na
6,5.0,secret,0.8859942931932366,0.829816560251343,0.950330710955711,50.950687090555824
6,5.0,cossu,-0.01,-0.01,-0.01,na
6,5.0,squish,-0.01,-0.01,-0.01,na
6,5.0,sqs,0.4324894514767933,0.2895480225988701,0.8541666666666667,na
6,5.0,poerma,0.03025743898361752,0.015408451663431744,0.8333333333333333,na
6,5.0,tns,0.5052690862931011,0.48114134542705966,0.5319444444444443,na
6,5.0,sqsrules_splitall,0.4324894514767933,0.2895480225988701,0.8541666666666667,na
6,5.0,sqsrules_splitgreedy,0.819008510868976,0.7655949123340428,0.8804341491841493,na
6,5.0,sqsrules_greedywoalph,0.598197531304627,0.7063811188811189,0.51875,na
6,5.0,sqsrules_filter,-0.01,-0.01,-0.01,na
6,5.0,sqsrules_greedyalph,-0.01,-0.01,-0.01,na
3,9.0,secret,0.8291633815997794,0.7334906837228818,0.9535378888397463,124.97788989146551
3,9.0,cossu,-0.01,-0.01,-0.01,na
3,9.0,squish,0.31242260061919513,0.19076086956521743,0.8625,na
3,9.0,sqs,0.35567010309278346,0.22402597402597402,0.8625,na
3,9.0,poerma,0.002031525105440034,0.0010170050668716756,0.83140756302521,na
3,9.0,tns,0.4639355114427613,0.4376425162139449,0.4935897435897436,na
3,9.0,sqsrules_splitall,0.3832277198497336,0.24229567425056156,0.9160526315789473,na
3,9.0,sqsrules_splitgreedy,0.9024176294394526,0.8809314954051801,0.9249780701754385,na
3,9.0,sqsrules_greedywoalph,0.3802847542113499,0.7215807375581811,0.2581730769230769,na
3,9.0,sqsrules_filter,-0.01,-0.01,-0.01,na
3,9.0,sqsrules_greedyalph,-0.01,-0.01,-0.01,na
17,9.0,secret,0.9345551378446119,0.934555137844612,0.9345551378446117,98.56697789827983
17,9.0,cossu,-0.01,-0.01,-0.01,na
17,9.0,squish,0.3959551952609249,0.2575103804286836,0.8563565162907267,na
17,9.0,sqs,0.34739583333333335,0.21750000000000003,0.8625,na
17,9.0,poerma,0.0020503104159721886,0.0010264178931645917,0.8333333333333333,na
17,9.0,tns,0.455132123120041,0.42223411509125797,0.4935897435897436,na
17,9.0,sqsrules_splitall,0.3756200950810813,0.23624530075187974,0.9160526315789473,na
17,9.0,sqsrules_splitgreedy,0.8724310776942358,0.8327751196172254,0.9160526315789473,na
17,9.0,sqsrules_greedywoalph,0.3214905037159373,0.725,0.20653846153846156,na
17,9.0,sqsrules_filter,-0.01,-0.01,-0.01,na
17,9.0,sqsrules_greedyalph,-0.01,-0.01,-0.01,na
0,9.0,secret,0.7606578947368423,0.6338815789473686,0.9508223684210527,139.39059471686681
0,9.0,cossu,-0.01,-0.01,-0.01,na
0,9.0,squish,0.3289075286415713,0.2031976744186047,0.8625,na
0,9.0,sqs,0.3670212765957447,0.23310810810810811,0.8625,na
0,9.0,poerma,0.00263467177039832,0.0013194264697858652,0.83140756302521,na
0,9.0,tns,0.46516798729287795,0.4378748235891094,0.49608974358974356,na
0,9.0,sqsrules_splitall,0.3990261630113237,0.255065450789135,0.9160526315789476,na
0,9.0,sqsrules_splitgreedy,0.9160526315789478,0.9160526315789479,0.9160526315789476,na
0,9.0,sqsrules_greedywoalph,0.3807579462102689,0.725,0.2581730769230769,na
0,9.0,sqsrules_filter,-0.01,-0.01,-0.01,na
0,9.0,sqsrules_greedyalph,-0.01,-0.01,-0.01,na
8,5.0,secret,0.9522727272727275,0.9522727272727275,0.9522727272727274,53.25931101640065
8,5.0,cossu,-0.01,-0.01,-0.01,na
8,5.0,squish,0.46711188413406857,0.3214506172839507,0.8541666666666667,na
8,5.0,sqs,0.45555555555555555,0.31060606060606066,0.8541666666666667,na
8,5.0,poerma,0.025192212405146446,0.012789422511644733,0.8333333333333333,na
8,5.0,tns,0.5189541918351317,0.5005102040816326,0.5388095238095236,na
8,5.0,sqsrules_splitall,0.4605050505050506,0.3139807162534436,0.8634469696969698,na
8,5.0,sqsrules_splitgreedy,0.8506737165273752,0.8304195804195805,0.8719405594405595,na
8,5.0,sqsrules_greedywoalph,0.347879684418146,0.7083333333333334,0.23055555555555554,na
8,5.0,sqsrules_filter,-0.01,-0.01,-0.01,na
8,5.0,sqsrules_greedyalph,-0.01,-0.01,-0.01,na
1,1.0,secret,0.8181281790437437,0.8483333333333336,0.7899999999999999,15.920863449573517
1,1.0,cossu,0.7036122970830873,0.7480392156862742,0.6641666666666666,na
1,1.0,squish,0.7042169677795356,0.6273809523809526,0.8025,na
1,1.0,sqs,0.6902654867256639,0.6000000000000002,0.8125,na
1,1.0,poerma,0.7216328413284133,0.6953333333333334,0.7499999999999999,na
1,1.0,tns,0.7333189410907519,0.7730158730158727,0.6974999999999999,na
1,1.0,sqsrules_splitall,0.6902654867256639,0.6000000000000002,0.8125,na
1,1.0,sqsrules_splitgreedy,0.8387059990084286,0.8783333333333336,0.8025,na
1,1.0,sqsrules_greedywoalph,0.806896551724138,0.9000000000000004,0.73125,na
1,1.0,sqsrules_filter,-0.01,-0.01,-0.01,na
1,1.0,sqsrules_greedyalph,-0.01,-0.01,-0.01,na
13,1.0,secret,0.8437915742793793,0.8850000000000003,0.80625,16.788826783498127
13,1.0,cossu,0.7274756725815681,0.7458333333333331,0.7099999999999999,na
13,1.0,squish,-0.01,-0.01,-0.01,na
13,1.0,sqs,0.6902654867256639,0.6000000000000002,0.8125,na
13,1.0,poerma,0.529092845386775,0.38758865248226954,0.8333333333333333,na
13,1.0,tns,0.6832897767969488,0.6849206349206347,0.6816666666666665,na
13,1.0,sqsrules_splitall,0.6902654867256639,0.6000000000000002,0.8125,na
13,1.0,sqsrules_splitgreedy,0.8540145985401462,0.9000000000000004,0.8125,na
13,1.0,sqsrules_greedywoalph,0.8540145985401462,0.9000000000000004,0.8125,na
13,1.0,sqsrules_filter,-0.01,-0.01,-0.01,na
13,1.0,sqsrules_greedyalph,-0.01,-0.01,-0.01,na
11,11.0,secret,0.8174826409857568,0.7261662331227549,0.9350688405797101,131.46060008207957
11,11.0,cossu,-0.01,-0.01,-0.01,na
11,11.0,squish,0.439239357667173,0.2964930034982509,0.8470519323671498,na
11,11.0,sqs,0.30981801178139906,0.18872282608695648,0.8645833333333333,na
11,11.0,poerma,0.0006045761013129701,0.00030239774412599876,0.8333333333333333,na
11,11.0,tns,0.44778469487146927,0.41556776556776576,0.4854166666666667,na
11,11.0,sqsrules_splitall,0.34032091097308487,0.20715185885318207,0.9528985507246375,na
11,11.0,sqsrules_splitgreedy,0.886417256488035,0.8286074354127283,0.9528985507246375,na
11,11.0,sqsrules_greedywoalph,0.2478092235870711,0.7266576086956522,0.14937499999999998,na
11,11.0,sqsrules_filter,-0.01,-0.01,-0.01,na
11,11.0,sqsrules_greedyalph,-0.01,-0.01,-0.01,na
10,7.0,secret,0.8082384072721753,0.7077663259035808,0.9419551282051282,91.58345940907796
10,7.0,cossu,-0.01,-0.01,-0.01,na
10,7.0,squish,0.36319117815762303,0.23025,0.859375,na
10,7.0,sqs,0.4044117647058824,0.2644230769230769,0.859375,na
10,7.0,poerma,0.009039468678372036,0.004544381616356191,0.8333333333333333,na
10,7.0,tns,0.4787417809121126,0.450547138047138,0.5107007575757575,na
10,7.0,sqsrules_splitall,0.4287605870087639,0.28095776772247366,0.9046875,na
10,7.0,sqsrules_splitgreedy,0.8616071428571429,0.8224431818181818,0.9046875,na
10,7.0,sqsrules_greedywoalph,0.5399258607068205,0.7171023965141612,0.4329545454545454,na
10,7.0,sqsrules_filter,-0.01,-0.01,-0.01,na
10,7.0,sqsrules_greedyalph,-0.01,-0.01,-0.01,na
6,11.0,secret,0.8263285813778303,0.7309829758342343,0.9502778685845048,152.38781339724858
6,11.0,cossu,-0.01,-0.01,-0.01,na
6,11.0,squish,-0.01,-0.01,-0.01,na
6,11.0,sqs,0.320216049382716,0.1964962121212121,0.8645833333333333,na
6,11.0,poerma,0.0007175677602378497,0.0003589384177007966,0.8333333333333333,na
6,11.0,tns,0.4462600299197607,0.41446886446886466,0.4833333333333333,na
6,11.0,sqsrules_splitall,0.35217774472829116,0.2164640974967062,0.9440670289855071,na
6,11.0,sqsrules_splitgreedy,0.9210410038882997,0.8991114561766735,0.9440670289855071,na
6,11.0,sqsrules_greedywoalph,0.4236021964889457,0.7277329192546584,0.29874999999999996,na
6,11.0,sqsrules_filter,-0.01,-0.01,-0.01,na
6,11.0,sqsrules_greedyalph,-0.01,-0.01,-0.01,na
2,9.0,secret,0.8551917101267907,0.7701128909229599,0.9614035087719299,148.37307658990224
2,9.0,cossu,-0.01,-0.01,-0.01,na
2,9.0,squish,0.2959339027107315,0.17860824742268042,0.8625,na
2,9.0,sqs,0.34500000000000003,0.215625,0.8625,na
2,9.0,poerma,0.0021375622419051946,0.0010701536329518987,0.8333333333333333,na
2,9.0,tns,0.4645360008469764,0.43725877297305876,0.4954428904428904,na
2,9.0,sqsrules_splitall,0.3770857420260122,0.237406015037594,0.9160526315789473,na
2,9.0,sqsrules_splitgreedy,0.8604447164422686,0.8043287566742948,0.9249780701754385,na
2,9.0,sqsrules_greedywoalph,0.2552671839143263,0.725,0.15490384615384617,na
2,9.0,sqsrules_filter,-0.01,-0.01,-0.01,na
2,9.0,sqsrules_greedyalph,-0.01,-0.01,-0.01,na
12,9.0,secret,0.6994101231575335,0.5531198643731816,0.9509082602339181,159.24295983314514
12,9.0,cossu,-0.01,-0.01,-0.01,na
12,9.0,squish,0.39402576997485217,0.2559293454223795,0.8558114035087719,na
12,9.0,sqs,0.36061085972850676,0.22796052631578947,0.8625,na
12,9.0,poerma,0.001992716659737334,0.0009975510318046762,0.8333333333333333,na
12,9.0,tns,0.4624305867892452,0.4330486973344117,0.49608974358974356,na
12,9.0,sqsrules_splitall,0.38099255218932465,0.24177301807149462,0.8982017543859648,na
12,9.0,sqsrules_splitgreedy,0.8850021394950793,0.8639306599832919,0.9071271929824561,na
12,9.0,sqsrules_greedywoalph,0.5657172546387444,0.7228241057188424,0.46471153846153845,na
12,9.0,sqsrules_filter,-0.01,-0.01,-0.01,na
12,9.0,sqsrules_greedyalph,-0.01,-0.01,-0.01,na
