trial_num,param:rule_conf,method,F1,precision,recall,runtime
5,0.8999999999999999,secret,0.8288605561138114,0.7954184704184706,0.8652380952380951,35.27758416334788
5,0.8999999999999999,cossu,-0.01,-0.01,-0.01,na
5,0.8999999999999999,squish,0.5216223132036848,0.3775,0.84375,na
5,0.8999999999999999,sqs,0.5113636363636364,0.36684782608695654,0.84375,na
5,0.8999999999999999,poerma,0.16210306141852066,0.08978409689310164,0.8333333333333333,na
5,0.8999999999999999,tns,0.516397186533312,0.5167233560090706,0.5160714285714285,na
5,0.8999999999999999,sqsrules_splitall,0.5113636363636364,0.36684782608695654,0.84375,na
5,0.8999999999999999,sqsrules_splitgreedy,0.8010335917312662,0.748792270531401,0.861111111111111,na
5,0.8999999999999999,sqsrules_greedywoalph,0.6572033898305084,0.6875,0.6294642857142856,na
5,0.8999999999999999,sqsrules_filter,-0.01,-0.01,-0.01,na
5,0.8999999999999999,sqsrules_greedyalph,-0.01,-0.01,-0.01,na
19,0.1,secret,0.9142479213907785,0.8726911976911975,0.9599603174603175,12.676927550633748
19,0.1,cossu,0.6084142394822007,0.6666666666666667,0.5595238095238095,na
19,0.1,squish,0.84375,0.84375,0.84375,na
19,0.1,sqs,0.8231707317073171,0.8035714285714286,0.84375,na
19,0.1,poerma,-0.01,-0.01,-0.01,na
19,0.1,tns,0.5406542382348833,0.5230158730158728,0.5595238095238095,na
19,0.1,sqsrules_splitall,0.8231707317073171,0.8035714285714286,0.84375,na
19,0.1,sqsrules_splitgreedy,0.975609756097561,0.9523809523809523,1.0,na
19,0.1,sqsrules_greedywoalph,0.8187711864406779,0.8828125,0.7633928571428572,na
19,0.1,sqsrules_filter,-0.01,-0.01,-0.01,na
19,0.1,sqsrules_greedyalph,-0.01,-0.01,-0.01,na
7,0.8999999999999999,secret,0.7937199937532338,0.7889077853363569,0.7985912698412698,32.36922418276469
7,0.8999999999999999,cossu,-0.01,-0.01,-0.01,na
7,0.8999999999999999,squish,-0.01,-0.01,-0.01,na
7,0.8999999999999999,sqs,0.4963235294117647,0.3515625,0.84375,na
7,0.8999999999999999,poerma,0.153311908396874,0.08485985985985986,0.7929166666666665,na
7,0.8999999999999999,tns,0.47430069705771194,0.524433106575964,0.4329166666666667,na
7,0.8999999999999999,sqsrules_splitall,0.5055147058823529,0.3580729166666667,0.859375,na
7,0.8999999999999999,sqsrules_splitgreedy,0.7833200300928472,0.7248263888888888,0.8520833333333332,na
7,0.8999999999999999,sqsrules_greedywoalph,0.6475100777837371,0.6822691197691199,0.6161210317460317,na
7,0.8999999999999999,sqsrules_filter,-0.01,-0.01,-0.01,na
7,0.8999999999999999,sqsrules_greedyalph,-0.01,-0.01,-0.01,na
13,0.30000000000000004,secret,0.9404761904761904,0.9404761904761904,0.9404761904761905,17.66854356924693
13,0.30000000000000004,cossu,0.46855345911949675,0.37626262626262613,0.6208333333333331,na
13,0.30000000000000004,squish,-0.01,-0.01,-0.01,na
13,0.30000000000000004,sqs,0.6490384615384616,0.52734375,0.84375,na
13,0.30000000000000004,poerma,0.00917955599044745,0.004615197272284462,0.8333333333333333,na
13,0.30000000000000004,tns,0.577412552513489,0.5742063492063495,0.5806547619047618,na
13,0.30000000000000004,sqsrules_splitall,0.6490384615384616,0.52734375,0.84375,na
13,0.30000000000000004,sqsrules_splitgreedy,0.984375,0.984375,0.984375,na
13,0.30000000000000004,sqsrules_greedywoalph,0.6572033898305084,0.6875,0.6294642857142856,na
13,0.30000000000000004,sqsrules_filter,-0.01,-0.01,-0.01,na
13,0.30000000000000004,sqsrules_greedyalph,-0.01,-0.01,-0.01,na
16,0.1,secret,0.8771317829457366,0.8199275362318841,0.9429166666666667,11.99961539109548
16,0.1,cossu,0.6084142394822007,0.6666666666666667,0.5595238095238095,na
16,0.1,squish,0.84375,0.84375,0.84375,na
16,0.1,sqs,0.840625,0.840625,0.840625,na
16,0.1,poerma,-0.01,-0.01,-0.01,na
16,0.1,tns,0.5465305135116456,0.534126984126984,0.5595238095238095,na
16,0.1,sqsrules_splitall,0.840625,0.840625,0.840625,na
16,0.1,sqsrules_splitgreedy,0.98125,0.98125,0.98125,na
16,0.1,sqsrules_greedywoalph,0.8375779990184392,0.8519736842105263,0.8236607142857142,na
16,0.1,sqsrules_filter,-0.01,-0.01,-0.01,na
16,0.1,sqsrules_greedyalph,-0.01,-0.01,-0.01,na
17,0.30000000000000004,secret,0.9404761904761904,0.9404761904761904,0.9404761904761905,16.597118548552196
17,0.30000000000000004,cossu,0.5007899426514845,0.4224958949096879,0.6147023809523808,na
17,0.30000000000000004,squish,0.6887755102040816,0.5818965517241379,0.84375,na
17,0.30000000000000004,sqs,0.6367924528301887,0.5113636363636364,0.84375,na
17,0.30000000000000004,poerma,0.009895933090723362,0.004977520873474631,0.8333333333333333,na
17,0.30000000000000004,tns,0.5816239464998588,0.5825963718820864,0.5806547619047618,na
17,0.30000000000000004,sqsrules_splitall,0.6367924528301887,0.5113636363636364,0.84375,na
17,0.30000000000000004,sqsrules_splitgreedy,0.9451219512195123,0.9226190476190477,0.96875,na
17,0.30000000000000004,sqsrules_greedywoalph,0.43179287305122493,0.6875,0.31473214285714285,na
17,0.30000000000000004,sqsrules_filter,-0.01,-0.01,-0.01,na
17,0.30000000000000004,sqsrules_greedyalph,-0.01,-0.01,-0.01,na
12,0.30000000000000004,secret,0.9404761904761904,0.9404761904761904,0.9404761904761905,20.7637397368749
12,0.30000000000000004,cossu,0.48485165050720164,0.40293650793650787,0.6085714285714284,na
12,0.30000000000000004,squish,0.703125,0.6026785714285714,0.84375,na
12,0.30000000000000004,sqs,0.6617647058823529,0.5443548387096774,0.84375,na
12,0.30000000000000004,poerma,0.00880220357011803,0.004424468830259165,0.8333333333333333,na
12,0.30000000000000004,tns,0.5916122398403786,0.6019463340891913,0.5816269841269841,na
12,0.30000000000000004,sqsrules_splitall,0.6617647058823529,0.5443548387096774,0.84375,na
12,0.30000000000000004,sqsrules_splitgreedy,0.9418123275068998,0.9027777777777778,0.984375,na
12,0.30000000000000004,sqsrules_greedywoalph,0.21281558726673985,0.6875,0.12589285714285714,na
12,0.30000000000000004,sqsrules_filter,-0.01,-0.01,-0.01,na
12,0.30000000000000004,sqsrules_greedyalph,-0.01,-0.01,-0.01,na
9,0.8999999999999999,secret,0.8741588137375764,0.8669312169312171,0.8815079365079365,37.916933258374534
9,0.8999999999999999,cossu,-0.01,-0.01,-0.01,na
9,0.8999999999999999,squish,-0.01,-0.01,-0.01,na
9,0.8999999999999999,sqs,0.5216223132036848,0.3775,0.84375,na
9,0.8999999999999999,poerma,0.16471105336447478,0.09145091693635383,0.8280555555555555,na
9,0.8999999999999999,tns,0.42880880641917546,0.524433106575964,0.36267857142857146,na
9,0.8999999999999999,sqsrules_splitall,0.5216223132036848,0.3775,0.84375,na
9,0.8999999999999999,sqsrules_splitgreedy,0.7828282828282828,0.7175925925925926,0.861111111111111,na
9,0.8999999999999999,sqsrules_greedywoalph,0.6211730153079387,0.6875,0.5665178571428571,na
9,0.8999999999999999,sqsrules_filter,-0.01,-0.01,-0.01,na
9,0.8999999999999999,sqsrules_greedyalph,-0.01,-0.01,-0.01,na
17,0.5,secret,0.9404761904761904,0.9404761904761904,0.9404761904761905,22.88262803951899
17,0.5,cossu,0.43567251461988293,0.3355855855855855,0.6208333333333331,na
17,0.5,squish,0.6136363636363635,0.48214285714285715,0.84375,na
17,0.5,sqs,0.5625,0.421875,0.84375,na
17,0.5,poerma,0.08675520276802524,0.04575952764358562,0.8333333333333333,na
17,0.5,tns,0.5784715684456002,0.5825963718820864,0.5744047619047619,na
17,0.5,sqsrules_splitall,0.5625,0.421875,0.84375,na
17,0.5,sqsrules_splitgreedy,0.8567955026211717,0.8254419191919191,0.890625,na
17,0.5,sqsrules_greedywoalph,0.3685836501901141,0.6875,0.2517857142857143,na
17,0.5,sqsrules_filter,-0.01,-0.01,-0.01,na
17,0.5,sqsrules_greedyalph,-0.01,-0.01,-0.01,na
16,0.30000000000000004,secret,0.9404761904761904,0.9404761904761904,0.9404761904761905,17.067130438486735
16,0.30000000000000004,cossu,0.4907605472519658,0.40841269841269834,0.6147023809523808,na
16,0.30000000000000004,squish,0.675,0.5625,0.84375,na
16,0.30000000000000004,sqs,0.6617647058823529,0.5443548387096774,0.84375,na
16,0.30000000000000004,poerma,0.010528822690677198,0.00529787960634566,0.8333333333333333,na
16,0.30000000000000004,tns,0.5816239464998588,0.5825963718820864,0.580654761904762,na
16,0.30000000000000004,sqsrules_splitall,0.6617647058823529,0.5443548387096774,0.84375,na
16,0.30000000000000004,sqsrules_splitgreedy,0.9418123275068998,0.9027777777777778,0.984375,na
16,0.30000000000000004,sqsrules_greedywoalph,0.4875314333612741,0.6875,0.3776785714285714,na
16,0.30000000000000004,sqsrules_filter,-0.01,-0.01,-0.01,na
16,0.30000000000000004,sqsrules_greedyalph,-0.01,-0.01,-0.01,na
9,0.1,secret,0.9533101045296166,0.9306122448979589,0.9771428571428572,12.519805550575256
9,0.1,cossu,0.6084142394822007,0.6666666666666667,0.5595238095238095,na
9,0.1,squish,-0.01,-0.01,-0.01,na
9,0.1,sqs,0.7828151113036587,0.7324447895100069,0.840625,na
9,0.1,poerma,-0.01,-0.01,-0.01,na
9,0.1,tns,0.5395921864889914,0.5210317460317458,0.5595238095238095,na
9,0.1,sqsrules_splitall,0.7828151113036587,0.7324447895100069,0.840625,na
9,0.1,sqsrules_splitgreedy,0.9185075306317707,0.8778409090909091,0.963125,na
9,0.1,sqsrules_greedywoalph,0.825071411568674,0.8713235294117647,0.7834821428571429,na
9,0.1,sqsrules_filter,-0.01,-0.01,-0.01,na
9,0.1,sqsrules_greedyalph,-0.01,-0.01,-0.01,na
15,0.5,secret,0.9404761904761904,0.9404761904761904,0.9404761904761905,20.263041400909422
15,0.5,cossu,0.4229902354311897,0.3224310776942355,0.6147023809523808,na
15,0.5,squish,0.6367924528301887,0.5113636363636364,0.84375,na
15,0.5,sqs,0.5625,0.421875,0.84375,na
15,0.5,poerma,0.08655701086404713,0.04564926372155288,0.8333333333333333,na
15,0.5,tns,0.5643397575466272,0.5568594104308391,0.5720238095238095,na
15,0.5,sqsrules_splitall,0.5625,0.421875,0.84375,na
15,0.5,sqsrules_splitgreedy,0.8231707317073171,0.8035714285714286,0.84375,na
15,0.5,sqsrules_greedywoalph,0.4875314333612741,0.6875,0.3776785714285714,na
15,0.5,sqsrules_filter,-0.01,-0.01,-0.01,na
15,0.5,sqsrules_greedyalph,-0.01,-0.01,-0.01,na
9,0.5,secret,0.9404761904761904,0.9404761904761904,0.9404761904761905,25.41814868450165
9,0.5,cossu,0.43742690058479516,0.33693693693693677,0.6233333333333332,na
9,0.5,squish,-0.01,-0.01,-0.01,na
9,0.5,sqs,0.5625,0.421875,0.84375,na
9,0.5,poerma,0.08870561700889411,0.046862907683803204,0.8280555555555555,na
9,0.5,tns,0.5612141810043576,0.5452380952380954,0.5781547619047619,na
9,0.5,sqsrules_splitall,0.5625,0.421875,0.84375,na
9,0.5,sqsrules_splitgreedy,0.8525247158828421,0.8175505050505051,0.890625,na
9,0.5,sqsrules_greedywoalph,0.581334332833583,0.6875,0.5035714285714284,na
9,0.5,sqsrules_filter,-0.01,-0.01,-0.01,na
9,0.5,sqsrules_greedyalph,-0.01,-0.01,-0.01,na
13,0.5,secret,0.9404761904761904,0.9404761904761904,0.9404761904761905,24.34612176815669
13,0.5,cossu,-0.01,-0.01,-0.01,na
13,0.5,squish,-0.01,-0.01,-0.01,na
13,0.5,sqs,0.5818965517241379,0.4440789473684211,0.84375,na
13,0.5,poerma,0.0863837352418289,0.04555288461538462,0.8333333333333333,na
13,0.5,tns,0.5780930060326395,0.5759637188208617,0.5802380952380952,na
13,0.5,sqsrules_splitall,0.5818965517241379,0.4440789473684211,0.84375,na
13,0.5,sqsrules_splitgreedy,0.8579753419379695,0.8416005291005291,0.875,na
13,0.5,sqsrules_greedywoalph,0.6572033898305084,0.6875,0.6294642857142856,na
13,0.5,sqsrules_filter,-0.01,-0.01,-0.01,na
13,0.5,sqsrules_greedyalph,-0.01,-0.01,-0.01,na
14,0.5,secret,0.9404761904761904,0.9404761904761904,0.9404761904761905,22.737240600585938
14,0.5,cossu,0.41434082435791203,0.32001879699248115,0.5874999999999998,na
14,0.5,squish,0.6490384615384616,0.52734375,0.84375,na
14,0.5,sqs,0.5818965517241379,0.4440789473684211,0.84375,na
14,0.5,poerma,0.09361445121616428,0.04959278650378127,0.8333333333333333,na
14,0.5,tns,0.5632162240642785,0.5489229024943312,0.5782738095238095,na
14,0.5,sqsrules_splitall,0.5818965517241379,0.4440789473684211,0.84375,na
14,0.5,sqsrules_splitgreedy,0.8278639618138424,0.7411858974358974,0.9375,na
14,0.5,sqsrules_greedywoalph,0.6572033898305084,0.6875,0.6294642857142856,na
14,0.5,sqsrules_filter,-0.01,-0.01,-0.01,na
14,0.5,sqsrules_greedyalph,-0.01,-0.01,-0.01,na
0,0.30000000000000004,secret,0.9404761904761904,0.9404761904761904,0.9404761904761905,17.13357977072398
0,0.30000000000000004,cossu,0.4966666666666665,0.41388888888888875,0.6208333333333331,na
0,0.30000000000000004,squish,0.703125,0.6026785714285714,0.84375,na
0,0.30000000000000004,sqs,0.6490384615384616,0.52734375,0.84375,na
0,0.30000000000000004,poerma,0.011161042953818609,0.005618144085383932,0.8333333333333333,na
0,0.30000000000000004,tns,0.5681777720808677,0.5527210884353744,0.5845238095238094,na
0,0.30000000000000004,sqsrules_splitall,0.6490384615384616,0.52734375,0.84375,na
0,0.30000000000000004,sqsrules_splitgreedy,0.975609756097561,0.9523809523809523,1.0,na
0,0.30000000000000004,sqsrules_greedywoalph,0.5370498614958449,0.6875,0.44062499999999993,na
0,0.30000000000000004,sqsrules_filter,-0.01,-0.01,-0.01,na
0,0.30000000000000004,sqsrules_greedyalph,-0.01,-0.01,-0.01,na
0,0.7,secret,0.9404761904761904,0.9404761904761904,0.9404761904761905,22.927871505419414
0,0.7,cossu,0.4197222222222221,0.3147916666666666,0.6295833333333332,na
0,0.7,squish,0.6136363636363635,0.48214285714285715,0.84375,na
0,0.7,sqs,0.5297557172557172,0.3860795454545455,0.84375,na
0,0.7,poerma,0.13841532716350058,0.07547587428065516,0.8333333333333333,na
0,0.7,tns,0.5683084203649155,0.5568594104308392,0.5802380952380952,na
0,0.7,sqsrules_splitall,0.5297557172557172,0.3860795454545455,0.84375,na
0,0.7,sqsrules_splitgreedy,0.8316395663956639,0.8118386243386243,0.8524305555555556,na
0,0.7,sqsrules_greedywoalph,0.6572033898305084,0.6875,0.6294642857142856,na
0,0.7,sqsrules_filter,-0.01,-0.01,-0.01,na
0,0.7,sqsrules_greedyalph,-0.01,-0.01,-0.01,na
17,0.1,secret,0.8941306755260243,0.8358178053830226,0.9611904761904763,12.027225661277772
17,0.1,cossu,0.6084142394822007,0.6666666666666667,0.5595238095238095,na
17,0.1,squish,0.8231707317073171,0.8035714285714286,0.84375,na
17,0.1,sqs,0.8201219512195123,0.8005952380952381,0.840625,na
17,0.1,poerma,-0.01,-0.01,-0.01,na
17,0.1,tns,0.5428258488499451,0.5249999999999998,0.5619047619047619,na
17,0.1,sqsrules_splitall,0.8201219512195123,0.8005952380952381,0.840625,na
17,0.1,sqsrules_splitgreedy,0.98125,0.98125,0.98125,na
17,0.1,sqsrules_greedywoalph,0.859375,0.859375,0.859375,na
17,0.1,sqsrules_filter,-0.01,-0.01,-0.01,na
17,0.1,sqsrules_greedyalph,-0.01,-0.01,-0.01,na
11,0.7,secret,0.9404761904761904,0.9404761904761904,0.9404761904761905,31.886927556991576
11,0.7,cossu,-0.01,-0.01,-0.01,na
11,0.7,squish,0.5720338983050848,0.4326923076923077,0.84375,na
11,0.7,sqs,0.5357142857142857,0.39244186046511625,0.84375,na
11,0.7,poerma,0.11456023651145604,0.06150793650793651,0.8333333333333333,na
11,0.7,tns,0.5673646176118241,0.5568594104308391,0.5782738095238095,na
11,0.7,sqsrules_splitall,0.5357142857142857,0.39244186046511625,0.84375,na
11,0.7,sqsrules_splitgreedy,0.84375,0.84375,0.84375,na
11,0.7,sqsrules_greedywoalph,0.6572033898305084,0.6875,0.6294642857142856,na
11,0.7,sqsrules_filter,-0.01,-0.01,-0.01,na
11,0.7,sqsrules_greedyalph,-0.01,-0.01,-0.01,na
2,0.7,secret,0.9404761904761904,0.9404761904761904,0.9404761904761905,33.787898405392966
2,0.7,cossu,-0.01,-0.01,-0.01,na
2,0.7,squish,0.5844323394495413,0.44703947368421054,0.84375,na
2,0.7,sqs,0.5357142857142857,0.39244186046511625,0.84375,na
2,0.7,poerma,0.10623983853787074,0.05673652694610779,0.8333333333333333,na
2,0.7,tns,0.5784715684456002,0.5825963718820864,0.5744047619047619,na
2,0.7,sqsrules_splitall,0.5357142857142857,0.39244186046511625,0.84375,na
2,0.7,sqsrules_splitgreedy,0.7848837209302325,0.7336956521739131,0.84375,na
2,0.7,sqsrules_greedywoalph,0.6560060089497081,0.6848845598845599,0.6294642857142856,na
2,0.7,sqsrules_filter,-0.01,-0.01,-0.01,na
2,0.7,sqsrules_greedyalph,-0.01,-0.01,-0.01,na
18,0.5,secret,0.9404761904761904,0.9404761904761904,0.9404761904761905,25.7286274989446
18,0.5,cossu,0.43567251461988293,0.3355855855855855,0.6208333333333331,na
18,0.5,squish,-0.01,-0.01,-0.01,na
18,0.5,sqs,0.5720338983050848,0.4326923076923077,0.84375,na
18,0.5,poerma,0.09598603839441537,0.05092592592592593,0.8333333333333333,na
18,0.5,tns,0.577577823562815,0.5689342403628119,0.5864880952380952,na
18,0.5,sqsrules_splitall,0.5720338983050848,0.4326923076923077,0.84375,na
18,0.5,sqsrules_splitgreedy,0.9037081066252115,0.8862433862433863,0.921875,na
18,0.5,sqsrules_greedywoalph,0.6211730153079387,0.6875,0.5665178571428571,na
18,0.5,sqsrules_filter,-0.01,-0.01,-0.01,na
18,0.5,sqsrules_greedyalph,-0.01,-0.01,-0.01,na
12,0.5,secret,0.9404761904761904,0.9404761904761904,0.9404761904761905,25.467202087243397
12,0.5,cossu,0.4281609195402298,0.3267543859649122,0.6208333333333331,na
12,0.5,squish,0.6136363636363635,0.48214285714285715,0.84375,na
12,0.5,sqs,0.5625,0.421875,0.84375,na
12,0.5,poerma,0.09005440236623884,0.04759910664433278,0.8333333333333333,na
12,0.5,tns,0.5589533694353961,0.5409863945578234,0.5781547619047619,na
12,0.5,sqsrules_splitall,0.5625,0.421875,0.84375,na
12,0.5,sqsrules_splitgreedy,0.8558098127143233,0.8106884057971014,0.90625,na
12,0.5,sqsrules_greedywoalph,0.6211730153079387,0.6875,0.5665178571428571,na
12,0.5,sqsrules_filter,-0.01,-0.01,-0.01,na
12,0.5,sqsrules_greedyalph,-0.01,-0.01,-0.01,na
8,0.1,secret,0.9472319008904373,0.9246787603930459,0.9709126984126983,12.124646997451782
8,0.1,cossu,0.6084853053218564,0.6583333333333333,0.5656547619047618,na
8,0.1,squish,0.8231707317073171,0.8035714285714286,0.84375,na
8,0.1,sqs,0.779908131643117,0.729727398205659,0.8375,na
8,0.1,poerma,-0.01,-0.01,-0.01,na
8,0.1,tns,0.5406542382348833,0.5230158730158728,0.5595238095238095,na
8,0.1,sqsrules_splitall,0.779908131643117,0.729727398205659,0.8375,na
8,0.1,sqsrules_splitgreedy,0.9378330373001776,0.9166666666666666,0.96,na
8,0.1,sqsrules_greedywoalph,0.7881284916201118,0.9715909090909091,0.6629464285714286,na
8,0.1,sqsrules_filter,-0.01,-0.01,-0.01,na
8,0.1,sqsrules_greedyalph,-0.01,-0.01,-0.01,na
8,0.8999999999999999,secret,0.8203410724172069,0.8320802005012531,0.8089285714285713,24.016294797261555
8,0.8999999999999999,cossu,-0.01,-0.01,-0.01,na
8,0.8999999999999999,squish,0.5443548387096774,0.4017857142857143,0.84375,na
8,0.8999999999999999,sqs,0.4963235294117647,0.3515625,0.84375,na
8,0.8999999999999999,poerma,0.16919248505779438,0.09422222222222222,0.8280555555555555,na
8,0.8999999999999999,tns,0.5320413753084383,0.546825396825397,0.5180357142857143,na
8,0.8999999999999999,sqsrules_splitall,0.4963235294117647,0.3515625,0.84375,na
8,0.8999999999999999,sqsrules_splitgreedy,0.8118386243386243,0.7749368686868686,0.8524305555555556,na
8,0.8999999999999999,sqsrules_greedywoalph,0.6211730153079387,0.6875,0.5665178571428571,na
8,0.8999999999999999,sqsrules_filter,-0.01,-0.01,-0.01,na
8,0.8999999999999999,sqsrules_greedyalph,-0.01,-0.01,-0.01,na
10,0.1,secret,0.8938722775932078,0.8355762594893028,0.9609126984126984,12.348275276025136
10,0.1,cossu,0.6084142394822007,0.6666666666666667,0.5595238095238095,na
10,0.1,squish,-0.01,-0.01,-0.01,na
10,0.1,sqs,0.7976190476190477,0.7613636363636364,0.8375,na
10,0.1,poerma,-0.01,-0.01,-0.01,na
10,0.1,tns,0.5368125109822526,0.5158730158730157,0.5595238095238095,na
10,0.1,sqsrules_splitall,0.7976190476190477,0.7613636363636364,0.8375,na
10,0.1,sqsrules_splitgreedy,0.96,0.96,0.96,na
10,0.1,sqsrules_greedywoalph,0.8187711864406779,0.8828125,0.7633928571428572,na
10,0.1,sqsrules_filter,-0.01,-0.01,-0.01,na
10,0.1,sqsrules_greedyalph,-0.01,-0.01,-0.01,na
16,0.8999999999999999,secret,0.8258081941541875,0.810959939531368,0.8412103174603175,32.32854840358098
16,0.8999999999999999,cossu,-0.01,-0.01,-0.01,na
16,0.8999999999999999,squish,0.5720338983050848,0.4326923076923077,0.84375,na
16,0.8999999999999999,sqs,0.5113636363636364,0.36684782608695654,0.84375,na
16,0.8999999999999999,poerma,0.15418701392656903,0.08495266567015447,0.8333333333333333,na
16,0.8999999999999999,tns,0.5294299822783505,0.5367346938775512,0.5223214285714286,na
16,0.8999999999999999,sqsrules_splitall,0.5113636363636364,0.36684782608695654,0.84375,na
16,0.8999999999999999,sqsrules_splitgreedy,0.7929586563307494,0.741243961352657,0.8524305555555556,na
16,0.8999999999999999,sqsrules_greedywoalph,0.6572033898305084,0.6875,0.6294642857142856,na
16,0.8999999999999999,sqsrules_filter,-0.01,-0.01,-0.01,na
16,0.8999999999999999,sqsrules_greedyalph,-0.01,-0.01,-0.01,na
4,0.8999999999999999,secret,0.8489659823757482,0.8340136054421772,0.8644642857142857,33.12024983167648
4,0.8999999999999999,cossu,-0.01,-0.01,-0.01,na
4,0.8999999999999999,squish,0.5532786885245901,0.4115853658536585,0.84375,na
4,0.8999999999999999,sqs,0.5113636363636364,0.36684782608695654,0.84375,na
4,0.8999999999999999,poerma,0.1764462382282935,0.0986689814814815,0.8333333333333333,na
4,0.8999999999999999,tns,0.5501678717823046,0.578231292517007,0.524702380952381,na
4,0.8999999999999999,sqsrules_splitall,0.5113636363636364,0.36684782608695654,0.84375,na
4,0.8999999999999999,sqsrules_splitgreedy,0.8019564414913253,0.7496549344375432,0.8621031746031746,na
4,0.8999999999999999,sqsrules_greedywoalph,0.5370498614958449,0.6875,0.44062499999999993,na
4,0.8999999999999999,sqsrules_filter,-0.01,-0.01,-0.01,na
4,0.8999999999999999,sqsrules_greedyalph,-0.01,-0.01,-0.01,na
2,0.30000000000000004,secret,0.9404761904761904,0.9404761904761904,0.9404761904761905,19.128741975625356
2,0.30000000000000004,cossu,0.4907605472519658,0.40841269841269834,0.6147023809523808,na
2,0.30000000000000004,squish,0.703125,0.6026785714285714,0.84375,na
2,0.30000000000000004,sqs,0.625,0.4963235294117647,0.84375,na
2,0.30000000000000004,poerma,0.6084142394822007,0.6666666666666667,0.5595238095238095,na
2,0.30000000000000004,tns,0.5563716702604884,0.5415532879818595,0.5720238095238095,na
2,0.30000000000000004,sqsrules_splitall,0.625,0.4963235294117647,0.84375,na
2,0.30000000000000004,sqsrules_splitgreedy,0.9418123275068998,0.9027777777777778,0.984375,na
2,0.30000000000000004,sqsrules_greedywoalph,0.6322314049586777,0.75,0.5464285714285715,na
2,0.30000000000000004,sqsrules_filter,-0.01,-0.01,-0.01,na
2,0.30000000000000004,sqsrules_greedyalph,-0.01,-0.01,-0.01,na
16,0.5,secret,0.9404761904761904,0.9404761904761904,0.9404761904761905,24.169436379273733
16,0.5,cossu,0.41388888888888875,0.31041666666666656,0.6208333333333331,na
16,0.5,squish,0.5921052631578947,0.4560810810810811,0.84375,na
16,0.5,sqs,0.5625,0.421875,0.84375,na
16,0.5,poerma,0.09433962264150944,0.05000000000000001,0.8333333333333333,na
16,0.5,tns,0.5651808199318067,0.550510204081633,0.5806547619047618,na
16,0.5,sqsrules_splitall,0.5625,0.421875,0.84375,na
16,0.5,sqsrules_splitgreedy,0.890625,0.890625,0.890625,na
16,0.5,sqsrules_greedywoalph,0.6211730153079387,0.6875,0.5665178571428571,na
16,0.5,sqsrules_filter,-0.01,-0.01,-0.01,na
16,0.5,sqsrules_greedyalph,-0.01,-0.01,-0.01,na
10,0.5,secret,0.9404761904761904,0.9404761904761904,0.9404761904761905,22.290314122041067
10,0.5,cossu,0.4074003360317702,0.31181318681318676,0.5874999999999998,na
10,0.5,squish,-0.01,-0.01,-0.01,na
10,0.5,sqs,0.5625,0.421875,0.84375,na
10,0.5,poerma,0.09116274594698612,0.04821882951653945,0.8333333333333333,na
10,0.5,tns,0.5745322846077675,0.5746598639455784,0.5744047619047619,na
10,0.5,sqsrules_splitall,0.5625,0.421875,0.84375,na
10,0.5,sqsrules_splitgreedy,0.859375,0.859375,0.859375,na
10,0.5,sqsrules_greedywoalph,0.5370498614958449,0.6875,0.44062499999999993,na
10,0.5,sqsrules_filter,-0.01,-0.01,-0.01,na
10,0.5,sqsrules_greedyalph,-0.01,-0.01,-0.01,na
8,0.30000000000000004,secret,0.9404761904761904,0.9404761904761904,0.9404761904761905,16.88204660018285
8,0.30000000000000004,cossu,0.5334983539102085,0.4712454212454211,0.6147023809523808,na
8,0.30000000000000004,squish,0.675,0.5625,0.84375,na
8,0.30000000000000004,sqs,0.625,0.4963235294117647,0.84375,na
8,0.30000000000000004,poerma,0.010094345520280901,0.005078125,0.8280555555555555,na
8,0.30000000000000004,tns,0.563365386629795,0.5492063492063493,0.5782738095238095,na
8,0.30000000000000004,sqsrules_splitall,0.625,0.4963235294117647,0.84375,na
8,0.30000000000000004,sqsrules_splitgreedy,0.9646849702317213,0.9457671957671957,0.984375,na
8,0.30000000000000004,sqsrules_greedywoalph,0.5370498614958449,0.6875,0.44062499999999993,na
8,0.30000000000000004,sqsrules_filter,-0.01,-0.01,-0.01,na
8,0.30000000000000004,sqsrules_greedyalph,-0.01,-0.01,-0.01,na
14,0.7,secret,0.9404761904761904,0.9404761904761904,0.9404761904761905,31.560213911533356
14,0.7,cossu,-0.01,-0.01,-0.01,na
14,0.7,squish,0.5818965517241379,0.4440789473684211,0.84375,na
14,0.7,sqs,0.52734375,0.3835227272727273,0.84375,na
14,0.7,poerma,0.12392789649658383,0.06694149980369063,0.8333333333333333,na
14,0.7,tns,0.5632162240642785,0.5489229024943312,0.5782738095238095,na
14,0.7,sqsrules_splitall,0.52734375,0.3835227272727273,0.84375,na
14,0.7,sqsrules_splitgreedy,0.8231707317073171,0.8035714285714286,0.84375,na
14,0.7,sqsrules_greedywoalph,0.6211730153079387,0.6875,0.5665178571428571,na
14,0.7,sqsrules_filter,-0.01,-0.01,-0.01,na
14,0.7,sqsrules_greedyalph,-0.01,-0.01,-0.01,na
11,0.8999999999999999,secret,0.8074392813416474,0.7458333333333335,0.8801388888888889,38.60496740341186
11,0.8999999999999999,cossu,-0.01,-0.01,-0.01,na
11,0.8999999999999999,squish,0.5532786885245901,0.4115853658536585,0.84375,na
11,0.8999999999999999,sqs,0.5037313432835822,0.35904255319148937,0.84375,na
11,0.8999999999999999,poerma,0.16421072907637485,0.09107905982905984,0.8333333333333333,na
11,0.8999999999999999,tns,0.5243069367577541,0.5329365079365082,0.5159523809523809,na
11,0.8999999999999999,sqsrules_splitall,0.5037313432835822,0.35904255319148937,0.84375,na
11,0.8999999999999999,sqsrules_splitgreedy,0.8231707317073171,0.8035714285714286,0.84375,na
11,0.8999999999999999,sqsrules_greedywoalph,0.6572033898305084,0.6875,0.6294642857142856,na
11,0.8999999999999999,sqsrules_filter,-0.01,-0.01,-0.01,na
11,0.8999999999999999,sqsrules_greedyalph,-0.01,-0.01,-0.01,na
12,0.1,secret,0.8735569985569986,0.8007605820105819,0.9609126984126984,14.706781506538391
12,0.1,cossu,0.6084142394822007,0.6666666666666667,0.5595238095238095,na
12,0.1,squish,0.84375,0.84375,0.84375,na
12,0.1,sqs,0.8035714285714286,0.7670454545454546,0.84375,na
12,0.1,poerma,-0.01,-0.01,-0.01,na
12,0.1,tns,0.5433974392383731,0.528174603174603,0.5595238095238095,na
12,0.1,sqsrules_splitall,0.8035714285714286,0.7670454545454546,0.84375,na
12,0.1,sqsrules_splitgreedy,1.0,1.0,1.0,na
12,0.1,sqsrules_greedywoalph,0.8062060889929743,0.9107142857142857,0.7232142857142858,na
12,0.1,sqsrules_filter,-0.01,-0.01,-0.01,na
12,0.1,sqsrules_greedyalph,-0.01,-0.01,-0.01,na
4,0.5,secret,0.9404761904761904,0.9404761904761904,0.9404761904761905,23.041333011786143
4,0.5,cossu,0.45151515151515137,0.35476190476190467,0.6208333333333331,na
4,0.5,squish,0.6367924528301887,0.5113636363636364,0.84375,na
4,0.5,sqs,0.5532786885245901,0.4115853658536585,0.84375,na
4,0.5,poerma,0.09799865542741895,0.05206043956043957,0.8333333333333333,na
4,0.5,tns,0.5654458153274462,0.5531746031746033,0.5782738095238095,na
4,0.5,sqsrules_splitall,0.5532786885245901,0.4115853658536585,0.84375,na
4,0.5,sqsrules_splitgreedy,0.8674060116236831,0.8317550505050505,0.90625,na
4,0.5,sqsrules_greedywoalph,0.6572033898305084,0.6875,0.6294642857142856,na
4,0.5,sqsrules_filter,-0.01,-0.01,-0.01,na
4,0.5,sqsrules_greedyalph,-0.01,-0.01,-0.01,na
19,0.30000000000000004,secret,0.9404761904761904,0.9404761904761904,0.9404761904761905,18.148967496554057
19,0.30000000000000004,cossu,0.5051115994796617,0.4317176870748299,0.6085714285714284,na
19,0.30000000000000004,squish,0.703125,0.6026785714285714,0.84375,na
19,0.30000000000000004,sqs,0.6617647058823529,0.5443548387096774,0.84375,na
19,0.30000000000000004,poerma,0.010305442191664313,0.005184779965961586,0.8333333333333333,na
19,0.30000000000000004,tns,0.5825635589638042,0.572732426303855,0.5927380952380952,na
19,0.30000000000000004,sqsrules_splitall,0.6617647058823529,0.5443548387096774,0.84375,na
19,0.30000000000000004,sqsrules_splitgreedy,0.9618055555555556,0.9618055555555556,0.9618055555555556,na
19,0.30000000000000004,sqsrules_greedywoalph,0.581334332833583,0.6875,0.5035714285714284,na
19,0.30000000000000004,sqsrules_filter,-0.01,-0.01,-0.01,na
19,0.30000000000000004,sqsrules_greedyalph,-0.01,-0.01,-0.01,na
13,0.8999999999999999,secret,0.8737512183270101,0.8224292615596963,0.931904761904762,37.00806364615758
13,0.8999999999999999,cossu,-0.01,-0.01,-0.01,na
13,0.8999999999999999,squish,-0.01,-0.01,-0.01,na
13,0.8999999999999999,sqs,0.48913043478260876,0.34438775510204084,0.84375,na
13,0.8999999999999999,poerma,0.14815780326729233,0.08130662851692895,0.8333333333333333,na
13,0.8999999999999999,tns,0.5601798792061708,0.5410997732426306,0.5806547619047618,na
13,0.8999999999999999,sqsrules_splitall,0.48913043478260876,0.34438775510204084,0.84375,na
13,0.8999999999999999,sqsrules_splitgreedy,0.8181063122923588,0.7647515527950312,0.8794642857142858,na
13,0.8999999999999999,sqsrules_greedywoalph,0.6572033898305084,0.6875,0.6294642857142856,na
13,0.8999999999999999,sqsrules_filter,-0.01,-0.01,-0.01,na
13,0.8999999999999999,sqsrules_greedyalph,-0.01,-0.01,-0.01,na
18,0.30000000000000004,secret,0.9404761904761904,0.9404761904761904,0.9404761904761905,19.320945978164673
18,0.30000000000000004,cossu,0.506802721088435,0.4281609195402297,0.6208333333333331,na
18,0.30000000000000004,squish,-0.01,-0.01,-0.01,na
18,0.30000000000000004,sqs,0.6367924528301887,0.5113636363636364,0.84375,na
18,0.30000000000000004,poerma,0.009867583396995162,0.004963176432917067,0.8333333333333333,na
18,0.30000000000000004,tns,0.5772923771274077,0.5743764172335601,0.5802380952380952,na
18,0.30000000000000004,sqsrules_splitall,0.6367924528301887,0.5113636363636364,0.84375,na
18,0.30000000000000004,sqsrules_splitgreedy,0.89917358671351,0.8275462962962963,0.984375,na
18,0.30000000000000004,sqsrules_greedywoalph,0.43179287305122493,0.6875,0.31473214285714285,na
18,0.30000000000000004,sqsrules_filter,-0.01,-0.01,-0.01,na
18,0.30000000000000004,sqsrules_greedyalph,-0.01,-0.01,-0.01,na
1,0.30000000000000004,secret,0.9404761904761904,0.9404761904761904,0.9404761904761905,17.050739022096
1,0.30000000000000004,cossu,0.48485165050720164,0.40293650793650787,0.6085714285714284,na
1,0.30000000000000004,squish,-0.01,-0.01,-0.01,na
1,0.30000000000000004,sqs,0.6490384615384616,0.52734375,0.84375,na
1,0.30000000000000004,poerma,0.009968628065954032,0.005014487611613743,0.8283333333333331,na
1,0.30000000000000004,tns,0.5642959200404215,0.5492063492063494,0.5802380952380952,na
1,0.30000000000000004,sqsrules_splitall,0.6490384615384616,0.52734375,0.84375,na
1,0.30000000000000004,sqsrules_splitgreedy,0.975609756097561,0.9523809523809523,1.0,na
1,0.30000000000000004,sqsrules_greedywoalph,0.581334332833583,0.6875,0.5035714285714284,na
1,0.30000000000000004,sqsrules_filter,-0.01,-0.01,-0.01,na
1,0.30000000000000004,sqsrules_greedyalph,-0.01,-0.01,-0.01,na
10,0.30000000000000004,secret,0.9404761904761904,0.9404761904761904,0.9404761904761905,16.803087377548216
10,0.30000000000000004,cossu,0.44884540913420723,0.355532212885154,0.6085714285714284,na
10,0.30000000000000004,squish,-0.01,-0.01,-0.01,na
10,0.30000000000000004,sqs,0.6367924528301887,0.5113636363636364,0.84375,na
10,0.30000000000000004,poerma,0.011161079580788543,0.005618162646632398,0.8333333333333333,na
10,0.30000000000000004,tns,0.5554631368826719,0.5455215419501135,0.5657738095238095,na
10,0.30000000000000004,sqsrules_splitall,0.6367924528301887,0.5113636363636364,0.84375,na
10,0.30000000000000004,sqsrules_splitgreedy,0.9494407694316302,0.9308862433862434,0.96875,na
10,0.30000000000000004,sqsrules_greedywoalph,0.5370498614958449,0.6875,0.44062499999999993,na
10,0.30000000000000004,sqsrules_filter,-0.01,-0.01,-0.01,na
10,0.30000000000000004,sqsrules_greedyalph,-0.01,-0.01,-0.01,na
18,0.8999999999999999,secret,0.8917945936926416,0.8961309523809527,0.8875,36.61769007841746
18,0.8999999999999999,cossu,-0.01,-0.01,-0.01,na
18,0.8999999999999999,squish,-0.01,-0.01,-0.01,na
18,0.8999999999999999,sqs,0.5037313432835822,0.35904255319148937,0.84375,na
18,0.8999999999999999,poerma,0.16141247751585724,0.08936058700209644,0.8333333333333333,na
18,0.8999999999999999,tns,0.49035532994923875,0.5250000000000002,0.4600000000000001,na
18,0.8999999999999999,sqsrules_splitall,0.5037313432835822,0.35904255319148937,0.84375,na
18,0.8999999999999999,sqsrules_splitgreedy,0.7848837209302325,0.7336956521739131,0.84375,na
18,0.8999999999999999,sqsrules_greedywoalph,0.6572033898305084,0.6875,0.6294642857142856,na
18,0.8999999999999999,sqsrules_filter,-0.01,-0.01,-0.01,na
18,0.8999999999999999,sqsrules_greedyalph,-0.01,-0.01,-0.01,na
12,0.7,secret,0.9404761904761904,0.9404761904761904,0.9404761904761905,32.93297667503357
12,0.7,cossu,-0.01,-0.01,-0.01,na
12,0.7,squish,0.6026785714285714,0.46875,0.84375,na
12,0.7,sqs,0.5192307692307693,0.375,0.84375,na
12,0.7,poerma,0.11631873379724383,0.06252291895856253,0.8333333333333333,na
12,0.7,tns,0.577577823562815,0.5689342403628119,0.5864880952380952,na
12,0.7,sqsrules_splitall,0.5192307692307693,0.375,0.84375,na
12,0.7,sqsrules_splitgreedy,0.8316395663956639,0.8118386243386243,0.8524305555555556,na
12,0.7,sqsrules_greedywoalph,0.6572033898305084,0.6875,0.6294642857142856,na
12,0.7,sqsrules_filter,-0.01,-0.01,-0.01,na
12,0.7,sqsrules_greedyalph,-0.01,-0.01,-0.01,na
13,0.7,secret,0.9404761904761904,0.9404761904761904,0.9404761904761905,25.676210884253184
13,0.7,cossu,-0.01,-0.01,-0.01,na
13,0.7,squish,-0.01,-0.01,-0.01,na
13,0.7,sqs,0.5357142857142857,0.39244186046511625,0.84375,na
13,0.7,poerma,0.11188522170396176,0.059968354430379754,0.8333333333333333,na
13,0.7,tns,0.556791477314335,0.5368480725623586,0.5782738095238095,na
13,0.7,sqsrules_splitall,0.5357142857142857,0.39244186046511625,0.84375,na
13,0.7,sqsrules_splitgreedy,0.84375,0.84375,0.84375,na
13,0.7,sqsrules_greedywoalph,0.6572033898305084,0.6875,0.6294642857142856,na
13,0.7,sqsrules_filter,-0.01,-0.01,-0.01,na
13,0.7,sqsrules_greedyalph,-0.01,-0.01,-0.01,na
3,0.1,secret,0.9523809523809522,0.9523809523809522,0.9523809523809523,12.028577363491058
3,0.1,cossu,0.6084142394822007,0.6666666666666667,0.5595238095238095,na
3,0.1,squish,0.8035714285714286,0.7670454545454546,0.84375,na
3,0.1,sqs,0.8148663124455884,0.7962490551776266,0.834375,na
3,0.1,poerma,-0.01,-0.01,-0.01,na
3,0.1,tns,0.5539125392277254,0.5484126984126982,0.5595238095238095,na
3,0.1,sqsrules_splitall,0.8148663124455884,0.7962490551776266,0.834375,na
3,0.1,sqsrules_splitgreedy,0.9412499999999999,0.9412499999999999,0.9412499999999999,na
3,0.1,sqsrules_greedywoalph,0.825071411568674,0.8713235294117647,0.7834821428571429,na
3,0.1,sqsrules_filter,-0.01,-0.01,-0.01,na
3,0.1,sqsrules_greedyalph,-0.01,-0.01,-0.01,na
15,0.8999999999999999,secret,0.7693970496225427,0.6891636141636143,0.8707738095238096,37.408048725128175
15,0.8999999999999999,cossu,-0.01,-0.01,-0.01,na
15,0.8999999999999999,squish,0.5492505353319058,0.4071428571428572,0.84375,na
15,0.8999999999999999,sqs,0.5113636363636364,0.36684782608695654,0.84375,na
15,0.8999999999999999,poerma,0.1548170344138745,0.08533533533533534,0.8333333333333333,na
15,0.8999999999999999,tns,0.3874763916742928,0.5247165532879821,0.30714285714285716,na
15,0.8999999999999999,sqsrules_splitall,0.5172258297258296,0.37105331262939956,0.853422619047619,na
15,0.8999999999999999,sqsrules_splitgreedy,0.8100313768918419,0.757203243616287,0.87078373015873,na
15,0.8999999999999999,sqsrules_greedywoalph,0.581334332833583,0.6875,0.5035714285714284,na
15,0.8999999999999999,sqsrules_filter,-0.01,-0.01,-0.01,na
15,0.8999999999999999,sqsrules_greedyalph,-0.01,-0.01,-0.01,na
16,0.7,secret,0.9404761904761904,0.9404761904761904,0.9404761904761905,29.46895126104355
16,0.7,cossu,-0.01,-0.01,-0.01,na
16,0.7,squish,0.5625,0.421875,0.84375,na
16,0.7,sqs,0.5357142857142857,0.39244186046511625,0.84375,na
16,0.7,poerma,0.1211869284389589,0.06534482758620691,0.8333333333333333,na
16,0.7,tns,0.556791477314335,0.5368480725623586,0.5782738095238095,na
16,0.7,sqsrules_splitall,0.5357142857142857,0.39244186046511625,0.84375,na
16,0.7,sqsrules_splitgreedy,0.8231707317073171,0.8035714285714286,0.84375,na
16,0.7,sqsrules_greedywoalph,0.6572033898305084,0.6875,0.6294642857142856,na
16,0.7,sqsrules_filter,-0.01,-0.01,-0.01,na
16,0.7,sqsrules_greedyalph,-0.01,-0.01,-0.01,na
5,0.30000000000000004,secret,0.9404761904761904,0.9404761904761904,0.9404761904761905,17.430165616671243
5,0.30000000000000004,cossu,0.506802721088435,0.4281609195402297,0.6208333333333331,na
5,0.30000000000000004,squish,0.6887755102040816,0.5818965517241379,0.84375,na
5,0.30000000000000004,sqs,0.625,0.4963235294117647,0.84375,na
5,0.30000000000000004,poerma,0.009344360226456872,0.0046985229276895945,0.8333333333333333,na
5,0.30000000000000004,tns,0.5589533694353961,0.5409863945578234,0.5781547619047619,na
5,0.30000000000000004,sqsrules_splitall,0.625,0.4963235294117647,0.84375,na
5,0.30000000000000004,sqsrules_splitgreedy,0.975609756097561,0.9523809523809523,1.0,na
5,0.30000000000000004,sqsrules_greedywoalph,0.5370498614958449,0.6875,0.44062499999999993,na
5,0.30000000000000004,sqsrules_filter,-0.01,-0.01,-0.01,na
5,0.30000000000000004,sqsrules_greedyalph,-0.01,-0.01,-0.01,na
4,0.7,secret,0.9404761904761904,0.9404761904761904,0.9404761904761905,22.657071594397227
4,0.7,cossu,-0.01,-0.01,-0.01,na
4,0.7,squish,0.625,0.4963235294117647,0.84375,na
4,0.7,sqs,0.52734375,0.3835227272727273,0.84375,na
4,0.7,poerma,0.13998670310999486,0.07641129032258066,0.8333333333333333,na
4,0.7,tns,0.5446306545631432,0.5251133786848076,0.5656547619047619,na
4,0.7,sqsrules_splitall,0.52734375,0.3835227272727273,0.84375,na
4,0.7,sqsrules_splitgreedy,0.8035714285714286,0.7670454545454546,0.84375,na
4,0.7,sqsrules_greedywoalph,0.6572033898305084,0.6875,0.6294642857142856,na
4,0.7,sqsrules_filter,-0.01,-0.01,-0.01,na
4,0.7,sqsrules_greedyalph,-0.01,-0.01,-0.01,na
18,0.7,secret,0.9404761904761904,0.9404761904761904,0.9404761904761905,31.85722833077113
18,0.7,cossu,-0.01,-0.01,-0.01,na
18,0.7,squish,-0.01,-0.01,-0.01,na
18,0.7,sqs,0.5443548387096774,0.4017857142857143,0.84375,na
18,0.7,poerma,0.11490766949723684,0.06170828809265292,0.8333333333333333,na
18,0.7,tns,0.5704557249347975,0.560997732426304,0.5802380952380952,na
18,0.7,sqsrules_splitall,0.5443548387096774,0.4017857142857143,0.84375,na
18,0.7,sqsrules_splitgreedy,0.8231707317073171,0.8035714285714286,0.84375,na
18,0.7,sqsrules_greedywoalph,0.6211730153079387,0.6875,0.5665178571428571,na
18,0.7,sqsrules_filter,-0.01,-0.01,-0.01,na
18,0.7,sqsrules_greedyalph,-0.01,-0.01,-0.01,na
1,0.5,secret,0.9404761904761904,0.9404761904761904,0.9404761904761905,23.108022475242613
1,0.5,cossu,0.43486590038314155,0.3318713450292396,0.6305555555555553,na
1,0.5,squish,0.6026785714285714,0.46875,0.84375,na
1,0.5,sqs,0.5818965517241379,0.4440789473684211,0.84375,na
1,0.5,poerma,0.08849726595839585,0.046746622553074164,0.8280555555555555,na
1,0.5,tns,0.556791477314335,0.5368480725623586,0.5782738095238095,na
1,0.5,sqsrules_splitall,0.5818965517241379,0.4440789473684211,0.84375,na
1,0.5,sqsrules_splitgreedy,0.8732196091421001,0.8564814814814815,0.890625,na
1,0.5,sqsrules_greedywoalph,0.6211730153079387,0.6875,0.5665178571428571,na
1,0.5,sqsrules_filter,-0.01,-0.01,-0.01,na
1,0.5,sqsrules_greedyalph,-0.01,-0.01,-0.01,na
7,0.1,secret,0.8930588216740907,0.8630772005772005,0.9251984126984129,13.203286731243134
7,0.1,cossu,0.5737538148524924,0.6666666666666666,0.5035714285714286,na
7,0.1,squish,0.8035714285714286,0.7670454545454546,0.84375,na
7,0.1,sqs,0.7828151113036587,0.7324447895100069,0.840625,na
7,0.1,poerma,-0.01,-0.01,-0.01,na
7,0.1,tns,0.5397817277986364,0.5396825396825395,0.5398809523809525,na
7,0.1,sqsrules_splitall,0.7828151113036587,0.7324447895100069,0.840625,na
7,0.1,sqsrules_splitgreedy,0.9380881672889816,0.9454365079365079,0.9308531746031747,na
7,0.1,sqsrules_greedywoalph,0.7846793673742859,0.86328125,0.7191964285714285,na
7,0.1,sqsrules_filter,-0.01,-0.01,-0.01,na
7,0.1,sqsrules_greedyalph,-0.01,-0.01,-0.01,na
19,0.5,secret,0.9404761904761904,0.9404761904761904,0.9404761904761905,24.589053336779276
19,0.5,cossu,0.4281609195402298,0.3267543859649122,0.6208333333333331,na
19,0.5,squish,0.6490384615384616,0.52734375,0.84375,na
19,0.5,sqs,0.5625,0.421875,0.84375,na
19,0.5,poerma,0.08862982242864417,0.04680384087791496,0.8333333333333333,na
19,0.5,tns,0.5560723471908438,0.5409863945578234,0.5720238095238095,na
19,0.5,sqsrules_splitall,0.5625,0.421875,0.84375,na
19,0.5,sqsrules_splitgreedy,0.8376434079368065,0.8033459595959596,0.875,na
19,0.5,sqsrules_greedywoalph,0.6211730153079387,0.6875,0.5665178571428571,na
19,0.5,sqsrules_filter,-0.01,-0.01,-0.01,na
19,0.5,sqsrules_greedyalph,-0.01,-0.01,-0.01,na
4,0.1,secret,0.9085789871504156,0.8672799422799421,0.9540079365079365,10.992568242549897
4,0.1,cossu,0.6084142394822007,0.6666666666666667,0.5595238095238095,na
4,0.1,squish,0.8231707317073171,0.8035714285714286,0.84375,na
4,0.1,sqs,0.8201219512195123,0.8005952380952381,0.840625,na
4,0.1,poerma,-0.01,-0.01,-0.01,na
4,0.1,tns,0.5406542382348833,0.5230158730158728,0.5595238095238095,na
4,0.1,sqsrules_splitall,0.8201219512195123,0.8005952380952381,0.840625,na
4,0.1,sqsrules_splitgreedy,0.97875,0.97875,0.97875,na
4,0.1,sqsrules_greedywoalph,0.8187711864406779,0.8828125,0.7633928571428572,na
4,0.1,sqsrules_filter,-0.01,-0.01,-0.01,na
4,0.1,sqsrules_greedyalph,-0.01,-0.01,-0.01,na
14,0.8999999999999999,secret,0.7856284381634203,0.7180952380952382,0.8671825396825398,36.89797613620758
14,0.8999999999999999,cossu,-0.01,-0.01,-0.01,na
14,0.8999999999999999,squish,0.5055933852140079,0.3609375000000001,0.84375,na
14,0.8999999999999999,sqs,0.4963235294117647,0.3515625,0.84375,na
14,0.8999999999999999,poerma,0.07689532314075678,0.04030732860520095,0.8333333333333333,na
14,0.8999999999999999,tns,0.4473441072379343,0.5008503401360547,0.4041666666666667,na
14,0.8999999999999999,sqsrules_splitall,0.4963235294117647,0.3515625,0.84375,na
14,0.8999999999999999,sqsrules_splitgreedy,0.8118386243386243,0.7749368686868686,0.8524305555555556,na
14,0.8999999999999999,sqsrules_greedywoalph,0.6572033898305084,0.6875,0.6294642857142856,na
14,0.8999999999999999,sqsrules_filter,-0.01,-0.01,-0.01,na
14,0.8999999999999999,sqsrules_greedyalph,-0.01,-0.01,-0.01,na
11,0.30000000000000004,secret,0.9404761904761904,0.9404761904761904,0.9404761904761905,17.829235724608104
11,0.30000000000000004,cossu,0.462946075488723,0.3712842712842712,0.6147023809523808,na
11,0.30000000000000004,squish,0.675,0.5625,0.84375,na
11,0.30000000000000004,sqs,0.6367924528301887,0.5113636363636364,0.84375,na
11,0.30000000000000004,poerma,0.010655717214139293,0.005362141082492059,0.8333333333333333,na
11,0.30000000000000004,tns,0.574530572511965,0.5689342403628119,0.5802380952380952,na
11,0.30000000000000004,sqsrules_splitall,0.6367924528301887,0.5113636363636364,0.84375,na
11,0.30000000000000004,sqsrules_splitgreedy,0.872093023255814,0.8152173913043478,0.9375,na
11,0.30000000000000004,sqsrules_greedywoalph,0.7043502318718382,0.7395833333333334,0.6723214285714285,na
11,0.30000000000000004,sqsrules_filter,-0.01,-0.01,-0.01,na
11,0.30000000000000004,sqsrules_greedyalph,-0.01,-0.01,-0.01,na
17,0.7,secret,0.9404761904761904,0.9404761904761904,0.9404761904761905,27.506405047575633
17,0.7,cossu,-0.01,-0.01,-0.01,na
17,0.7,squish,0.5921052631578947,0.4560810810810811,0.84375,na
17,0.7,sqs,0.5443548387096774,0.4017857142857143,0.84375,na
17,0.7,poerma,0.10445383814249833,0.055718954248366016,0.8333333333333333,na
17,0.7,tns,0.5601798792061708,0.5410997732426306,0.5806547619047618,na
17,0.7,sqsrules_splitall,0.5443548387096774,0.4017857142857143,0.84375,na
17,0.7,sqsrules_splitgreedy,0.7848837209302325,0.7336956521739131,0.84375,na
17,0.7,sqsrules_greedywoalph,0.581334332833583,0.6875,0.5035714285714284,na
17,0.7,sqsrules_filter,-0.01,-0.01,-0.01,na
17,0.7,sqsrules_greedyalph,-0.01,-0.01,-0.01,na
7,0.5,secret,0.9233449477351915,0.901360544217687,0.9464285714285714,24.065622536341348
7,0.5,cossu,0.4074003360317702,0.31181318681318676,0.5874999999999998,na
7,0.5,squish,0.6000682580514006,0.4723922902494331,0.8223214285714284,na
7,0.5,sqs,0.5357142857142857,0.39244186046511625,0.84375,na
7,0.5,poerma,0.10000499011971793,0.0533679571923198,0.7929166666666665,na
7,0.5,tns,0.5437348381521547,0.5646825396825398,0.5242857142857142,na
7,0.5,sqsrules_splitall,0.5357142857142857,0.39244186046511625,0.84375,na
7,0.5,sqsrules_splitgreedy,0.8336289310555755,0.8112373737373737,0.8572916666666666,na
7,0.5,sqsrules_greedywoalph,0.6211730153079387,0.6875,0.5665178571428571,na
7,0.5,sqsrules_filter,-0.01,-0.01,-0.01,na
7,0.5,sqsrules_greedyalph,-0.01,-0.01,-0.01,na
6,0.7,secret,0.9404761904761904,0.9404761904761904,0.9404761904761905,29.78418126900991
6,0.7,cossu,-0.01,-0.01,-0.01,na
6,0.7,squish,-0.01,-0.01,-0.01,na
6,0.7,sqs,0.5443548387096774,0.4017857142857143,0.84375,na
6,0.7,poerma,0.11490766949723684,0.06170828809265292,0.8333333333333333,na
6,0.7,tns,0.5683084203649155,0.5568594104308392,0.5802380952380952,na
6,0.7,sqsrules_splitall,0.5443548387096774,0.4017857142857143,0.84375,na
6,0.7,sqsrules_splitgreedy,0.8316395663956639,0.8118386243386243,0.8524305555555556,na
6,0.7,sqsrules_greedywoalph,0.6572033898305084,0.6875,0.6294642857142856,na
6,0.7,sqsrules_filter,-0.01,-0.01,-0.01,na
6,0.7,sqsrules_greedyalph,-0.01,-0.01,-0.01,na
1,0.8999999999999999,secret,0.7854640985757809,0.7616341991341993,0.8108333333333334,31.09925410350164
1,0.8999999999999999,cossu,-0.01,-0.01,-0.01,na
1,0.8999999999999999,squish,0.5084241823587711,0.3638297872340426,0.84375,na
1,0.8999999999999999,sqs,0.4963235294117647,0.3515625,0.84375,na
1,0.8999999999999999,poerma,0.15521178425122376,0.08563131313131313,0.8280555555555555,na
1,0.8999999999999999,tns,0.5008655663585241,0.540873015873016,0.4663690476190476,na
1,0.8999999999999999,sqsrules_splitall,0.4963235294117647,0.3515625,0.84375,na
1,0.8999999999999999,sqsrules_splitgreedy,0.799512987012987,0.7328869047619048,0.8794642857142858,na
1,0.8999999999999999,sqsrules_greedywoalph,0.6199959928863112,0.6846230158730159,0.5665178571428571,na
1,0.8999999999999999,sqsrules_filter,-0.01,-0.01,-0.01,na
1,0.8999999999999999,sqsrules_greedyalph,-0.01,-0.01,-0.01,na
0,0.5,secret,0.9404761904761904,0.9404761904761904,0.9404761904761905,18.547667729854584
0,0.5,cossu,0.43811533726874813,0.3403439153439153,0.6147023809523808,na
0,0.5,squish,0.6367924528301887,0.5113636363636364,0.84375,na
0,0.5,sqs,0.5720338983050848,0.4326923076923077,0.84375,na
0,0.5,poerma,0.09983263696265347,0.05309679427326487,0.8333333333333333,na
0,0.5,tns,0.5661084048563477,0.5489229024943312,0.5844047619047619,na
0,0.5,sqsrules_splitall,0.5720338983050848,0.4326923076923077,0.84375,na
0,0.5,sqsrules_splitgreedy,0.8716778159464835,0.8396464646464646,0.90625,na
0,0.5,sqsrules_greedywoalph,0.6211730153079387,0.6875,0.5665178571428571,na
0,0.5,sqsrules_filter,-0.01,-0.01,-0.01,na
0,0.5,sqsrules_greedyalph,-0.01,-0.01,-0.01,na
11,0.1,secret,0.9240030971738287,0.9020030234315948,0.9471031746031745,13.708549225330353
11,0.1,cossu,0.6084142394822007,0.6666666666666667,0.5595238095238095,na
11,0.1,squish,0.8231707317073171,0.8035714285714286,0.84375,na
11,0.1,sqs,0.8014357769062983,0.7657377344877344,0.840625,na
11,0.1,poerma,-0.01,-0.01,-0.01,na
11,0.1,tns,0.5465305135116456,0.534126984126984,0.5595238095238095,na
11,0.1,sqsrules_splitall,0.8014357769062983,0.7657377344877344,0.840625,na
11,0.1,sqsrules_splitgreedy,0.9619759645619907,0.9457671957671957,0.97875,na
11,0.1,sqsrules_greedywoalph,0.8187711864406779,0.8828125,0.7633928571428572,na
11,0.1,sqsrules_filter,-0.01,-0.01,-0.01,na
11,0.1,sqsrules_greedyalph,-0.01,-0.01,-0.01,na
2,0.1,secret,0.8263802622498274,0.7310286935286935,0.9503373015873015,14.012771145502727
2,0.1,cossu,0.6084142394822007,0.6666666666666667,0.5595238095238095,na
2,0.1,squish,0.84375,0.84375,0.84375,na
2,0.1,sqs,0.8231707317073171,0.8035714285714286,0.84375,na
2,0.1,poerma,-0.01,-0.01,-0.01,na
2,0.1,tns,0.5395921864889914,0.5210317460317458,0.5595238095238095,na
2,0.1,sqsrules_splitall,0.8231707317073171,0.8035714285714286,0.84375,na
2,0.1,sqsrules_splitgreedy,0.975609756097561,0.9523809523809523,1.0,na
2,0.1,sqsrules_greedywoalph,0.83134684147795,0.8611111111111112,0.8035714285714286,na
2,0.1,sqsrules_filter,-0.01,-0.01,-0.01,na
2,0.1,sqsrules_greedyalph,-0.01,-0.01,-0.01,na
0,0.1,secret,0.9416957026713123,0.9192743764172333,0.9652380952380952,13.847759958108266
0,0.1,cossu,0.6084142394822007,0.6666666666666667,0.5595238095238095,na
0,0.1,squish,0.8201219512195123,0.8005952380952381,0.840625,na
0,0.1,sqs,0.7336956521739131,0.6490384615384616,0.84375,na
0,0.1,poerma,-0.01,-0.01,-0.01,na
0,0.1,tns,0.5395921864889914,0.5210317460317458,0.5595238095238095,na
0,0.1,sqsrules_splitall,0.7336956521739131,0.6490384615384616,0.84375,na
0,0.1,sqsrules_splitgreedy,1.0,1.0,1.0,na
0,0.1,sqsrules_greedywoalph,0.793966697080292,0.9479166666666666,0.6830357142857143,na
0,0.1,sqsrules_filter,-0.01,-0.01,-0.01,na
0,0.1,sqsrules_greedyalph,-0.01,-0.01,-0.01,na
9,0.30000000000000004,secret,0.9404761904761904,0.9404761904761904,0.9404761904761905,17.702579581737517
9,0.30000000000000004,cossu,0.4947777502770443,0.41239417989417976,0.6182936507936507,na
9,0.30000000000000004,squish,-0.01,-0.01,-0.01,na
9,0.30000000000000004,sqs,0.6617647058823529,0.5443548387096774,0.84375,na
9,0.30000000000000004,poerma,0.011460046879464815,0.005769950655096137,0.8280555555555555,na
9,0.30000000000000004,tns,0.5768886131232992,0.5798185941043086,0.5739880952380952,na
9,0.30000000000000004,sqsrules_splitall,0.6617647058823529,0.5443548387096774,0.84375,na
9,0.30000000000000004,sqsrules_splitgreedy,0.96875,0.96875,0.96875,na
9,0.30000000000000004,sqsrules_greedywoalph,0.43179287305122493,0.6875,0.31473214285714285,na
9,0.30000000000000004,sqsrules_filter,-0.01,-0.01,-0.01,na
9,0.30000000000000004,sqsrules_greedyalph,-0.01,-0.01,-0.01,na
10,0.8999999999999999,secret,0.9045946463380674,0.9170634920634922,0.8924603174603174,32.49870694478353
10,0.8999999999999999,cossu,-0.01,-0.01,-0.01,na
10,0.8999999999999999,squish,-0.01,-0.01,-0.01,na
10,0.8999999999999999,sqs,0.5192307692307693,0.375,0.84375,na
10,0.8999999999999999,poerma,0.075407981046341,0.03949074074074075,0.8333333333333333,na
10,0.8999999999999999,tns,0.48860976156766284,0.5208616780045354,0.46011904761904765,na
10,0.8999999999999999,sqsrules_splitall,0.5192307692307693,0.375,0.84375,na
10,0.8999999999999999,sqsrules_splitgreedy,0.7885380110584725,0.7436162870945479,0.8392361111111111,na
10,0.8999999999999999,sqsrules_greedywoalph,0.6572033898305084,0.6875,0.6294642857142856,na
10,0.8999999999999999,sqsrules_filter,-0.01,-0.01,-0.01,na
10,0.8999999999999999,sqsrules_greedyalph,-0.01,-0.01,-0.01,na
11,0.5,secret,0.9404761904761904,0.9404761904761904,0.9404761904761905,20.681152550379434
11,0.5,cossu,0.428956256030878,0.33779761904761896,0.5874999999999998,na
11,0.5,squish,0.6490384615384616,0.52734375,0.84375,na
11,0.5,sqs,0.5720338983050848,0.4326923076923077,0.84375,na
11,0.5,poerma,0.10388106988362884,0.055393112410656274,0.8333333333333333,na
11,0.5,tns,0.577577823562815,0.5689342403628119,0.5864880952380952,na
11,0.5,sqsrules_splitall,0.5720338983050848,0.4326923076923077,0.84375,na
11,0.5,sqsrules_splitgreedy,0.8525247158828421,0.8175505050505051,0.890625,na
11,0.5,sqsrules_greedywoalph,0.6572033898305084,0.6875,0.6294642857142856,na
11,0.5,sqsrules_filter,-0.01,-0.01,-0.01,na
11,0.5,sqsrules_greedyalph,-0.01,-0.01,-0.01,na
3,0.30000000000000004,secret,0.9404761904761904,0.9404761904761904,0.9404761904761905,19.01717201471329
3,0.30000000000000004,cossu,0.4907605472519658,0.40841269841269834,0.6147023809523808,na
3,0.30000000000000004,squish,0.6887755102040816,0.5818965517241379,0.84375,na
3,0.30000000000000004,sqs,0.6617647058823529,0.5443548387096774,0.84375,na
3,0.30000000000000004,poerma,0.010786371689582575,0.005428316951363045,0.8333333333333333,na
3,0.30000000000000004,tns,0.5602353197581661,0.5489229024943312,0.5720238095238095,na
3,0.30000000000000004,sqsrules_splitall,0.6617647058823529,0.5443548387096774,0.84375,na
3,0.30000000000000004,sqsrules_splitgreedy,0.9774305555555556,0.9774305555555556,0.9774305555555556,na
3,0.30000000000000004,sqsrules_greedywoalph,0.581334332833583,0.6875,0.5035714285714284,na
3,0.30000000000000004,sqsrules_filter,-0.01,-0.01,-0.01,na
3,0.30000000000000004,sqsrules_greedyalph,-0.01,-0.01,-0.01,na
2,0.5,secret,0.9404761904761904,0.9404761904761904,0.9404761904761905,25.91966608365377
2,0.5,cossu,0.4209039548022597,0.31837606837606824,0.6208333333333331,na
2,0.5,squish,0.6367924528301887,0.5113636363636364,0.84375,na
2,0.5,sqs,0.5720338983050848,0.4326923076923077,0.84375,na
2,0.5,poerma,0.10331454886990245,0.05507105943152455,0.8333333333333333,na
2,0.5,tns,0.5726457011262815,0.565249433106576,0.5802380952380952,na
2,0.5,sqsrules_splitall,0.5720338983050848,0.4326923076923077,0.84375,na
2,0.5,sqsrules_splitgreedy,0.8567955026211717,0.8254419191919191,0.890625,na
2,0.5,sqsrules_greedywoalph,0.6211730153079387,0.6875,0.5665178571428571,na
2,0.5,sqsrules_filter,-0.01,-0.01,-0.01,na
2,0.5,sqsrules_greedyalph,-0.01,-0.01,-0.01,na
6,0.1,secret,0.9242740998838559,0.9022675736961451,0.9473809523809523,11.182785789171854
6,0.1,cossu,0.6084142394822007,0.6666666666666667,0.5595238095238095,na
6,0.1,squish,0.840625,0.840625,0.840625,na
6,0.1,sqs,0.7819767441860466,0.7309782608695652,0.840625,na
6,0.1,poerma,-0.01,-0.01,-0.01,na
6,0.1,tns,0.5406542382348833,0.5230158730158728,0.5595238095238095,na
6,0.1,sqsrules_splitall,0.7819767441860466,0.7309782608695652,0.840625,na
6,0.1,sqsrules_splitgreedy,0.9573170731707317,0.9345238095238095,0.98125,na
6,0.1,sqsrules_greedywoalph,0.8187711864406779,0.8828125,0.7633928571428572,na
6,0.1,sqsrules_filter,-0.01,-0.01,-0.01,na
6,0.1,sqsrules_greedyalph,-0.01,-0.01,-0.01,na
18,0.1,secret,0.9523809523809522,0.9523809523809522,0.9523809523809523,12.27267572482427
18,0.1,cossu,0.6084142394822007,0.6666666666666667,0.5595238095238095,na
18,0.1,squish,-0.01,-0.01,-0.01,na
18,0.1,sqs,0.7670454545454546,0.703125,0.84375,na
18,0.1,poerma,-0.01,-0.01,-0.01,na
18,0.1,tns,0.5493278322159189,0.5373015873015872,0.5619047619047619,na
18,0.1,sqsrules_splitall,0.7670454545454546,0.703125,0.84375,na
18,0.1,sqsrules_splitgreedy,1.0,1.0,1.0,na
18,0.1,sqsrules_greedywoalph,0.84375,0.84375,0.84375,na
18,0.1,sqsrules_filter,-0.01,-0.01,-0.01,na
18,0.1,sqsrules_greedyalph,-0.01,-0.01,-0.01,na
5,0.1,secret,0.9642857142857141,0.9642857142857141,0.9642857142857142,13.28085281054179
5,0.1,cossu,0.6084142394822007,0.6666666666666667,0.5595238095238095,na
5,0.1,squish,0.84375,0.84375,0.84375,na
5,0.1,sqs,0.800595238095238,0.7642045454545454,0.840625,na
5,0.1,poerma,-0.01,-0.01,-0.01,na
5,0.1,tns,0.5433974392383731,0.528174603174603,0.5595238095238095,na
5,0.1,sqsrules_splitall,0.800595238095238,0.7642045454545454,0.840625,na
5,0.1,sqsrules_splitgreedy,0.98125,0.98125,0.98125,na
5,0.1,sqsrules_greedywoalph,0.825071411568674,0.8713235294117647,0.7834821428571429,na
5,0.1,sqsrules_filter,-0.01,-0.01,-0.01,na
5,0.1,sqsrules_greedyalph,-0.01,-0.01,-0.01,na
9,0.7,secret,0.9404761904761904,0.9404761904761904,0.9404761904761905,34.4944207072258
9,0.7,cossu,-0.01,-0.01,-0.01,na
9,0.7,squish,-0.01,-0.01,-0.01,na
9,0.7,sqs,0.5443548387096774,0.4017857142857143,0.84375,na
9,0.7,poerma,0.1252790796994166,0.06776578737010391,0.8280555555555555,na
9,0.7,tns,0.5560723471908438,0.5409863945578234,0.5720238095238095,na
9,0.7,sqsrules_splitall,0.5443548387096774,0.4017857142857143,0.84375,na
9,0.7,sqsrules_splitgreedy,0.84375,0.84375,0.84375,na
9,0.7,sqsrules_greedywoalph,0.581334332833583,0.6875,0.5035714285714284,na
9,0.7,sqsrules_filter,-0.01,-0.01,-0.01,na
9,0.7,sqsrules_greedyalph,-0.01,-0.01,-0.01,na
1,0.7,secret,0.9404761904761904,0.9404761904761904,0.9404761904761905,29.760574654738107
1,0.7,cossu,-0.01,-0.01,-0.01,na
1,0.7,squish,-0.01,-0.01,-0.01,na
1,0.7,sqs,0.5532786885245901,0.4115853658536585,0.84375,na
1,0.7,poerma,0.1252790796994166,0.06776578737010391,0.8280555555555555,na
1,0.7,tns,0.560530420371955,0.5494897959183676,0.5720238095238095,na
1,0.7,sqsrules_splitall,0.5532786885245901,0.4115853658536585,0.84375,na
1,0.7,sqsrules_splitgreedy,0.8231707317073171,0.8035714285714286,0.84375,na
1,0.7,sqsrules_greedywoalph,0.6211730153079387,0.6875,0.5665178571428571,na
1,0.7,sqsrules_filter,-0.01,-0.01,-0.01,na
1,0.7,sqsrules_greedyalph,-0.01,-0.01,-0.01,na
14,0.30000000000000004,secret,0.9404761904761904,0.9404761904761904,0.9404761904761905,16.761618494987488
14,0.30000000000000004,cossu,0.4543622251417093,0.36036414565826325,0.6147023809523808,na
14,0.30000000000000004,squish,0.703125,0.6026785714285714,0.84375,na
14,0.30000000000000004,sqs,0.6617647058823529,0.5443548387096774,0.84375,na
14,0.30000000000000004,poerma,0.6084142394822007,0.6666666666666667,0.5595238095238095,na
14,0.30000000000000004,tns,0.5496235568453072,0.5289115646258506,0.5720238095238095,na
14,0.30000000000000004,sqsrules_splitall,0.6617647058823529,0.5443548387096774,0.84375,na
14,0.30000000000000004,sqsrules_splitgreedy,0.975609756097561,0.9523809523809523,1.0,na
14,0.30000000000000004,sqsrules_greedywoalph,0.581334332833583,0.6875,0.5035714285714284,na
14,0.30000000000000004,sqsrules_filter,-0.01,-0.01,-0.01,na
14,0.30000000000000004,sqsrules_greedyalph,-0.01,-0.01,-0.01,na
15,0.7,secret,0.9404761904761904,0.9404761904761904,0.9404761904761905,33.422742970784505
15,0.7,cossu,-0.01,-0.01,-0.01,na
15,0.7,squish,0.5818965517241379,0.4440789473684211,0.84375,na
15,0.7,sqs,0.52734375,0.3835227272727273,0.84375,na
15,0.7,poerma,0.10474259737068438,0.055883316945263856,0.8333333333333333,na
15,0.7,tns,0.558309866301342,0.5452380952380954,0.5720238095238095,na
15,0.7,sqsrules_splitall,0.52734375,0.3835227272727273,0.84375,na
15,0.7,sqsrules_splitgreedy,0.8010335917312662,0.748792270531401,0.861111111111111,na
15,0.7,sqsrules_greedywoalph,0.6572033898305084,0.6875,0.6294642857142856,na
15,0.7,sqsrules_filter,-0.01,-0.01,-0.01,na
15,0.7,sqsrules_greedyalph,-0.01,-0.01,-0.01,na
8,0.7,secret,0.9404761904761904,0.9404761904761904,0.9404761904761905,26.843873592217765
8,0.7,cossu,-0.01,-0.01,-0.01,na
8,0.7,squish,0.5443548387096774,0.4017857142857143,0.84375,na
8,0.7,sqs,0.5192307692307693,0.375,0.84375,na
8,0.7,poerma,0.11292298438562852,0.06059306895319757,0.8280555555555555,na
8,0.7,tns,0.5632162240642785,0.5489229024943312,0.5782738095238095,na
8,0.7,sqsrules_splitall,0.5192307692307693,0.375,0.84375,na
8,0.7,sqsrules_splitgreedy,0.8231707317073171,0.8035714285714286,0.84375,na
8,0.7,sqsrules_greedywoalph,0.6211730153079387,0.6875,0.5665178571428571,na
8,0.7,sqsrules_filter,-0.01,-0.01,-0.01,na
8,0.7,sqsrules_greedyalph,-0.01,-0.01,-0.01,na
6,0.8999999999999999,secret,0.7722483500839843,0.7727513227513227,0.7717460317460316,40.22648251056671
6,0.8999999999999999,cossu,-0.01,-0.01,-0.01,na
6,0.8999999999999999,squish,-0.01,-0.01,-0.01,na
6,0.8999999999999999,sqs,0.4821428571428572,0.3375,0.84375,na
6,0.8999999999999999,poerma,0.0765844675021336,0.04013653483992467,0.8333333333333333,na
6,0.8999999999999999,tns,0.49374994466385946,0.5245464852607713,0.4663690476190476,na
6,0.8999999999999999,sqsrules_splitall,0.4821428571428572,0.3375,0.84375,na
6,0.8999999999999999,sqsrules_splitgreedy,0.8181809581169395,0.8061696900982616,0.8305555555555555,na
6,0.8999999999999999,sqsrules_greedywoalph,0.6572033898305084,0.6875,0.6294642857142856,na
6,0.8999999999999999,sqsrules_filter,-0.01,-0.01,-0.01,na
6,0.8999999999999999,sqsrules_greedyalph,-0.01,-0.01,-0.01,na
15,0.1,secret,0.882798080472499,0.8252242926155968,0.9490079365079366,11.975835883617401
15,0.1,cossu,0.6084142394822007,0.6666666666666667,0.5595238095238095,na
15,0.1,squish,0.8035714285714286,0.7670454545454546,0.84375,na
15,0.1,sqs,0.7819767441860466,0.7309782608695652,0.840625,na
15,0.1,poerma,-0.01,-0.01,-0.01,na
15,0.1,tns,0.5406542382348833,0.5230158730158728,0.5595238095238095,na
15,0.1,sqsrules_splitall,0.7819767441860466,0.7309782608695652,0.840625,na
15,0.1,sqsrules_splitgreedy,0.9185075306317707,0.8778409090909091,0.963125,na
15,0.1,sqsrules_greedywoalph,0.8375779990184392,0.8519736842105263,0.8236607142857142,na
15,0.1,sqsrules_filter,-0.01,-0.01,-0.01,na
15,0.1,sqsrules_greedyalph,-0.01,-0.01,-0.01,na
4,0.30000000000000004,secret,0.9404761904761904,0.9404761904761904,0.9404761904761905,13.345421091715496
4,0.30000000000000004,cossu,0.4966666666666665,0.41388888888888875,0.6208333333333331,na
4,0.30000000000000004,squish,0.703125,0.6026785714285714,0.84375,na
4,0.30000000000000004,sqs,0.6490384615384616,0.52734375,0.84375,na
4,0.30000000000000004,poerma,0.008593322484152108,0.004318929615057179,0.8333333333333333,na
4,0.30000000000000004,tns,0.56744517324495,0.5549319727891158,0.5805357142857143,na
4,0.30000000000000004,sqsrules_splitall,0.6490384615384616,0.52734375,0.84375,na
4,0.30000000000000004,sqsrules_splitgreedy,0.96875,0.96875,0.96875,na
4,0.30000000000000004,sqsrules_greedywoalph,0.6818546231961518,0.7159090909090909,0.650892857142857,na
4,0.30000000000000004,sqsrules_filter,-0.01,-0.01,-0.01,na
4,0.30000000000000004,sqsrules_greedyalph,-0.01,-0.01,-0.01,na
5,0.7,secret,0.9404761904761904,0.9404761904761904,0.9404761904761905,35.41174231767654
5,0.7,cossu,-0.01,-0.01,-0.01,na
5,0.7,squish,0.5818965517241379,0.4440789473684211,0.84375,na
5,0.7,sqs,0.5357142857142857,0.39244186046511625,0.84375,na
5,0.7,poerma,0.11456023651145604,0.06150793650793651,0.8333333333333333,na
5,0.7,tns,0.5560723471908438,0.5409863945578234,0.5720238095238095,na
5,0.7,sqsrules_splitall,0.5357142857142857,0.39244186046511625,0.84375,na
5,0.7,sqsrules_splitgreedy,0.8231707317073171,0.8035714285714286,0.84375,na
5,0.7,sqsrules_greedywoalph,0.6572033898305084,0.6875,0.6294642857142856,na
5,0.7,sqsrules_filter,-0.01,-0.01,-0.01,na
5,0.7,sqsrules_greedyalph,-0.01,-0.01,-0.01,na
7,0.30000000000000004,secret,0.9464285714285714,0.9464285714285714,0.9464285714285714,17.791530899206798
7,0.30000000000000004,cossu,0.4811727591097218,0.42517006802721086,0.5541666666666665,na
7,0.30000000000000004,squish,0.703125,0.6026785714285714,0.84375,na
7,0.30000000000000004,sqs,0.625,0.4963235294117647,0.84375,na
7,0.30000000000000004,poerma,0.010431115969944775,0.005249063496486177,0.8170833333333333,na
7,0.30000000000000004,tns,0.5499419279907086,0.5368480725623586,0.5636904761904762,na
7,0.30000000000000004,sqsrules_splitall,0.625,0.4963235294117647,0.84375,na
7,0.30000000000000004,sqsrules_splitgreedy,0.9374999999999999,0.8948863636363636,0.984375,na
7,0.30000000000000004,sqsrules_greedywoalph,0.581334332833583,0.6875,0.5035714285714284,na
7,0.30000000000000004,sqsrules_filter,-0.01,-0.01,-0.01,na
7,0.30000000000000004,sqsrules_greedyalph,-0.01,-0.01,-0.01,na
19,0.7,secret,0.9404761904761904,0.9404761904761904,0.9404761904761905,30.960289923350015
19,0.7,cossu,-0.01,-0.01,-0.01,na
19,0.7,squish,0.6026785714285714,0.46875,0.84375,na
19,0.7,sqs,0.52734375,0.3835227272727273,0.84375,na
19,0.7,poerma,0.12481161201586119,0.0674574930802689,0.8333333333333333,na
19,0.7,tns,0.5560723471908438,0.5409863945578234,0.5720238095238095,na
19,0.7,sqsrules_splitall,0.52734375,0.3835227272727273,0.84375,na
19,0.7,sqsrules_splitgreedy,0.8035714285714286,0.7670454545454546,0.84375,na
19,0.7,sqsrules_greedywoalph,0.6572033898305084,0.6875,0.6294642857142856,na
19,0.7,sqsrules_filter,-0.01,-0.01,-0.01,na
19,0.7,sqsrules_greedyalph,-0.01,-0.01,-0.01,na
5,0.5,secret,0.9404761904761904,0.9404761904761904,0.9404761904761905,27.416859646638233
5,0.5,cossu,-0.01,-0.01,-0.01,na
5,0.5,squish,0.6136363636363635,0.48214285714285715,0.84375,na
5,0.5,sqs,0.5625,0.421875,0.84375,na
5,0.5,poerma,0.08635972243326749,0.04553952991452992,0.8333333333333333,na
5,0.5,tns,0.5624496919634804,0.5453514739229026,0.5806547619047618,na
5,0.5,sqsrules_splitall,0.5625,0.421875,0.84375,na
5,0.5,sqsrules_splitgreedy,0.8227620871230253,0.7891414141414141,0.859375,na
5,0.5,sqsrules_greedywoalph,0.6572033898305084,0.6875,0.6294642857142856,na
5,0.5,sqsrules_filter,-0.01,-0.01,-0.01,na
5,0.5,sqsrules_greedyalph,-0.01,-0.01,-0.01,na
3,0.7,secret,0.9404761904761904,0.9404761904761904,0.9404761904761905,31.251215362548827
3,0.7,cossu,-0.01,-0.01,-0.01,na
3,0.7,squish,0.5818965517241379,0.4440789473684211,0.84375,na
3,0.7,sqs,0.5113636363636364,0.36684782608695654,0.84375,na
3,0.7,poerma,0.11670875161667797,0.06274834437086094,0.8333333333333333,na
3,0.7,tns,0.5560723471908438,0.5409863945578234,0.5720238095238095,na
3,0.7,sqsrules_splitall,0.5113636363636364,0.36684782608695654,0.84375,na
3,0.7,sqsrules_splitgreedy,0.8010335917312662,0.748792270531401,0.861111111111111,na
3,0.7,sqsrules_greedywoalph,0.6572033898305084,0.6875,0.6294642857142856,na
3,0.7,sqsrules_filter,-0.01,-0.01,-0.01,na
3,0.7,sqsrules_greedyalph,-0.01,-0.01,-0.01,na
19,0.8999999999999999,secret,0.7783611836292889,0.7193948412698413,0.8478571428571428,40.45824193159739
19,0.8999999999999999,cossu,-0.01,-0.01,-0.01,na
19,0.8999999999999999,squish,0.5720338983050848,0.4326923076923077,0.84375,na
19,0.8999999999999999,sqs,0.49865459882583174,0.35390625000000003,0.84375,na
19,0.8999999999999999,poerma,0.14651825895771067,0.08032015065913373,0.8333333333333333,na
19,0.8999999999999999,tns,0.49562545478465686,0.5287981859410433,0.4663690476190476,na
19,0.8999999999999999,sqsrules_splitall,0.49865459882583174,0.35390625000000003,0.84375,na
19,0.8999999999999999,sqsrules_splitgreedy,0.780864197530864,0.7027777777777777,0.8784722222222221,na
19,0.8999999999999999,sqsrules_greedywoalph,0.6560060089497081,0.6848845598845599,0.6294642857142856,na
19,0.8999999999999999,sqsrules_filter,-0.01,-0.01,-0.01,na
19,0.8999999999999999,sqsrules_greedyalph,-0.01,-0.01,-0.01,na
14,0.1,secret,0.9583333333333333,0.9583333333333333,0.9583333333333333,11.032812937100728
14,0.1,cossu,0.6084142394822007,0.6666666666666667,0.5595238095238095,na
14,0.1,squish,0.840625,0.840625,0.840625,na
14,0.1,sqs,0.7642045454545455,0.7005208333333334,0.840625,na
14,0.1,poerma,-0.01,-0.01,-0.01,na
14,0.1,tns,0.5444456005271737,0.5301587301587299,0.5595238095238095,na
14,0.1,sqsrules_splitall,0.7642045454545455,0.7005208333333334,0.840625,na
14,0.1,sqsrules_splitgreedy,0.9561257505522198,0.9345238095238095,0.97875,na
14,0.1,sqsrules_greedywoalph,0.8375779990184392,0.8519736842105263,0.8236607142857142,na
14,0.1,sqsrules_filter,-0.01,-0.01,-0.01,na
14,0.1,sqsrules_greedyalph,-0.01,-0.01,-0.01,na
6,0.30000000000000004,secret,0.9404761904761904,0.9404761904761904,0.9404761904761905,16.912156585852305
6,0.30000000000000004,cossu,0.4869281045751632,0.400537634408602,0.6208333333333331,na
6,0.30000000000000004,squish,0.6887755102040816,0.5818965517241379,0.84375,na
6,0.30000000000000004,sqs,0.625,0.4963235294117647,0.84375,na
6,0.30000000000000004,poerma,0.010740292791090284,0.005404977016959899,0.8333333333333333,na
6,0.30000000000000004,tns,0.5825635589638042,0.572732426303855,0.5927380952380952,na
6,0.30000000000000004,sqsrules_splitall,0.625,0.4963235294117647,0.84375,na
6,0.30000000000000004,sqsrules_splitgreedy,0.8779761904761906,0.8380681818181818,0.921875,na
6,0.30000000000000004,sqsrules_greedywoalph,0.6211730153079387,0.6875,0.5665178571428571,na
6,0.30000000000000004,sqsrules_filter,-0.01,-0.01,-0.01,na
6,0.30000000000000004,sqsrules_greedyalph,-0.01,-0.01,-0.01,na
15,0.30000000000000004,secret,0.9404761904761904,0.9404761904761904,0.9404761904761905,20.83246966600418
15,0.30000000000000004,cossu,0.4907605472519658,0.40841269841269834,0.6147023809523808,na
15,0.30000000000000004,squish,0.6887755102040816,0.5818965517241379,0.84375,na
15,0.30000000000000004,sqs,0.625,0.4963235294117647,0.84375,na
15,0.30000000000000004,poerma,0.008894662159342266,0.00447119293000813,0.8333333333333333,na
15,0.30000000000000004,tns,0.5653296707426948,0.5530612244897961,0.5781547619047619,na
15,0.30000000000000004,sqsrules_splitall,0.625,0.4963235294117647,0.84375,na
15,0.30000000000000004,sqsrules_splitgreedy,0.9646849702317213,0.9457671957671957,0.984375,na
15,0.30000000000000004,sqsrules_greedywoalph,0.581334332833583,0.6875,0.5035714285714284,na
15,0.30000000000000004,sqsrules_filter,-0.01,-0.01,-0.01,na
15,0.30000000000000004,sqsrules_greedyalph,-0.01,-0.01,-0.01,na
7,0.7,secret,0.9275020242296468,0.9404761904761904,0.9148809523809524,31.071281063556672
7,0.7,cossu,-0.01,-0.01,-0.01,na
7,0.7,squish,-0.01,-0.01,-0.01,na
7,0.7,sqs,0.5037313432835822,0.35904255319148937,0.84375,na
7,0.7,poerma,0.1332505095695415,0.07273702273702273,0.7929166666666665,na
7,0.7,tns,0.5326740462729822,0.5287981859410433,0.5366071428571428,na
7,0.7,sqsrules_splitall,0.5037313432835822,0.35904255319148937,0.84375,na
7,0.7,sqsrules_splitgreedy,0.8231214072764925,0.8118386243386243,0.8347222222222221,na
7,0.7,sqsrules_greedywoalph,0.6485682401066796,0.6846230158730159,0.6161210317460317,na
7,0.7,sqsrules_filter,-0.01,-0.01,-0.01,na
7,0.7,sqsrules_greedyalph,-0.01,-0.01,-0.01,na
3,0.5,secret,0.9404761904761904,0.9404761904761904,0.9404761904761905,23.152743629614513
3,0.5,cossu,0.40919148663366256,0.3156954887218045,0.5813690476190475,na
3,0.5,squish,0.5720338983050848,0.4326923076923077,0.84375,na
3,0.5,sqs,0.5532786885245901,0.4115853658536585,0.84375,na
3,0.5,poerma,0.08660513945153464,0.04567603748326641,0.8333333333333333,na
3,0.5,tns,0.574530572511965,0.5689342403628119,0.5802380952380952,na
3,0.5,sqsrules_splitall,0.5532786885245901,0.4115853658536585,0.84375,na
3,0.5,sqsrules_splitgreedy,0.8181922975584051,0.7566550925925926,0.890625,na
3,0.5,sqsrules_greedywoalph,0.6572033898305084,0.6875,0.6294642857142856,na
3,0.5,sqsrules_filter,-0.01,-0.01,-0.01,na
3,0.5,sqsrules_greedyalph,-0.01,-0.01,-0.01,na
6,0.5,secret,0.9404761904761904,0.9404761904761904,0.9404761904761905,25.227572544415793
6,0.5,cossu,0.4209039548022597,0.31837606837606824,0.6208333333333331,na
6,0.5,squish,-0.01,-0.01,-0.01,na
6,0.5,sqs,0.6026785714285714,0.46875,0.84375,na
6,0.5,poerma,0.6084142394822007,0.6666666666666667,0.5595238095238095,na
6,0.5,tns,0.5632162240642785,0.5489229024943312,0.5782738095238095,na
6,0.5,sqsrules_splitall,0.6026785714285714,0.46875,0.84375,na
6,0.5,sqsrules_splitgreedy,0.859375,0.859375,0.859375,na
6,0.5,sqsrules_greedywoalph,0.6211730153079387,0.6875,0.5665178571428571,na
6,0.5,sqsrules_filter,-0.01,-0.01,-0.01,na
6,0.5,sqsrules_greedyalph,-0.01,-0.01,-0.01,na
3,0.8999999999999999,secret,0.8031445676639553,0.7672360248447206,0.842579365079365,35.04570023616155
3,0.8999999999999999,cossu,-0.01,-0.01,-0.01,na
3,0.8999999999999999,squish,0.4821428571428572,0.3375,0.84375,na
3,0.8999999999999999,sqs,0.506082423038729,0.361436170212766,0.84375,na
3,0.8999999999999999,poerma,0.16496909549926006,0.09154589371980677,0.8333333333333333,na
3,0.8999999999999999,tns,0.4901398113354464,0.5166099773242633,0.46625000000000005,na
3,0.8999999999999999,sqsrules_splitall,0.506082423038729,0.361436170212766,0.84375,na
3,0.8999999999999999,sqsrules_splitgreedy,0.8231707317073171,0.8035714285714286,0.84375,na
3,0.8999999999999999,sqsrules_greedywoalph,0.6572033898305084,0.6875,0.6294642857142856,na
3,0.8999999999999999,sqsrules_filter,-0.01,-0.01,-0.01,na
3,0.8999999999999999,sqsrules_greedyalph,-0.01,-0.01,-0.01,na
17,0.8999999999999999,secret,0.7770062655798388,0.7603535353535353,0.7944047619047618,37.950391149520875
17,0.8999999999999999,cossu,-0.01,-0.01,-0.01,na
17,0.8999999999999999,squish,0.4963235294117647,0.3515625,0.84375,na
17,0.8999999999999999,sqs,0.4844344106463878,0.33975,0.84375,na
17,0.8999999999999999,poerma,0.1663739266198283,0.0924119241192412,0.8333333333333333,na
17,0.8999999999999999,tns,0.4850230736959867,0.5129251700680274,0.4600000000000001,na
17,0.8999999999999999,sqsrules_splitall,0.4844344106463878,0.33975,0.84375,na
17,0.8999999999999999,sqsrules_splitgreedy,0.798611111111111,0.7320601851851851,0.8784722222222221,na
17,0.8999999999999999,sqsrules_greedywoalph,0.6560060089497081,0.6848845598845599,0.6294642857142856,na
17,0.8999999999999999,sqsrules_filter,-0.01,-0.01,-0.01,na
17,0.8999999999999999,sqsrules_greedyalph,-0.01,-0.01,-0.01,na
0,0.8999999999999999,secret,0.7989705536314657,0.7360945767195769,0.8735912698412699,33.25526328086853
0,0.8999999999999999,cossu,-0.01,-0.01,-0.01,na
0,0.8999999999999999,squish,0.5405690200210748,0.3976744186046512,0.84375,na
0,0.8999999999999999,sqs,0.48913043478260876,0.34438775510204084,0.84375,na
0,0.8999999999999999,poerma,0.16492551750822212,0.09151905528717123,0.8333333333333333,na
0,0.8999999999999999,tns,0.5113086972343092,0.5129251700680274,0.509702380952381,na
0,0.8999999999999999,sqsrules_splitall,0.48913043478260876,0.34438775510204084,0.84375,na
0,0.8999999999999999,sqsrules_splitgreedy,0.8410762679055361,0.821050642479214,0.8621031746031746,na
0,0.8999999999999999,sqsrules_greedywoalph,0.6572033898305084,0.6875,0.6294642857142856,na
0,0.8999999999999999,sqsrules_filter,-0.01,-0.01,-0.01,na
0,0.8999999999999999,sqsrules_greedyalph,-0.01,-0.01,-0.01,na
8,0.5,secret,0.9404761904761904,0.9404761904761904,0.9404761904761905,23.652953827381133
8,0.5,cossu,0.44249512670565283,0.3408408408408407,0.6305555555555553,na
8,0.5,squish,0.6490384615384616,0.52734375,0.84375,na
8,0.5,sqs,0.5532786885245901,0.4115853658536585,0.84375,na
8,0.5,poerma,0.10032888364357369,0.053399433427762044,0.8280555555555555,na
8,0.5,tns,0.5752256404482787,0.5640022675736963,0.5869047619047618,na
8,0.5,sqsrules_splitall,0.5532786885245901,0.4115853658536585,0.84375,na
8,0.5,sqsrules_splitgreedy,0.8951936405258957,0.8439009661835748,0.953125,na
8,0.5,sqsrules_greedywoalph,0.6211730153079387,0.6875,0.5665178571428571,na
8,0.5,sqsrules_filter,-0.01,-0.01,-0.01,na
8,0.5,sqsrules_greedyalph,-0.01,-0.01,-0.01,na
1,0.1,secret,0.9049464747139165,0.8459282263630089,0.9728174603174603,11.589100527763367
1,0.1,cossu,0.6084142394822007,0.6666666666666667,0.5595238095238095,na
1,0.1,squish,0.84375,0.84375,0.84375,na
1,0.1,sqs,0.8035714285714286,0.7670454545454546,0.84375,na
1,0.1,poerma,-0.01,-0.01,-0.01,na
1,0.1,tns,0.5395921864889914,0.5210317460317458,0.5595238095238095,na
1,0.1,sqsrules_splitall,0.8035714285714286,0.7670454545454546,0.84375,na
1,0.1,sqsrules_splitgreedy,1.0,1.0,1.0,na
1,0.1,sqsrules_greedywoalph,0.8062060889929743,0.9107142857142857,0.7232142857142858,na
1,0.1,sqsrules_filter,-0.01,-0.01,-0.01,na
1,0.1,sqsrules_greedyalph,-0.01,-0.01,-0.01,na
13,0.1,secret,0.9073885109599396,0.8661435786435786,0.9527579365079367,13.330356856187185
13,0.1,cossu,0.6084142394822007,0.6666666666666667,0.5595238095238095,na
13,0.1,squish,0.8179150960278473,0.799225245653817,0.8375,na
13,0.1,sqs,0.7650400684399236,0.7019262566137566,0.840625,na
13,0.1,poerma,-0.01,-0.01,-0.01,na
13,0.1,tns,0.5433974392383731,0.528174603174603,0.5595238095238095,na
13,0.1,sqsrules_splitall,0.7650400684399236,0.7019262566137566,0.840625,na
13,0.1,sqsrules_splitgreedy,0.9420731707317073,0.9196428571428571,0.965625,na
13,0.1,sqsrules_greedywoalph,0.8124716295960056,0.8958333333333334,0.7433035714285715,na
13,0.1,sqsrules_filter,-0.01,-0.01,-0.01,na
13,0.1,sqsrules_greedyalph,-0.01,-0.01,-0.01,na
10,0.7,secret,0.9404761904761904,0.9404761904761904,0.9404761904761905,32.10354668696721
10,0.7,cossu,-0.01,-0.01,-0.01,na
10,0.7,squish,0.5443548387096774,0.4017857142857143,0.84375,na
10,0.7,sqs,0.5037313432835822,0.35904255319148937,0.84375,na
10,0.7,poerma,0.11890569115893834,0.06402027027027028,0.8333333333333333,na
10,0.7,tns,0.573402876569696,0.560997732426304,0.5863690476190476,na
10,0.7,sqsrules_splitall,0.5037313432835822,0.35904255319148937,0.84375,na
10,0.7,sqsrules_splitgreedy,0.8231707317073171,0.8035714285714286,0.84375,na
10,0.7,sqsrules_greedywoalph,0.6572033898305084,0.6875,0.6294642857142856,na
10,0.7,sqsrules_filter,-0.01,-0.01,-0.01,na
10,0.7,sqsrules_greedyalph,-0.01,-0.01,-0.01,na
2,0.8999999999999999,secret,0.8178431889926415,0.7684610075914425,0.8740079365079365,37.900469076633456
2,0.8999999999999999,cossu,-0.01,-0.01,-0.01,na
2,0.8999999999999999,squish,0.5160965794768612,0.3717391304347826,0.84375,na
2,0.8999999999999999,sqs,0.4821428571428572,0.3375,0.84375,na
2,0.8999999999999999,poerma,0.07570916320516918,0.039655973965597405,0.8333333333333333,na
2,0.8999999999999999,tns,0.4328847022680042,0.5307823129251703,0.36547619047619057,na
2,0.8999999999999999,sqsrules_splitall,0.4821428571428572,0.3375,0.84375,na
2,0.8999999999999999,sqsrules_splitgreedy,0.8201058201058201,0.7828282828282828,0.861111111111111,na
2,0.8999999999999999,sqsrules_greedywoalph,0.6572033898305084,0.6875,0.6294642857142856,na
2,0.8999999999999999,sqsrules_filter,-0.01,-0.01,-0.01,na
2,0.8999999999999999,sqsrules_greedyalph,-0.01,-0.01,-0.01,na
12,0.8999999999999999,secret,0.820446012285073,0.8057256235827666,0.8357142857142857,29.65969309012095
12,0.8999999999999999,cossu,-0.01,-0.01,-0.01,na
12,0.8999999999999999,squish,0.4821428571428572,0.3375,0.84375,na
12,0.8999999999999999,sqs,0.5037313432835822,0.35904255319148937,0.84375,na
12,0.8999999999999999,poerma,0.14643992098256464,0.08027306967984935,0.8333333333333333,na
12,0.8999999999999999,tns,0.5726457011262815,0.565249433106576,0.5802380952380952,na
12,0.8999999999999999,sqsrules_splitall,0.5037313432835822,0.35904255319148937,0.84375,na
12,0.8999999999999999,sqsrules_splitgreedy,0.8010335917312662,0.748792270531401,0.861111111111111,na
12,0.8999999999999999,sqsrules_greedywoalph,0.6572033898305084,0.6875,0.6294642857142856,na
12,0.8999999999999999,sqsrules_filter,-0.01,-0.01,-0.01,na
12,0.8999999999999999,sqsrules_greedyalph,-0.01,-0.01,-0.01,na
